$ bun run build:senpi-plugin && tsgo --noEmit -p packages/omo-senpi/tsconfig.json && bun test --timeout 20000 packages/omo-senpi && bun test ./.agents/skills/senpi-qa/scripts/resolve-evidence-dir.test.mjs
$ bun run build:lsp-daemon && bun run build:ast-grep-mcp && bun run build:senpi-plugin:stage
$ npm --prefix packages/lsp-daemon ci && npm --prefix packages/lsp-daemon run build

added 57 packages, and audited 60 packages in 1s

14 packages are looking for funding
  run `npm fund` for details

found 0 vulnerabilities
npm warn install-scripts 1 package has install scripts not yet covered by allowScripts:
npm warn install-scripts   fsevents@2.3.3 (install: (install scripts present))
npm warn install-scripts
npm warn install-scripts Run `npm install-scripts ls` to review, or `npm install-scripts approve <pkg>` to allow.

> @code-yeongyu/lsp-daemon@0.1.0 build
> node scripts/build.mjs

Bundled 83 modules in 12ms

  cli.js     251.59 KB  (entry point)
  index.js   232.42 KB  (entry point)
  client.js  230.0 KB   (entry point)

$ bun run --cwd packages/ast-grep-mcp build
$ bun build src/cli.ts --outdir dist --target node --format esm
Bundled 103 modules in 11ms

  cli.js  85.14 KB  (entry point)

$ bun run build:materialize-frontend && node packages/omo-senpi/plugin/scripts/stage-lsp-daemon-runtime.mjs && node packages/omo-senpi/plugin/scripts/stage-ast-grep-mcp-runtime.mjs && node packages/omo-senpi/plugin/scripts/stage-x-search-skill.mjs && node packages/omo-senpi/plugin/scripts/build-extension.mjs && node packages/omo-senpi/plugin/scripts/build-daemon-launch-spec.mjs && node packages/omo-senpi/plugin/scripts/sync-skills.mjs && node packages/omo-senpi/plugin/scripts/embed-directive.mjs --check && node packages/omo-senpi/plugin/scripts/build-install.mjs
$ node packages/omo-codex/plugin/scripts/materialize-shared-upstreams.mjs --strict
[materialize] wrote 148 frontend reference files from submodules
Staged Senpi LSP runtime: /Users/cminseo/Developer/omo-model-latest/packages/omo-senpi/plugin/runtime/lsp-daemon/dist
Staged Senpi ast-grep MCP runtime: /Users/cminseo/Developer/omo-model-latest/packages/omo-senpi/plugin/runtime/ast-grep-mcp/cli.js
Staged x-search conditional skill: /Users/cminseo/Developer/omo-model-latest/packages/omo-senpi/plugin/skills-conditional/x-search/SKILL.md
Bundled 47 modules in 12ms

  sdk.js  113.56 KB  (entry point)

Bundled 1056 modules in 68ms

  omo.js  1.90 MB  (entry point)

Bundled 826 modules in 79ms

  omo-task.js  1.38 MB  (entry point)

Bundled 219 modules in 22ms

  omo-member.js  0.28 MB  (entry point)

Bundled 151 modules in 11ms

  memory-run-supervisor.mjs  42.40 KB  (entry point)

Bundled 178 modules in 13ms

  omo-init-deep-advisor.js  89.33 KB  (entry point)

Built omo-senpi extensions: /Users/cminseo/Developer/omo-model-latest/packages/omo-senpi/plugin/extensions/omo.js, /Users/cminseo/Developer/omo-model-latest/packages/omo-senpi/plugin/extensions/omo-task.js, /Users/cminseo/Developer/omo-model-latest/packages/omo-senpi/plugin/extensions/omo-member.js, /Users/cminseo/Developer/omo-model-latest/packages/omo-senpi/plugin/extensions/memory-run-supervisor.mjs, /Users/cminseo/Developer/omo-model-latest/packages/omo-senpi/plugin/extensions/omo-init-deep-advisor.js
Built omo-senpi daemon launch spec: /Users/cminseo/Developer/omo-model-latest/packages/omo-senpi/plugin/daemon-launch-spec.json
synced omo-senpi skills to /Users/cminseo/Developer/omo-model-latest/packages/omo-senpi/plugin/skills
generated directive is current: /Users/cminseo/Developer/omo-model-latest/packages/omo-senpi/src/components/ultrawork/generated-directive.ts
Bundled 7 modules in 8ms

  install.mjs  21.00 KB  (entry point)

Built omo-senpi installer: /Users/cminseo/Developer/omo-model-latest/packages/omo-senpi/plugin/scripts/install.mjs
bun test v1.4.2 (744846f84)

packages/omo-senpi/src/bundle-lazy-barrel.test.ts:
(pass) built bundles keep their lazy barrels loadable > keeps omo-task's pi-tui warm-up in the published artifact (#7355) [8.79ms]
(pass) built bundles keep their lazy barrels loadable > #given a built bundle reaching the pi-tui barrel #when the artifact is inspected #then its dynamic import survived minification [5.22ms]
(pass) built bundles keep their lazy barrels loadable > #given a built bundle reaching the pi-tui barrel #when the guard is inspected #then it is conditional, not an unconditional throw [4.41ms]
(pass) built bundles keep their lazy barrels loadable > #given a built bundle reaching the senpi barrel #when the artifact is inspected #then its dynamic import survived minification [2.79ms]
(pass) built bundles keep their lazy barrels loadable > #given a built bundle reaching the senpi barrel #when the guard is inspected #then it is conditional, not an unconditional throw [3.12ms]

packages/omo-senpi/src/omo-native-capture-path.audit.test.ts:
(pass) OmO Native telemetry capture path > #given every native telemetry module #when direct transport calls are scanned #then only the validated forwarding boundary is sanctioned [1.35ms]
(pass) OmO Native telemetry capture path > #given a new direct transport capture outside the boundary #when the audit scans it #then the bypass is rejected [1.01ms]

packages/omo-senpi/src/package-shape.test.ts:
(pass) omo-senpi package shape > #given the senpi adapter manifest #when audited #then it declares the package contract [0.85ms]
(pass) omo-senpi package shape > #given the packaged senpi plugin manifest #when audited #then license and notice files ship with generated artifacts [0.27ms]
(pass) omo-senpi package shape > #given root workspace metadata #when audited #then the senpi adapter is registered [0.24ms]

packages/omo-senpi/src/bundle-size.test.ts:
(pass) omo-senpi bundle size budget > #given the built extension #when its byte size is measured #then it stays within the documented byte budget [0.19ms]

packages/omo-senpi/src/runtime-package.test.ts:
(pass) Senpi LSP daemon runtime staging > #given daemon build outputs #when staged #then manifest pins sorted outputs and verifies [16.92ms]
(pass) Senpi LSP daemon runtime staging > #given a tampered staged output #when verified #then manifest mismatch is rejected [11.95ms]
(pass) Senpi LSP daemon runtime staging > #given an existing staged runtime #when replacement fails after backup #then prior bytes are restored [12.35ms]

packages/omo-senpi/src/plugin-manifest.test.ts:
(pass) OMO Senpi plugin manifest > #given a Pi package manifest #when loaded #then it points at exactly one bundled extension and no manifest skills [0.28ms]
(pass) OMO Senpi plugin manifest > #given the plugin is the harness itself #when the engine resolves it from the command line #then the manifest declares a system package [0.14ms]
(pass) OMO Senpi plugin manifest > #given the Senpi package is one generated runtime unit #when loaded #then npm dependency and workspace surfaces stay absent [0.13ms]
(pass) OMO Senpi plugin manifest > #given package metadata #when loaded #then Pi discoverability and shipped files are pinned [0.16ms]
(pass) OMO Senpi plugin manifest > #given root and adapter versions #when compared #then the plugin manifest stays in lockstep [0.25ms]

packages/omo-senpi/src/skills-sync.test.ts:
(pass) OMO Senpi scoped skill sync > #given the telemetry builtin skill allowlist #when compared with packaged skills #then it stays exact and frozen [1.06ms]
(pass) OMO Senpi scoped skill sync > #given synced skill output #when inspected #then exactly 25 roots exist with valid names [2.23ms]
(pass) OMO Senpi scoped skill sync > #given synced skill roots #when frontmatter is parsed #then every root skill has name, description, and valid values [1.51ms]
(pass) OMO Senpi scoped skill sync > #given codex-derived and native skill roots #when scanned #then no Codex or multi-agent harness guidance survives [2.13ms]
(pass) OMO Senpi scoped skill sync > #given native senpi skills #when synced output is compared #then they ship verbatim modulo blank-line normalization [0.83ms]
(pass) OMO Senpi scoped skill sync > #given ulw-research skill #when synced #then the X / social lane bullet is shipped [0.14ms]
(pass) OMO Senpi scoped skill sync > #given ulw-execute skill #when inspected #then session ids reference senpi, not codex [0.14ms]
(pass) OMO Senpi scoped skill sync > #given ulw-execute skill #when inspected #then the senpi banner advertises senpi watcher tools, not a codex wait idiom [0.19ms]
(pass) OMO Senpi scoped skill sync > #given synced skill tree #when inspected #then no codex-only display metadata is packaged [7.89ms]
(pass) OMO Senpi scoped skill sync > #given ported orchestration skills #when scanned #then no foreign-harness delegation guidance survives [1.06ms]
(pass) OMO Senpi scoped skill sync > #given the synced review-work skill #when its body task targets are scanned #then it dispatches exactly one gate reviewer [0.31ms]
(pass) OMO Senpi scoped skill sync > #given shipped task examples #when targets are scanned #then every agent and category exists in Senpi [24.29ms]
(pass) OMO Senpi scoped skill sync > #given the synced skill output #when scanned #then no retired persona name or OpenCode-only agent id ships [64.37ms]
(pass) OMO Senpi scoped skill sync > #given frontend skill #when inspected #then materialized design references exist [0.16ms]

packages/omo-senpi/src/senpi-main-runtime-import-audit.test.ts:
(pass) #given omo-senpi source #when imports are audited #then the main Senpi entry is type-only [46.64ms]

packages/omo-senpi/src/runtime-dependency-resolution.test.ts:
(pass) omo-senpi local-path runtime dependencies > packageNameOf resolves package names from subpath imports [0.19ms]
(pass) omo-senpi local-path runtime dependencies > #given a symlinked plugin without host hoisting #when Node imports its runtime dependencies #then each resolves from the real path [596.05ms]

packages/omo-senpi/src/bundled-skill-disable.test.ts:
omo-senpi memory component skipped: missing ExtensionAPI capabilities {
  missing: [ "appendEntry", "registerEntryRenderer" ],
}
config-watch skipped: events capability missing
(pass) bundled skill disable on the Native surface > #given an empty config #when the Native skill set resolves #then frontend and visual-qa are bundled [19.73ms]
omo-senpi memory component skipped: missing ExtensionAPI capabilities {
  missing: [ "appendEntry", "registerEntryRenderer" ],
}
config-watch skipped: events capability missing
(pass) bundled skill disable on the Native surface > #given disabled_skills names frontend and visual-qa in the user config #when the Native skill set resolves #then both are absent and the rest stay [11.42ms]
omo-senpi memory component skipped: missing ExtensionAPI capabilities {
  missing: [ "appendEntry", "registerEntryRenderer" ],
}
config-watch skipped: events capability missing
(pass) bundled skill disable on the Native surface > #given user and project configs each disable a different skill #when the Native skill set resolves #then the denylists union [10.87ms]

packages/omo-senpi/src/windows-console-hide.test.ts:
(pass) omo-senpi win32 console suppression > #given every production child_process call in the adapter > #when each call site is inspected > #then each one passes windowsHide: true [18.72ms]
(pass) omo-senpi win32 console suppression > #given every production child_process call in the adapter > #when each call site is inspected > #then the gate still reaches the spawn sites it exists for [14.57ms]
(pass) omo-senpi win32 console suppression > #given every production child_process call in the adapter > #when each call site is inspected > #then win32 directory entries are matched under POSIX separators [0.11ms]
(pass) omo-senpi win32 console suppression > #given every production child_process call in the adapter > #when each call site is inspected > #then the exec family is audited, not just spawn [0.10ms]
(pass) omo-senpi win32 console suppression > #given every production child_process call in the adapter > #when each call site is inspected > #then an aliased import is audited under its local name [0.11ms]
(pass) omo-senpi win32 console suppression > #given every production child_process call in the adapter > #when each call site is inspected > #then an exemption is honoured only when its marker is written at the call [0.11ms]

packages/omo-senpi/src/bundle-purity.test.ts:
Bundled 47 modules in 9ms

  sdk.js  113.56 KB  (entry point)

Bundled 1056 modules in 75ms

  omo.js  1.90 MB  (entry point)

Bundled 826 modules in 56ms

  omo-task.js  1.38 MB  (entry point)

Bundled 219 modules in 17ms

  omo-member.js  0.28 MB  (entry point)

Bundled 151 modules in 11ms

  memory-run-supervisor.mjs  42.40 KB  (entry point)

Bundled 178 modules in 15ms

  omo-init-deep-advisor.js  89.33 KB  (entry point)

(pass) omo-senpi bundle purity > #given the eval SDK #when imports and build inputs are inspected #then only node builtins are external and no node_modules are bundled [7889.66ms]
(pass) omo-senpi bundle purity > #given the senpi loader aliases #when tested #then the shared build constant pins all 19 peers [0.13ms]
(pass) omo-senpi bundle purity > #given built extension artifacts #when static imports are inspected #then only senpi peers and node builtins remain external [6.52ms]

packages/omo-senpi/src/extension-node-runtime-audit.test.ts:
(pass) #given shipped extension sources #when scanned for Bun-only module-location APIs #then none appear [90.32ms]

packages/omo-senpi/plugin/scripts/native-skill-sources.test.mjs:
(pass) createNativeSkillSources > #given the registry #when ordered names are extracted #then they match the expected alphabetical sequence including onboarding [1.02ms]
(pass) createNativeSkillSources > #given the registry #when the name set is built #then it contains exactly the same entries as the ordered list [0.31ms]
(pass) createNativeSkillSources > #given each source entry #when the path is resolved #then it points to an existing directory under the native skills root [0.24ms]
(pass) createNativeSkillSources > #given onboarding skill #when checked #then it is present in the registry at the correct position [0.13ms]

packages/omo-senpi/plugin/scripts/build-extension.test.mjs:
Bundled 47 modules in 9ms

  sdk.js  113.56 KB  (entry point)

Bundled 1056 modules in 57ms

  omo.js  1.90 MB  (entry point)

Bundled 826 modules in 59ms

  omo-task.js  1.38 MB  (entry point)

Bundled 219 modules in 18ms

  omo-member.js  0.28 MB  (entry point)

Bundled 151 modules in 69ms

  memory-run-supervisor.mjs  42.40 KB  (entry point)

Bundled 178 modules in 16ms

  omo-init-deep-advisor.js  89.33 KB  (entry point)

(pass) checkExtensionCurrent > #given the eval SDK build #when inputs and exports are inspected #then the standalone entry has no dependencies [7514.66ms]
(pass) checkExtensionCurrent > #given a missing SDK artifact #when freshness is checked #then it reports that output [6.06ms]
(pass) checkExtensionCurrent > #given the host platform #when resolving the Bun executable #then Windows bypasses the command shell [0.14ms]
Bundled 47 modules in 7ms

  sdk.js  113.56 KB  (entry point)

Bundled 1056 modules in 58ms

  omo.js  1.90 MB  (entry point)

Bundled 826 modules in 47ms

  omo-task.js  1.38 MB  (entry point)

Bundled 219 modules in 20ms

  omo-member.js  0.28 MB  (entry point)

Bundled 151 modules in 14ms

  memory-run-supervisor.mjs  42.40 KB  (entry point)

Bundled 178 modules in 13ms

  omo-init-deep-advisor.js  89.33 KB  (entry point)

(pass) checkExtensionCurrent > #given freshly built outputs #when the executable bundles are inspected #then the shebang stays the first bytes and the marker still parses [7136.21ms]
(pass) checkExtensionCurrent > #given an empty output directory #when extensions are built #then all runtime personas match their sources [0.62ms]
(pass) checkExtensionCurrent > #given the runtime persona manifest #when staging sources are listed #then the staged names match it [0.13ms]
(pass) checkExtensionCurrent > #given platform-specific source paths #when normalized #then build markers use portable separators [0.11ms]
Bundled 47 modules in 7ms

  sdk.js  113.56 KB  (entry point)

Bundled 1056 modules in 61ms

  omo.js  1.90 MB  (entry point)

Bundled 826 modules in 46ms

  omo-task.js  1.38 MB  (entry point)

Bundled 219 modules in 27ms

  omo-member.js  0.28 MB  (entry point)

Bundled 151 modules in 13ms

  memory-run-supervisor.mjs  42.40 KB  (entry point)

Bundled 178 modules in 14ms

  omo-init-deep-advisor.js  89.33 KB  (entry point)

(pass) checkExtensionCurrent > #given current generated outputs with old mtimes #when checked #then freshness passes [7727.27ms]
(pass) checkExtensionCurrent > #given a missing supervisor artifact #when checked #then freshness reports that output [9.04ms]
Bundled 47 modules in 7ms

  sdk.js  113.56 KB  (entry point)

Bundled 1056 modules in 60ms

  omo.js  1.90 MB  (entry point)

Bundled 826 modules in 49ms

  omo-task.js  1.38 MB  (entry point)

Bundled 219 modules in 22ms

  omo-member.js  0.28 MB  (entry point)

Bundled 151 modules in 13ms

  memory-run-supervisor.mjs  42.40 KB  (entry point)

Bundled 178 modules in 16ms

  omo-init-deep-advisor.js  89.33 KB  (entry point)

(pass) checkExtensionCurrent > #given a stale supervisor artifact #when checked #then freshness reports that output [7051.50ms]
Bundled 47 modules in 7ms

  sdk.js  113.56 KB  (entry point)

Bundled 1056 modules in 64ms

  omo.js  1.90 MB  (entry point)

Bundled 826 modules in 47ms

  omo-task.js  1.38 MB  (entry point)

Bundled 219 modules in 19ms

  omo-member.js  0.28 MB  (entry point)

Bundled 151 modules in 14ms

  memory-run-supervisor.mjs  42.40 KB  (entry point)

Bundled 178 modules in 27ms

  omo-init-deep-advisor.js  89.33 KB  (entry point)

(pass) checkExtensionCurrent > #given changed generated bytes with future mtimes #when checked #then freshness fails [7863.60ms]
Bundled 47 modules in 15ms

  sdk.js  113.56 KB  (entry point)

Bundled 1056 modules in 79ms

  omo.js  1.90 MB  (entry point)

Bundled 826 modules in 45ms

  omo-task.js  1.38 MB  (entry point)

Bundled 219 modules in 18ms

  omo-member.js  0.28 MB  (entry point)

Bundled 151 modules in 12ms

  memory-run-supervisor.mjs  42.40 KB  (entry point)

Bundled 178 modules in 13ms

  omo-init-deep-advisor.js  89.33 KB  (entry point)

(pass) checkExtensionCurrent > #given intact generated bytes with a stale source digest #when checked #then source reproduction fails [7472.75ms]
(pass) checkExtensionCurrent > #given freshly built outputs #when inspected #then normalization removes whitespace-only lines [5.88ms]
(pass) checkExtensionCurrent > #given the split extension build #when metafile inputs are inspected #then task sources live only in the lazy sidecar [0.31ms]
(pass) checkExtensionCurrent > #given a packaged task import map #when generated artifacts are inspected #then the main bundle resolves its task sidecar [2.71ms]

packages/omo-senpi/plugin/scripts/stage-ast-grep-mcp-runtime.test.mjs:
(pass) ast-grep MCP staged runtime mode policy > #given a Windows staged runtime with a POSIX manifest mode #when checked #then matching content is current [1.68ms]
(pass) ast-grep MCP staged runtime mode policy > #given a POSIX staged runtime with a mismatched manifest mode #when checked #then it is stale [1.25ms]

packages/omo-senpi/plugin/scripts/senpi-compatibility-guidance.test.mjs:
(pass) insertSenpiCompatibilityGuidance > #given content with no opencode orchestration calls #when processed #then it is returned unchanged [0.22ms]
(pass) insertSenpiCompatibilityGuidance > #given content with an opencode call_omo_agent example #when processed #then the compatibility banner is inserted after frontmatter [0.18ms]
(pass) insertSenpiCompatibilityGuidance > #given content with a pre-existing banner before the first example #when processed #then it is left in place [0.16ms]
(pass) insertSenpiCompatibilityGuidance > #given content with no frontmatter and an opencode example #when processed #then the banner is prepended [0.11ms]
(pass) insertSenpiCompatibilityGuidance > #given the banner string #when inspected #then it ends with the known end marker [0.10ms]
(pass) insertSenpiCompatibilityGuidance > #given content with a stale banner after the first example #when processed #then the stale banner is removed and a fresh one inserted before the example [0.12ms]

packages/omo-senpi/plugin/scripts/stage-x-search-skill.test.mjs:
(pass) x-search conditional skill staging > #given no staged copy #when --check runs #then it skips with a notice for a fresh checkout [1.20ms]
(pass) x-search conditional skill staging > #given a staged copy #when --check runs #then it passes and the bytes match the source [2.14ms]
(pass) x-search conditional skill staging > #given a stale staged copy #when --check runs #then it fails as stale [2.39ms]
(pass) x-search conditional skill staging > #given a missing source skill #when staged #then it fails loudly instead of writing a partial copy [1.03ms]
(pass) x-search conditional skill staging > #given OMO_SENPI_PLUGIN_OUTPUT #when resolving the target #then the staged plugin root owns the copy [0.14ms]
(pass) x-search conditional skill staging > #given no OMO_SENPI_PLUGIN_OUTPUT #when resolving the target #then the source plugin dir owns the copy [0.11ms]

packages/omo-senpi/plugin/scripts/stage-agent-toolkit.test.mjs:
--help
(pass) agent-toolkit runtime staging > #given a standalone ulw-loop bundle #when staged #then dispatcher and executable shims are self-contained [116.65ms]
--help
(pass) agent-toolkit runtime staging > #given a staged toolkit #when inspecting the bundle dir #then the omo-senpi surface marker is baked next to the bundle [60.36ms]
--help
(pass) agent-toolkit runtime staging > #given a staged toolkit missing the surface marker #when freshness is checked #then it reports stale [58.73ms]
--help
(pass) agent-toolkit runtime staging > #given a staged toolkit #when freshness is checked #then runtime artifacts and source bytes must match [62.15ms]
--help
--help
(pass) agent-toolkit runtime staging > #given an identical staged toolkit #when staged again #then preserves the target directory identity [116.25ms]
--help
--help
(pass) agent-toolkit runtime staging > #given a malformed staged toolkit #when staged again #then replaces the stale directory shape [115.08ms]
--help
changed
(pass) agent-toolkit runtime staging > #given a partial Windows backup copy #when staging fails #then removes backup debris and preserves the target [123.23ms]
--help
(pass) agent-toolkit runtime staging > #given bare help #when dispatched #then ulw-loop receives help [113.02ms]
--help
(pass) agent-toolkit runtime staging > #given an unknown component #when dispatched #then it exits one and lists ulw-loop [108.69ms]

packages/omo-senpi/plugin/scripts/build-artifact.test.mjs:
(pass) #given Node and Bun builtin catalogs #when imports are normalized #then Bun namespaces stay unchanged and both outputs match [1.51ms]
(pass) #given an injected bundle body with a recomputed marker #when freshness is checked #then the artifact is rejected [0.16ms]
(pass) #given the Node minifier starts closing #when another bundle is queued #then a fresh worker completes it [118.11ms]

packages/omo-senpi/scripts/qa/isolation-platform-capabilities.test.mjs:
(skip) #given a native Linux runtime #when directory identity is checked #then secure traversal support is active
(pass) #given an unsupported native runtime claims Linux #when a missing root is created #then the claim cannot elevate traversal support [1.00ms]
(pass) #given Darwin lacks incremental descriptor enumeration #when isolation is observed #then capability failure is explicit and cannot certify [7.41ms]
(pass) #given protected-file no-follow is unavailable #when protected state is observed #then capability failure is explicit and cannot certify [0.76ms]
(pass) #given Windows lacks descriptor-bound directory traversal #when isolation is observed #then capability failure is explicit and cannot certify [0.29ms]
(pass) #given a missing Windows root is created #when isolation is observed #then unavailable identity takes precedence over absence [0.90ms]

packages/omo-senpi/scripts/qa/isolation-review-blockers.test.mjs:
(pass) #given missing or arbitrary observation domains #when the canonical verdict is built #then untouched fails closed [0.17ms]
(pass) #given direct, protected-observed, persistent-observed, and volatile changes #when the canonical verdict is built #then only volatile paths are excluded from the sorted union [0.15ms]
(pass) #given only explicitly volatile observed writes #when the canonical verdict is built #then the protected home remains untouched [0.11ms]
(pass) #given a protected change or incomplete protected snapshot #when the canonical verdict is built #then untouched fails closed [0.12ms]
(pass) #given POSIX and Windows-shaped observed paths #when changes are classified #then volatile prefixes are canonical on both platforms [0.12ms]
(pass) #given credential files are absent or inaccessible #when credentialDigest reads directly #then only ENOENT is treated as absent [0.52ms]
(skip) #given bounded observation root enumeration fails #when snapshotDirectory runs #then inaccessible IO is structured and incomplete while absence is empty-complete
(skip) #given persistent entries exceed maxEntries #when the directory is enumerated #then readSync stops after bounded lookahead
(skip) #given a persistent file appears after enumeration #when final directory metadata is checked #then the snapshot fails closed
(skip) #given root ENOENT hides a regular parent #when snapshotDirectory diagnoses the boundary #then it remains incomplete
(pass) #given a non-directory root component #when snapshotDirectory runs #then the platform error is exact and incomplete [0.83ms]
(pass) #given a non-directory root component #when digestDirectory sees the platform error #then Windows absence mapping matches the root contract [0.49ms]
(pass) #given digest enumeration fails through injected seams #when digestDirectory runs #then only ENOENT is absence and other IO propagates [1.19ms]
(skip) #given pre-open metadata changed and current-path diagnostic stat fails #when public readers report the race #then the established replacement error wins
(skip) #given a primary read error and failing shrink diagnostic #when an observed file is hashed #then the primary read error is preserved
(skip) #given a primary read error and a successful shrink diagnostic #when an observed file is hashed #then the primary read error is preserved
(skip) #given directory traversal and close both fail #when the tree is snapshotted #then the traversal error remains primary
(skip) #given post-open directory replacement and failing closes #when setup aborts #then both handles close and replacement remains primary
(skip) #given successful raw directory traversal and descriptor close failure #when the tree is snapshotted #then the close error surfaces
(skip) #given successful directory traversal and close failure #when the tree is snapshotted #then the close error surfaces
(skip) #given a regular file uses a volatile directory name #when the tree is snapshotted #then it remains observable and persistent
(skip) #given a regular file becomes a symlink after reading #when final identity is checked #then the symlink target is never dereferenced
(skip) #given a regular file is replaced by a symlink before hashing #when the tree is snapshotted #then the symlink target is never dereferenced

packages/omo-senpi/scripts/qa/policy-continuation-e2e.test.mjs:
(pass) policy continuation live driver > #given the driver module #when it is imported #then the self-test passes against the pinned host [2.02ms]
(pass) policy continuation live driver > #given the scenario matrix #when it is read #then it covers both lanes and both host-owned edges [0.20ms]
(pass) policy continuation live driver > #given a send that rides an unsettled agent_end #when the trace is audited #then it is reported [0.12ms]

packages/omo-senpi/scripts/qa/task-13.test.ts:
(pass) task 13 senpi QA scripts > #given QA scripts resolve PATH binaries #when source is inspected #then they do not shell out through command lookup [0.47ms]
(pass) task 13 senpi QA scripts > #given drive.mjs self-test #when executed #then sandbox helpers validate successfully [83.16ms]
(skip) task 13 senpi QA scripts > #given settings.json changes only its interactive stamps #when the complete-tree snapshot is compared #then the home is untouched
(pass) task 13 senpi QA scripts > #given probe-continuation self-test #when executed #then continuation helpers validate successfully [52.91ms]
(pass) task 13 senpi QA scripts > #given fake omo status #when continuation probe is inspected #then it uses the current ulw-loop JSON shape [0.20ms]
(pass) task 13 senpi QA scripts > #given print mode exits before follow-up #when tmux fallback is inspected #then it drives interactive Senpi [0.12ms]
(pass) task 13 senpi QA scripts > #given continuation probe runs Senpi #when source is inspected #then it forces a sandbox session directory [0.13ms]
(pass) task 13 senpi QA scripts > #given mock provider self-test #when executed #then text and tool-call script steps validate [17.09ms]
(pass) task 13 senpi QA scripts > #given a scripted tool call #when converted to an assistant message #then it stops with toolUse [0.28ms]
(pass) task 13 senpi QA scripts > #given terminal stream events #when result is awaited #then done and error events settle the promise [0.20ms]
(pass) task 13 senpi QA scripts > #given a tool-use mock script #when streamSimple runs #then it returns a Senpi-compatible result [0.79ms]
(pass) task 13 senpi QA scripts > #given caller SENPI_CODING_AGENT_DIR #when drive.mjs runs #then it self-creates an isolated sandbox [52.38ms]
(pass) task 13 senpi QA scripts > #given an isolated child home #when cross-platform variables are built #then HOME and USERPROFILE match [0.13ms]

packages/omo-senpi/scripts/qa/isolation-state.test.mjs:
(pass) #given protected and volatile files #when snapshots are compared #then only protected path changes affect isolation [3.64ms]
(skip) #given nested nonvolatile files within bounds #when scanned #then the relevant observation domain is complete
(skip) #given volatile root entries precede one persistent file #when scanned at exact budgets #then volatility consumes no budget
(skip) #given a volatile log precedes one persistent file #when scanned at the entry limit #then the log consumes no entry budget
(skip) #given a missing root and empty directories #when snapshots are compared #then persistent directory creation and deletion are observed
(skip) #given a tree beyond the file bound #when observed #then truncation is explicit and never complete
(pass) #given identical protected read failures #when snapshots are compared #then isolation fails closed with structured relative errors [0.70ms]
(skip) #given files exceed the byte budget #when observed #then descriptor reads never exceed maxBytes
(skip) #given a file shrinks after traversal #when observed #then short read is explicit and incomplete
(skip) #given a file grows while hashing #when observed #then growth is explicit and incomplete
(skip) #given a path is replaced after open #when observed #then replacement is explicit and incomplete
(skip) #given one file exceeds the byte budget #when observed #then truncation occurs without reading or BYTE_LIMIT errors

packages/omo-senpi/scripts/qa/task-rpc-e2e.windows.test.ts:
(skip) #given the production task driver #when process mode runs on Windows #then it reaches a real RPC child

packages/omo-senpi/scripts/qa/task-e2e-analysis.test.mjs:
(pass) snapshotDir > #given a transient lock directory #when it disappears during traversal #then the snapshot continues [1.15ms]
(pass) changedRealPaths > #given machine-global append-only logs #when snapshots differ #then they are excluded from QA pollution [0.14ms]
(pass) changedRealPaths > #given settings tips timestamps change #when snapshots compare #then only substantive settings changes count [0.89ms]
(pass) classifyRealSenpiChanges > #given mixed live-host mutations #when classified #then unrelated sessions stay separate [0.13ms]
(pass) classifyRealSenpiChanges > #given global agent-dir mutations #when classified #then every path is QA-attributed [0.10ms]

packages/omo-senpi/scripts/qa/out-dir-arg.test.ts:
(pass) resolveOutDirArg > #given no argument #when resolved #then the fallback directory is used [0.17ms]
(pass) resolveOutDirArg > #given a bare directory #when resolved #then that directory is used [0.10ms]
(pass) resolveOutDirArg > #given the --out-dir flag with a value #when resolved #then the value is used, not the flag name [0.10ms]
(pass) resolveOutDirArg > #given the --out-dir flag without a value #when resolved #then it is refused [0.16ms]
(pass) resolveOutDirArg > #given the --out-dir flag followed by another flag #when resolved #then it is refused [0.10ms]
(pass) resolveOutDirArg > #given an unknown flag #when resolved #then it is refused instead of becoming a directory name [0.11ms]
(pass) resolveOutDirArg > #given more than one directory #when resolved #then the extra arguments are refused [0.11ms]

packages/omo-senpi/scripts/qa/isolation-ultrabrain-blockers.test.mjs:
(pass) #given an observation I/O error #when the canonical verdict is built #then untouched fails closed [0.22ms]
(pass) #given a truncated bounded observation #when the canonical verdict is built #then untouched fails closed [0.11ms]
(skip) #given a persistent symlink is created and retargeted #when snapshots are compared #then both changes are observed without following targets
(skip) #given a symlink escapes the observation root #when its target contents change #then the link digest stays stable
(skip) #given an enumerated directory is replaced by an external symlink before recursive open #when observed #then traversal fails closed without dereferencing
(pass) #given protected state is an external symlink #when its target changes #then protected reads never follow it and fail closed [1.20ms]
(pass) #given POSIX and Windows path styles #when observed paths are classified #then only the producing style treats backslash as a separator [0.15ms]

packages/omo-senpi/scripts/qa/x-search-backtest-queries.test.mjs:
(pass) x-search backtest query set v1 > ships a valid 20-query set with calibration and holdout splits [0.24ms]

packages/omo-senpi/scripts/qa/x-search-backtest-core.test.mjs:
(pass) x-search backtest core > extracts tweet ids recursively and metrics handle empty sets [0.25ms]
(pass) x-search backtest core > aggregates numeric values only and exposes lane statuses [0.13ms]
(pass) x-search backtest core > fixture keys are canonical and estimates fail closed [0.16ms]
(pass) x-search backtest core > cost guard reserves ceiling and reconciliation marks exceeded [0.11ms]
(pass) x-search backtest core > redacts secret keys and sentinel strings recursively [0.28ms]
(pass) x-search backtest core > web overlap normalizes words and validates queries/materializes dates [0.28ms]

packages/omo-senpi/scripts/qa/dependency-diff-check.test.mjs:
(pass) dependency-diff-check > #given only version bumps and a removal between two commits #when the range is compared #then nothing is added and the control is green [466.58ms]
(pass) dependency-diff-check > #given a dependency added to a manifest and its lockfile #when the range is compared #then every added entry is named and the exit code is red [574.92ms]
(pass) dependency-diff-check > #given a new package manifest with dependencies at head #when the range is compared #then its entries count as added, while a manifest deleted at head only removes [450.63ms]
(pass) dependency-diff-check > #given a changed lockfile the control cannot read #when the range is compared #then the change is unverifiable and red, never silently green [289.16ms]
(pass) dependency-diff-check > #given the same commit on both sides or an unknown revision #when run from the command line #then identical trees are green and a bad revision is a usage error [353.94ms]
(pass) dependency-diff-check > #given bun.lock's JSON dialect #when parsed #then trailing commas and comments outside strings are dropped and strings keep their commas [121.78ms]

packages/omo-senpi/scripts/qa/task-rpc-e2e-scenarios.test.mjs:
(pass) #given a live Senpi QA host #when it is killed #then teardown routes through tree termination [1.94ms]
(pass) #given an exited Senpi QA host #when cleanup repeats #then no recycled pid is terminated [0.12ms]

packages/omo-senpi/scripts/qa/resume-e2e-runtime.test.mjs:
(pass) token contract > #given the scenarios module and the mock provider #when tokens compare #then they are identical [0.20ms]
(pass) routeChildStep > #given the continuation nudge as the last user message #when routing #then the mid-turn child finishes [0.14ms]
(pass) routeChildStep > #given the unique ping as the last user message #when routing #then the pong proves steerability [0.13ms]
(pass) routeChildStep > #given a mid-turn child prompt #when no assistant message exists #then turn one is an instant read [0.14ms]
(pass) routeChildStep > #given a mid-turn child after its first tool result #when an assistant message exists #then it hangs mid-turn [0.10ms]
(pass) routeChildStep > #given a finished child prompt #when routing #then a plain text completes it [0.09ms]
(pass) sessionIdFromEvents > #given a json event stream #when the session header is present #then its id is returned [0.10ms]
(pass) sessionIdFromEvents > #given no session header #when extracting #then undefined [0.09ms]
(pass) revivedAfterSuspend > #given a suspend then a resident transition #when scanning the log #then revival is proven [0.13ms]
(pass) revivedAfterSuspend > #given no suspension #when scanning #then no revival [0.10ms]
(pass) revivedAfterSuspend > #given only non-resident transitions after the suspend #when scanning #then no revival [0.09ms]
(pass) revivedAfterSuspend > #given a reconcile_reattached event after the suspend #when scanning #then revival is proven [0.10ms]
(pass) taskSendRevived > #given a task_send result reviving the finished child #when searching #then it matches [0.10ms]
(pass) taskSendRevived > #given a revived result for a different task #when searching #then no match [0.09ms]
(pass) agent-side wait commands > #given a sentinel path #when building the wait command #then the path is embedded and no sleep is asserted [0.10ms]
(pass) agent-side wait commands > #given a record wait #when building the command #then name and status are argv [0.11ms]
(pass) store readers > #given a fixture store #when reading records #then findTaskByName matches [1.44ms]

packages/omo-senpi/scripts/qa/isolation-state-races.test.mjs:
(pass) #given a same-size in-place overwrite after an observation read #when metadata is verified #then the snapshot fails closed [1.26ms]
(pass) #given a same-size in-place overwrite after a protected read #when metadata is verified #then the snapshot fails closed [0.62ms]
(pass) #given an existence probe would hide inaccessible protected state #when opened directly #then EACCES fails closed [0.35ms]
(pass) #given only volatile settings stamps change #when bounded complete-tree snapshots are compared #then settings stay unchanged [0.79ms]
(pass) #given an enumerated entry vanishes before stat #when final directory metadata is checked #then the mutation fails closed without an entry error [0.54ms]
(pass) #given replacement between initial stat and open #when snapshotted #then public paths preserve FILE_REPLACED [1.42ms]
(pass) #given success or primary failure plus close failure #when reading #then primary-operation precedence is stable [1.33ms]
(pass) #given ENOENT stat then open success and close failure #when absence races #then FILE_REPLACED remains primary [0.55ms]
(pass) #given the root vanishes after its initial identity check #when directory open reports absence #then the snapshot fails closed as replacement [0.34ms]
(pass) #given directory open returns a stale external descriptor #when traversal binds identity #then it fails closed without reading the external tree [0.90ms]
(pass) #given an opened directory is replaced after its identity check #when traversal finishes #then the snapshot fails closed [1.11ms]
(pass) #given non-ASCII canonical paths #when snapshots and errors are ordered #then code-point order is independent of host locale [0.69ms]
(pass) #given transient or primary complete-tree read errors #when digesting #then only ENOENT and ENOTDIR are tolerated [0.71ms]

packages/omo-senpi/scripts/qa/x-search-backtest.test.mjs:
(pass) x-search backtest CLI > offline reports blocked and missing as NA, tunes, scores holdout, and never fetches [34.35ms]
(pass) x-search backtest CLI > record mode under the no-network guard fails fast [23.61ms]

packages/omo-senpi/scripts/qa/dag-owner-scope.test.mjs:
(pass) synthetic DAG selection evidence > accepts the fixture through the real checkpoint and completed-result readers [2.09ms]
(pass) synthetic DAG selection evidence > snapshot keys use posix separators so evaluate() prefixes match on every platform [1.78ms]
(pass) synthetic DAG selection evidence > detects an unrelated event mutation even without checkpoint reparenting [2.44ms]
(pass) synthetic DAG selection evidence > does not mistake no recovery for a healthy own-session control [2.25ms]
(pass) synthetic DAG selection evidence > driver self-test detects ownership changes and rejects invalid options [2.67ms]

packages/omo-senpi/scripts/qa/isolation-certification.test.mjs:
(skip) #given an incomplete broad real-home observation and complete controlled roots #when verdicts are built #then broad certification fails closed while the scoped lane certifies
(skip) #given a persistent write in one controlled root #when the scoped verdict is built #then the lane reports the qualified path and fails closed

packages/omo-senpi/scripts/qa/team-e2e-analysis.test.mjs:
(pass) teamMessageEnqueues > #given member and lead delivery results #when injection sends are analyzed #then only lead-to-member mail is returned [0.23ms]

packages/omo-senpi/scripts/qa/x-search-live-e2e.test.mjs:
(pass) x-search live QA isolation helpers > resolves SENPI_BIN, then the peer dependency, then PATH [9.45ms]
(pass) x-search live QA isolation helpers > uses the observed child x_search execution outcome [0.29ms]
(pass) x-search live QA isolation helpers > detects x_search in a tool execution transcript [0.18ms]
(pass) x-search live QA isolation helpers > maps each live scenario to its intended task target [0.10ms]
(pass) x-search live QA isolation helpers > keeps the negative catalog control query distinct from X posts [0.17ms]
(pass) x-search live QA isolation helpers > scrubs XAI and GROK variables from the environment passed to a spawned process [17.27ms]
(pass) x-search live QA isolation helpers > copies only the xai credential into the sandbox and removes the seeded file [2.05ms]

packages/omo-senpi/scripts/qa/team-e2e-support.test.ts:
(pass) team e2e injection evidence > #given injected member and lead envelopes #when main evidence is analyzed #then injection delivery and a drained lead inbox are proven [3.83ms]
(pass) team e2e injection evidence > #given a missing observation directory #when main evidence is analyzed #then injection evidence is written [3.61ms]
(pass) team e2e injection evidence > #given one JSON-escaped peer envelope #when crash evidence counts the message id #then it reports exactly one envelope [1.58ms]

packages/omo-senpi/scripts/qa/parallelism-eval-e2e-analysis.test.mjs:
(pass) parallelism eval e2e analysis > #given one exact v2 summary #when analyzed #then every manual-QA invariant passes [0.34ms]
(pass) parallelism eval e2e analysis > #given two summaries #when analyzed #then exactly-once fails [0.15ms]
(pass) parallelism eval e2e analysis > #given an extra property #when analyzed #then fixed allowlist equality fails [0.12ms]
(pass) parallelism eval e2e analysis > #given inconsistent nested statuses #when analyzed #then exact nested accounting fails [0.12ms]
(pass) parallelism eval e2e analysis > #given non-loopback traffic #when analyzed #then localhost-only telemetry fails [0.10ms]

packages/omo-senpi/scripts/qa/curated-agents-e2e-analysis.test.mjs:
(pass) analyzeCuratedAgentRun > #given complete live artifacts #when analyzed #then the exact curated-agent contract passes [0.21ms]
(pass) analyzeCuratedAgentRun > #given mutating tools exposed to the child #when analyzed #then the allowlist probe fails [0.13ms]
(pass) analyzeCuratedAgentRun > #given an incomplete unknown-target error #when analyzed #then both missing rosters are attributed [0.12ms]

packages/omo-senpi/scripts/qa/team-e2e-runtime.test.ts:
(pass) team e2e output paths > #given a configured relative output path #when the capture directory is created #then it is absolute [0.14ms]
(pass) team e2e Senpi discovery > #given native and npm Windows candidates #when discovering Senpi #then the native executable wins [0.12ms]
(pass) team e2e Senpi discovery > #given only a Windows npm shim and a backslash absolute override #when discovering Senpi #then both paths are supported [0.10ms]
(pass) team e2e crash recovery config > #given the restart-liveness scenario #when its OmO config is seeded #then dead prior members are marked lost instead of reattached [0.10ms]
(pass) team e2e crash recovery evidence > #given both processes were live and ordered termination completed #when crash recovery is evaluated #then the kill and exact-mailbox contract pass [0.12ms]
(pass) team e2e crash recovery evidence > #given the parent already exited before the ordered tree kill #when crash recovery is evaluated #then the kill-at-hold check fails [0.24ms]
(pass) team e2e crash recovery evidence > #given parent tree termination failed #when crash recovery is evaluated #then the kill-at-hold check fails [0.14ms]
(pass) runCrashRestartScenario orchestration > #given controlled process and mailbox seams #when the scenario runs #then member exit precedes a terminated parent and the exact reservation is delivered once [1.99ms]
(pass) team e2e crash liveness detector > #given a structured crash liveness wake with error state #when detected #then the valid abnormal terminal event passes [0.10ms]
(pass) team e2e crash liveness detector > #given liveness-like details inside an unrelated event #when detected #then the gate rejects the false positive [0.11ms]
(pass) team e2e crash liveness detector > #given only matching prose without structured liveness details #when detected #then it cannot satisfy the gate [0.10ms]
(pass) team e2e process cleanup > #given a Windows npm senpi shim #when the spawn invocation is resolved #then Node launches the package CLI without cmd shell forwarding [0.14ms]
(pass) team e2e process cleanup > #given a project-local Windows .bin shim #when resolved on POSIX #then win32 path semantics find the adjacent package CLI [0.09ms]
(pass) team e2e process cleanup > #given a Windows shim with no package CLI #when resolved #then the harness fails loudly instead of direct-spawning the shim [0.10ms]
(pass) team e2e process cleanup > #given a native Windows senpi executable with mixed-case extension #when resolved #then the executable is preserved verbatim [0.08ms]
(pass) team e2e process cleanup > #given invalid root pids #when process-tree termination is requested #then every platform fails closed without side effects [0.15ms]
(pass) team e2e process cleanup > #given a live Windows QA root pid #when its process tree is terminated #then taskkill targets only that pid tree and returns structured evidence [0.10ms]
(pass) team e2e process cleanup > #given taskkill returns nonzero after the root disappears #when termination is evaluated #then status and stderr remain a failure [0.10ms]
(pass) team e2e process cleanup > #given a POSIX group is briefly alive after SIGKILL #when survivor polling observes it die #then termination succeeds [0.12ms]
(pass) team e2e process cleanup > #given a Windows QA root pid #when the legacy group-kill seam is called #then it delegates to exact tree termination [0.10ms]
(pass) team e2e process cleanup > #given Windows QA root pids #when cleanup runs #then it terminates each exact tree and counts failed trees as leaks [0.12ms]
(pass) team e2e process cleanup > #given an owned child has emitted close #when cleanup runs #then its recycled numeric pid is never terminated [0.10ms]
(pass) team e2e process cleanup > #given completed and live process groups #when cleanup runs #then it skips empty groups and kills concrete survivors [0.12ms]

packages/omo-senpi/src/install/install-senpi-launcher.test.ts:
(pass) runSenpiInstaller local launcher > #given a sandbox home #when installing #then the launcher is written under that home and reported [18.37ms]
(pass) runSenpiInstaller local launcher > #given a foreign omo launcher #when installing #then the plugin is registered and the launcher is left untouched [18.16ms]
(pass) runSenpiInstaller local launcher > #given an installed launcher #when uninstalling #then the launcher under that home is removed [16.34ms]

packages/omo-senpi/src/install/cli-local.test.ts:
(pass) cli-local > #given isolated agent dir #when install then uninstall are invoked #then stdout is one-line JSON and settings round-trip [136.64ms]
(pass) cli-local > #given invalid positional arg #when invoked #then it exits non-zero with one-line JSON error [75.93ms]

packages/omo-senpi/src/install/install-senpi-refresh.test.ts:
(pass) runSenpiInstaller source refresh > #given complete generated artifacts #when installing from source #then every build step still refreshes them [4.15ms]
(pass) runSenpiInstaller source refresh > #given an older local OMO package entry #when installing the current source #then the stale package is replaced [4.32ms]
(pass) runSenpiInstaller source refresh > #given dead generated and unrelated package entries #when installing #then only the generated omo entry is pruned [2.92ms]
(pass) runSenpiInstaller source refresh > #given current and stale OMO entries #when refreshing #then the current package keeps its precedence [2.65ms]

packages/omo-senpi/src/install/local-launcher.test.ts:
(pass) local omo launcher > #given a sibling-store install > #when the launcher is rendered > #then it hands the engine the same product identity as the published launcher [0.21ms]
(pass) local omo launcher > #given a sibling-store install > #when it is installed > #then it lands executable on the user's PATH directory [0.84ms]
(pass) local omo launcher > #given a sibling-store install > #when it is installed > #then reinstalling is idempotent [0.76ms]
(pass) local omo launcher > #given a sibling-store install > #when it is installed > #then a foreign file at that path is never overwritten [0.74ms]
(pass) local omo launcher > #given a sibling-store install > #when it is uninstalled > #then only a generated launcher is removed [0.73ms]
(pass) local omo launcher > #given a sibling-store install > #when it is uninstalled > #then a foreign file survives [0.66ms]

packages/omo-senpi/src/install/install-senpi.test.ts:
(pass) runSenpiInstaller > #given temp SENPI_CODING_AGENT_DIR #when installing twice #then it writes one absolute plugin package entry and creates backups [18.57ms]
(pass) runSenpiInstaller > #given existing user settings #when installing #then unrelated values are preserved and package entries are deduped [15.45ms]
(pass) runSenpiInstaller > #given legacy goal and webfetch packages #when installing #then builtin-shadowing entries are removed [16.61ms]
(pass) runSenpiInstaller > #given a Windows packed runtime with a POSIX manifest mode #when installing #then matching content passes integrity [16.82ms]
(pass) runSenpiInstaller > #given a POSIX packed runtime with a mismatched manifest mode #when installing #then integrity fails [15.96ms]
(pass) runSenpiInstaller > #given packed ast-grep runtime differs from its manifest #when installing #then integrity failure leaves settings unchanged [16.62ms]
(pass) runSenpiInstaller > #given packed ast-grep runtime missing its manifest #when installing #then integrity failure leaves settings unchanged [19.21ms]
(pass) runSenpiInstaller > #given a packed plugin missing the run supervisor #when installing #then artifact validation fails before settings change [15.44ms]
(pass) runSenpiInstaller > #given a packed plugin missing the dream persona #when installing #then artifact validation fails before settings change [17.17ms]
(pass) runSenpiInstaller > #given a packed plugin missing the kibitzer persona #when installing #then artifact validation fails before settings change [14.92ms]
(pass) runSenpiInstaller > #given packed plugin missing runtime #when installing #then settings stay unchanged and no backup is written [12.52ms]
(pass) runSenpiInstaller > #given packed plugin missing the lazy task runtime #when installing #then settings stay unchanged [13.98ms]
(pass) runSenpiInstaller > #given a packed plugin missing the conditional x-search skill #when installing #then artifact validation fails before settings change [15.91ms]
(pass) runSenpiInstaller > #given a packed plugin missing the browser skill #when installing #then artifact validation fails before settings change [13.78ms]
(pass) runSenpiUninstaller > #given mixed package settings #when uninstalling #then only the omo-senpi plugin path is removed [15.88ms]

packages/omo-senpi/src/extension/component-list.test.ts:
(pass) createOmoSenpiComponents > #given the production registration array #when x-search is looked up #then it is present exactly once [0.40ms]
(pass) createOmoSenpiComponents > #given the production registration array #when builtin-mcps is looked up #then it registers exactly once right after ast-grep [0.17ms]
(pass) createOmoSenpiComponents > #given the production registration array #when model-profile is looked up #then it registers exactly once right after config-startup [0.15ms]
(pass) createOmoSenpiComponents > #given the production registration array #when ordering is inspected #then x-search registers after lsp and before task tool capture [0.12ms]

packages/omo-senpi/src/extension/startup-deferral.test.ts:
(pass) createLazyValue > #given a lazy value #when it is never read #then the factory never runs [0.12ms]
(pass) createLazyValue > #given a lazy value #when it is read twice #then the factory runs once and the same value comes back [0.09ms]
(pass) createLazyValue > #given a factory returning undefined #when the value is read twice #then it is still constructed once [0.09ms]
(pass) createStartupDeferral > #given deferred work #when it is deferred #then nothing runs until the scheduled tick [0.21ms]
(pass) createStartupDeferral > #given pending work #when the deferral retires #then the scheduled tick is cancelled and later work is refused [0.12ms]
(pass) createStartupDeferral > #given work that throws #when its tick runs #then the failure is reported and never escapes the scheduler [0.12ms]
(pass) createStartupDeferral > #given asynchronous work that rejects #when its tick runs #then the rejection is reported [0.12ms]
(pass) createFirstPaintScheduler > #given queued work #when no post-paint edge has fired #then nothing runs before the gate opens [0.14ms]
(pass) createFirstPaintScheduler > #given an opened gate #when more work arrives #then it is scheduled on the next tick [1.34ms]
(pass) createFirstPaintScheduler > #given queued work #when it is cancelled before the gate opens #then opening the gate runs nothing [0.14ms]
(pass) createFirstPaintScheduler > #given a session that never paints an edge #when the backstop elapses #then the work still runs once [21.22ms]
(pass) deferUntilAfterFirstPaint > #given a context without the seam #when work is deferred #then it runs inline so isolated hosts keep today's behaviour [0.12ms]
(pass) deferUntilAfterFirstPaint > #given a context carrying the seam #when work is deferred #then the seam owns it [0.11ms]

packages/omo-senpi/src/extension/thread-policy.test.ts:
(pass) registers the six thread tools regardless of policy true and ambient env 0 [1.23ms]
(pass) registers the six thread tools regardless of policy true and ambient env 1 [0.89ms]
(pass) registers the six thread tools regardless of policy true and ambient env $env [0.76ms]
(pass) registers the six thread tools regardless of policy false and ambient env 0 [0.88ms]
(pass) registers the six thread tools regardless of policy false and ambient env 1 [0.79ms]
(pass) registers the six thread tools regardless of policy false and ambient env $env [0.69ms]
(pass) registers the six thread tools regardless of policy $policyand ambient env 0 [0.67ms]
(pass) registers the six thread tools regardless of policy $policyand ambient env 1 [0.65ms]
(pass) registers the six thread tools regardless of policy $policyand ambient env $env [0.64ms]

packages/omo-senpi/src/extension/idle-injection-coordinator.test.ts:
(pass) IdleInjectionCoordinator > #given hidden metadata #when flushed #then one merged custom message preserves it [0.22ms]
(pass) IdleInjectionCoordinator > #given a completion and a continuation on one idle edge #when flushed #then exactly one injection is delivered in deterministic order [0.15ms]
(pass) IdleInjectionCoordinator > #given one task completion on an idle edge #when flushed #then it steers immediately [0.10ms]
(pass) IdleInjectionCoordinator > #given two task completions on one idle edge #when flushed #then one steer carries both [0.10ms]
(pass) IdleInjectionCoordinator > #given repeated continuation enqueues #when flushed #then they collapse to one keyed injection [0.10ms]
(pass) IdleInjectionCoordinator > #given a queued injection #when removed by key #then the flush no-ops and removal reports true only once [0.10ms]
(pass) IdleInjectionCoordinator > #given an empty queue #when flushed #then nothing is delivered [0.09ms]
(pass) IdleInjectionCoordinator > #given a deferred scheduleFlush #when the scheduler runs it #then delivery happens on the idle tick, not synchronously [0.12ms]
(pass) IdleInjectionCoordinator > #given a deferred continuation #when a synchronous wake flushOnIdle drains first #then the deferred pass no-ops [0.10ms]
(pass) IdleInjectionCoordinator > #given repeated scheduleFlush requests before the deferred pass #when scheduled #then they coalesce to one flush [0.11ms]
(pass) IdleInjectionCoordinator > #given an async delivery rejection #when the queue flushes #then the producer receives a failure receipt and onFlushed does not run [0.12ms]
(pass) IdleInjectionCoordinator > #given only a passive kibitzer entry #when flushOnIdle runs #then nothing is delivered and the entry stays queued [0.13ms]
(pass) IdleInjectionCoordinator > #given a passive kibitzer entry and a task-completion entry #when flushOnIdle runs #then one delivery carries both contents with kibitzer last and the passive onFlushed fires [0.15ms]
(pass) IdleInjectionCoordinator > #given a passive entry #when scheduleFlush's deferred pass runs #then nothing is delivered [0.10ms]
(pass) IdleInjectionCoordinator > #given a deferred flush pending #when the coordinator is retired before the scheduler runs it #then the flush no-ops and the producer gets a failure receipt [0.14ms]
(pass) IdleInjectionCoordinator > #given queued injections with receipts #when the coordinator retires #then every accepted entry is handed back as a delivery failure [0.11ms]
(pass) IdleInjectionCoordinator > #given an armed batch-window timer #when the coordinator retires #then the scheduler's canceller runs [0.09ms]
(pass) IdleInjectionCoordinator > #given a retired coordinator #when a late producer enqueues #then the enqueue is refused with no receipt [0.09ms]
(pass) IdleInjectionCoordinator > #given a flushSoon microtask pending #when the coordinator is retired before the microtask runs #then nothing is delivered [0.10ms]
(pass) IdleInjectionCoordinator > #given a retired coordinator #when a late producer enqueues and schedules #then no flush is scheduled and the queue stays empty [0.10ms]
(pass) IdleInjectionCoordinator > #given an injection callback w2lead #when the queue flushes #then onFlushed runs synchronously after delivery returns [0.09ms]

packages/omo-senpi/src/extension/index.test.ts:
omo-senpi memory component skipped: missing ExtensionAPI capabilities {
  missing: [ "appendEntry", "registerEntryRenderer" ],
}
config-watch skipped: events capability missing
(pass) omo-senpi extension entry > #given the real extension entry #when registered with a fake API #then configured components are wired [7.07ms]
omo-senpi memory component skipped: missing ExtensionAPI capabilities {
  missing: [ "appendEntry", "registerEntryRenderer" ],
}
config-watch skipped: events capability missing
(pass) omo-senpi extension entry > #given open todo state #when ordinary input arrives #then the extension does not inject continuity guidance [4.73ms]
(pass) omo-senpi extension entry > #given config-watch disabled by flag #when composed #then it emits no registration and no warning [0.19ms]

packages/omo-senpi/src/extension/types.test.ts:
(pass) SenpiExtensionAPI appendEntry > appendEntry is an optional member of SenpiExtensionAPI [0.16ms]

packages/omo-senpi/src/extension/compose-cold-pi-tui.test.ts:
(pass) composeOmoSenpiExtension pi-tui warm-up > #given a cold process with the task component disabled #when compose runs #then other components' notice renderers still render [738.33ms]

packages/omo-senpi/src/extension/idle-injection-wiring.test.ts:
(pass) idle-injection wiring: real producers on one idle edge > #given a ulw continuation then a task-completion wake on one idle edge #when both fire #then exactly one injection is delivered [0.84ms]

packages/omo-senpi/src/extension/dag-sdk.test.ts:
(pass) dag eval sdk > #given a stubbed globalThis.tool and an eval-shaped run > #when a cell defines three nodes, starts the run, then waits > #then each call maps to the matching dag tool action in order and wait returns the run result [2.25ms]
(pass) dag eval sdk > #given a stubbed globalThis.tool and an eval-shaped run > #when a shipped attach handle waits and cancels > #then it exposes done and cancel and dispatches the matching dag tool actions [0.40ms]
(pass) dag eval sdk > #given a stubbed globalThis.tool and an eval-shaped run > #when start is called with a whole definition object > #then it forwards the definition verbatim under action=start [0.30ms]
(pass) dag eval sdk > #given a stubbed globalThis.tool and an eval-shaped run > #when define receives only the documented required key > #then start emits a definition accepted by the shipped dag tool schema [1.38ms]
(pass) dag eval sdk > #when retry is called with node ids and a prompt override > #then it emits action=retry with run_id, node_ids, and prompt [0.34ms]
(pass) dag eval sdk > #when retry is called with a single node id > #then it emits action=retry with run_id and node_id [0.29ms]
(pass) dag eval sdk > #when retry is called with no node ids > #then it emits action=retry with only run_id [0.26ms]
(pass) dag eval sdk > #when send is called > #then it emits action=send with run_id, node_id, and message [0.22ms]
(pass) dag eval sdk > #when amend is called > #then it emits action=amend with run_id and the new definition [0.24ms]
(pass) dag eval sdk > #given the dag tool refuses a call with a details.kind=error envelope > #when start receives a definition_conflict > #then it throws the tool's own code and human message instead of hiding them behind run_id [0.30ms]
(pass) dag eval sdk > #given the dag tool refuses a call with a details.kind=error envelope > #when wait receives the same error envelope > #then the non-start actions surface the code and message too [0.23ms]
(pass) dag eval sdk > #given the dag tool refuses a call with a details.kind=error envelope > #when attach receives the same error envelope > #then it rejects rather than handing back a handle for a run that was never attached [0.25ms]
(pass) dag eval sdk > #given the dag tool refuses a call with a details.kind=error envelope > #when the error envelope carries no code or message > #then it falls back to the first content text so the operator still sees the tool's words [0.23ms]
(pass) dag eval sdk > #given the dag tool refuses a call with a details.kind=error envelope > #when the error envelope carries neither error fields nor content text > #then it still names the failing action rather than throwing something unreadable [0.22ms]
(pass) dag eval sdk > #given a well-formed non-error response that still lacks a run_id > #when start reads it > #then the existing run_id diagnostic is preserved [0.22ms]
(pass) dag eval sdk > #given a builder that already holds a node id > #when the same id is added again > #then it throws locally and the tool stub is never called [0.24ms]
(pass) dag eval sdk > #given the shipped sdk artifact > #when it is loaded as a module > #then it imports nothing, so an eval worker without node_modules can run it [0.32ms]
(pass) dag sdk root provisioning > #given the runtime dag directory exists > #when provisioning runs > #then OMO_DAG_SDK_ROOT holds that absolute directory [0.92ms]
(pass) dag sdk root provisioning > #given the runtime dag directory is absent > #when provisioning runs > #then the env stays untouched rather than pointing at a missing path [0.37ms]
(pass) dag sdk root provisioning > #given the real extension entry > #when the default provisioning runs > #then OMO_DAG_SDK_ROOT resolves to an existing directory containing sdk.js [0.47ms]

packages/omo-senpi/src/extension/dag-library.test.ts:
(pass) dag definition library > #given a stored definition in OMO_DAG_LIBRARY > #then load rotates the key with an explicit suffix and fills {{key}} and {{date}} placeholders [3.17ms]
(pass) dag definition library > #given a stored definition in OMO_DAG_LIBRARY > #then load without a suffix stamps a fresh utc datetime suffix so every call is a new run [3.38ms]
(pass) dag definition library > #given a stored definition in OMO_DAG_LIBRARY > #then load with an empty suffix keeps the stored key so the run stays idempotent [2.39ms]
(pass) dag definition library > #given definitions scattered across the search dirs > #then OMO_DAG_LIBRARY shadows $PWD/.omo/dags which shadows $HOME/.omo/dags [2.84ms]
(pass) dag definition library > #given definitions scattered across the search dirs > #then on win32 the library env splits on semicolons so drive-letter paths survive [2.21ms]
(pass) dag definition library > #given definitions scattered across the search dirs > #then a missing name fails listing the searched dirs [1.92ms]
(pass) dag definition library > #given definitions scattered across the search dirs > #then a definition without a nodes array fails before any host round-trip [2.23ms]
(pass) dag definition library > #given a stubbed tool.workflow > #then start loads, rotates, and starts the run in one call and the handle wires done/cancel [3.44ms]
(pass) dag definition library > #given the dag tool refuses the start with a details.kind=error envelope > #then start throws the tool's own code and human message [2.53ms]
(pass) dag definition library > #given the dag tool refuses the start with a details.kind=error envelope > #then an error envelope without error fields still falls back to the tool's content text [2.17ms]
(pass) dag definition library > #given a well-formed non-error start response that still lacks a run_id > #then the existing run_id diagnostic is preserved [2.24ms]

packages/omo-senpi/src/extension/tool-capture-registry.test.ts:
(pass) tool capture registry > #given components register tools #when captured #then every injected tool exposes a callable execute [0.17ms]
(pass) tool capture registry > #given captured tools #when filtered for a child #then lsp tools remain but the task/team family is excluded [0.13ms]
(pass) tool capture registry > #given a non-tool value #when registered #then it is not captured but still forwarded [0.09ms]

packages/omo-senpi/src/extension/deferred-startup-work.test.ts:
(pass) deferred startup construction > #given a session that never yields a tool result #when the lsp component registers #then its formatter is never constructed and the tool surface is complete [0.58ms]
(pass) deferred startup construction > #given a registered lsp component #when mutation tool results arrive #then the formatter is constructed once and reused [0.63ms]
(pass) deferred session_start work > #given a component that defers startup work #when session_start fires #then the work runs on the scheduled tick and not on the dispatch path [0.24ms]
(pass) deferred session_start work > #given deferred startup work #when the session shuts down before its tick #then the pending work is cancelled [0.18ms]
(pass) deferred session_start work > #given the production first-paint gate #when session_start fires #then the work waits for the first post-paint edge [0.16ms]
(pass) deferred session_start work > #given the init-deep advisor #when session_start fires #then its preflight is scheduled instead of running on the dispatch path [0.15ms]

packages/omo-senpi/src/extension/compose.test.ts:
(pass) composeOmoSenpiExtension > #given enabled components #when composed and an event dispatches #then registers flags components and drives fake handlers [0.26ms]
omo-senpi component disabled by flag {
  component: "beta",
}
(pass) composeOmoSenpiExtension > #given one component disabled by flag #when composed #then skips exactly that component [0.17ms]
(pass) composeOmoSenpiExtension > #given a component throws #when composed #then logs the error and registers later components [0.26ms]
(pass) composeOmoSenpiExtension > #given a component using optional registerMcpServer on an old API #when composed #then skips that component and registers later components [0.16ms]
(pass) composeOmoSenpiExtension > #given a fake missing sendMessage #when composed #then logs one version mismatch and registers nothing [0.13ms]
(pass) composeOmoSenpiExtension > #given a deferred idle-injection flush armed inside the batch window #when session_shutdown(reload) invalidates the API before the timer fires #then the flush neither throws nor calls sendMessage [0.24ms]
(pass) composeOmoSenpiExtension > #given a completion queued inside the batch window #when session_shutdown(reload) retires the coordinator #then its producer gets a failure receipt and later enqueues are refused [0.16ms]
(pass) composeOmoSenpiExtension > #given the default logger #when a component logs info #then it goes to the stderr console, never stdout, without a trailing undefined [0.17ms]

packages/omo-senpi/src/extension/sdk-root-provisioning.test.ts:
(pass) #given extension activation #when a component registers #then both SDK roots are already published [0.28ms]
(pass) #given an SDK directory #when provisioned #then only an existing root is published [0.67ms]

packages/omo-senpi/src/extension/session-start-ordering.test.ts:
(pass) session_start component ordering > #given the production component list #when startup handlers are ordered #then onboarding immediately precedes the advisor after native badge [0.26ms]
(pass) session_start component ordering > #given real onboarding state and an active ulw loop #when startup then agent_end fire #then onboarding is preserved and the first-session advisor stays detached and suppressed [154.75ms]

packages/omo-senpi/src/components/ast-grep/index.test.ts:
(pass) createAstGrepComponent > #given a staged runtime in a parent session #when registered #then declares the lazy Anthropic-safe _ast_grep MCP server [0.94ms]
(pass) createAstGrepComponent > #given a staged runtime in a child session #when registered #then declares the lazy Anthropic-safe _ast_grep MCP server [0.61ms]
(pass) createAstGrepComponent > #given OMO_AST_GREP_PROJECT_CWD #when registered #then passes the explicit project cwd through [0.62ms]
(pass) createAstGrepComponent > #given the staged entry is absent #when registered #then skips cleanly and warns [0.16ms]

packages/omo-senpi/src/components/config-startup/index.test.ts:
(pass) runSenpiStartupMigration > #given both legacy source groups without an OpenCode boot #when Senpi starts #then the core migration engine migrates both into the unified config [2.45ms]
(pass) runSenpiStartupMigration > #given OpenCode and Senpi race on the first legacy migration #when Senpi holds the injected core lock #then exactly one caller migrates [0.90ms]
(pass) createConfigStartupComponent > #given migration results and config diagnostics #when session_start captures a UI #then it reports both once through that UI [0.20ms]
(pass) createConfigStartupComponent > #given a migration target with a conflicting provider setting #when session_start captures a UI #then it reports the skipped-conflict diagnostic once [0.79ms]
(pass) createConfigStartupComponent > #given config diagnostics without a UI #when session_start fires #then it logs a single fallback warning [0.14ms]
(pass) createConfigStartupComponent > #given a retired agents.momus key in omo.json #when session_start captures a UI #then nothing is reported about it [0.12ms]
(pass) notificationMessages > #given retired agents.momus and agents.metis keys #when notices are built #then no notice is produced for them [0.10ms]
(pass) notificationMessages > #given only canonical and custom agent keys #when notices are built #then no alias-deprecated notice is produced [0.10ms]

packages/omo-senpi/src/components/memory/identity-runtime.test.ts:
(pass) memory identity runtime > #given an unresolved reflection child command #when the real lazy sandbox is constructed #then the unsandboxed escape reaches the injected logger [3.11ms]
(pass) memory identity runtime agent-dir resolution > #given a rendered reflection sandbox #when OMO_CODING_AGENT_DIR is set #then the agent-dir runtimeWrites grant equals the resolved agent dir [3.17ms]
(pass) memory identity runtime agent-dir resolution > #given a rendered reflection sandbox #when only SENPI_CODING_AGENT_DIR is set #then the agent-dir runtimeWrites grant equals the resolved agent dir [3.23ms]
(pass) memory identity runtime agent-dir resolution > #given a rendered reflection sandbox #when no agent-dir env is set #then the agent-dir runtimeWrites grant equals the sentinel-gated branded home [3.33ms]
(pass) memory identity runtime agent-dir resolution > #given a rendered reflection sandbox #when the child environment is transformed #then every agent-dir variable pins the granted directory [3.02ms]
(pass) memory identity runtime agent-dir resolution > #given an inherited agent-dir variable pointing elsewhere #when the reflection child environment is built #then the pin wins and no second home is granted [3.83ms]

packages/omo-senpi/src/components/memory/recall-reingestion.test.ts:
(pass) recall re-ingestion guard > #given an injected recall hint in the branch #when session entries are projected #then only real conversation rows survive [0.48ms]
(pass) recall re-ingestion guard > #given a reconciled session containing a recall hint #when the facts payload and the reflection snapshot read the journal #then neither carries the hint [5.92ms]

packages/omo-senpi/src/components/memory/policy-guard-denied-roots.test.ts:
(pass) memory filesystem policy denied roots > #given a durable sibling that only appears after registration #when deniedRoots is first read #then it is resolved against the filesystem at read time [3.55ms]
(pass) memory filesystem policy denied roots > #given deniedRoots already read once #when another durable sibling appears #then the read snapshot is reused instead of re-enumerating [3.27ms]

packages/omo-senpi/src/components/memory/dream-trigger.test.ts:
(pass) resolveDreamTriggerSettings > #given base dream settings #when no agent override exists #then the base values resolve [0.18ms]
(pass) resolveDreamTriggerSettings > #given a per-agent dream override #when resolving #then overridden fields win and the rest inherit [0.11ms]
(pass) evaluateDreamGates > #given every gate failing #when the origin is manual #then the gates are bypassed without probing [0.13ms]
(pass) evaluateDreamGates > #given dream disabled #when an idle origin evaluates #then it is rejected before probing [0.11ms]
(pass) evaluateDreamGates > #given dream disabled #when a pressure origin evaluates #then it is rejected before probing [0.10ms]
(pass) evaluateDreamGates > #given shutdown_launch disabled #when a shutdown origin evaluates #then it is rejected before probing [0.10ms]
(pass) evaluateDreamGates > #given the last dream exactly min_hours_between ago #when an idle origin evaluates #then the spacing gate rejects without a volume probe [0.10ms]
(pass) evaluateDreamGates > #given the last dream one millisecond past min_hours_between #when an idle origin evaluates #then it is allowed [0.11ms]
(pass) evaluateDreamGates > #given the last dream exactly min_hours_between ago #when pressure evaluates #then spacing rejects without probing volume [0.10ms]
(pass) evaluateDreamGates > #given pressure is past dream spacing #when unreflected volume is zero #then it is allowed without probing volume [0.10ms]
(pass) evaluateDreamGates > #given no recorded dream #when an idle origin evaluates #then the spacing gate passes [0.10ms]
(pass) evaluateDreamGates > #given unreflected volume exactly at the floor #when an idle origin evaluates #then the volume gate rejects [0.09ms]
(pass) evaluateDreamGates > #given unreflected volume one byte above the floor #when a shutdown origin evaluates #then it is allowed [0.10ms]

packages/omo-senpi/src/components/memory/recall-wiring.test.ts:
(pass) RECALL_CUSTOM_TYPE > #given the recall injection channel #when the custom type is read #then it is the kibitzer recall channel [0.44ms]
(pass) resolveAgentRecallSettings > #given a per-agent recall override with a partial event_caps #when resolved for that agent #then the sidecar settings merge per field and the other agents keep the root values [0.15ms]
(pass) createMemoryRecallWiring collectCandidates > #given a settled session matching the corpus #when candidates are collected #then the matching path is returned [433.30ms]
(pass) createMemoryRecallWiring collectCandidates > #given a transcript-visible path in user text #when candidates are collected #then only the absent control remains [455.97ms]
(pass) createMemoryRecallWiring collectCandidates > #given a transcript-visible path in assistant text #when candidates are collected #then only the absent control remains [514.98ms]
(pass) createMemoryRecallWiring collectCandidates > #given a transcript-visible path in tool call arguments #when candidates are collected #then only the absent control remains [460.00ms]
(pass) createMemoryRecallWiring collectCandidates > #given a transcript-visible path in tool result text #when candidates are collected #then only the absent control remains [471.26ms]
(pass) createMemoryRecallWiring collectCandidates > #given a transcript-visible path in nested tool result details #when candidates are collected #then only the absent control remains [461.55ms]
(pass) createMemoryRecallWiring collectCandidates > #given a transcript-visible path in custom message #when candidates are collected #then only the absent control remains [446.13ms]
(pass) createMemoryRecallWiring collectCandidates > #given a path with suffix .bak #when candidates are collected #then filename boundaries determine exclusion [516.76ms]
(pass) createMemoryRecallWiring collectCandidates > #given a path with suffix x #when candidates are collected #then filename boundaries determine exclusion [522.20ms]
(pass) createMemoryRecallWiring collectCandidates > #given a path with suffix _backup #when candidates are collected #then filename boundaries determine exclusion [461.65ms]
(pass) createMemoryRecallWiring collectCandidates > #given a path with suffix -backup #when candidates are collected #then filename boundaries determine exclusion [454.99ms]
(pass) createMemoryRecallWiring collectCandidates > #given a path with suffix /child.md #when candidates are collected #then filename boundaries determine exclusion [459.74ms]
(pass) createMemoryRecallWiring collectCandidates > #given a path with suffix 한글 #when candidates are collected #then filename boundaries determine exclusion [474.62ms]
(pass) createMemoryRecallWiring collectCandidates > #given a path with suffix ]] #when candidates are collected #then filename boundaries determine exclusion [457.42ms]
(pass) createMemoryRecallWiring collectCandidates > #given a path with suffix ` #when candidates are collected #then filename boundaries determine exclusion [476.22ms]
(pass) createMemoryRecallWiring collectCandidates > #given a path with suffix ) #when candidates are collected #then filename boundaries determine exclusion [487.23ms]
(pass) createMemoryRecallWiring collectCandidates > #given a path with suffix
next line #when candidates are collected #then filename boundaries determine exclusion [456.02ms]
(pass) createMemoryRecallWiring collectCandidates > #given a real absolute memory path in tool arguments #when candidates are collected #then only the absent control remains [476.26ms]
(pass) createMemoryRecallWiring collectCandidates > #given a transcript-visible path with 199 newer entries #when collected #then the last 200 entries bound exclusion [432.73ms]
(pass) createMemoryRecallWiring collectCandidates > #given a transcript-visible path with 200 newer entries #when collected #then the last 200 entries bound exclusion [425.20ms]
(pass) createMemoryRecallWiring collectCandidates > #given a transcript-visible path in a captured snapshot #when collected twice #then exclusion is deterministic and session-local [434.33ms]
(pass) createMemoryRecallWiring collectCandidates > #given only assistant prose mentioning the corpus #when candidates are collected #then nothing is collected [378.67ms]
(pass) createMemoryRecallWiring collectCandidates > #given more matching documents than max_items #when candidates are collected #then the cap holds [488.54ms]
(pass) createMemoryRecallWiring collectCandidates > #given a path already surfaced in the session #when candidates are collected #then it never repeats [502.29ms]
(pass) createMemoryRecallWiring collectCandidates > #given memory-owned hidden entries carrying the only match #when candidates are collected #then they are excluded from the query window [372.82ms]
(pass) createMemoryRecallWiring collectCandidates > #given recall disabled by config #when candidates are collected #then nothing is collected [383.76ms]
(pass) createMemoryRecallWiring collectCandidates > #given a per-agent recall override #when candidates are collected #then the override beats the base block [380.87ms]
(pass) createMemoryRecallWiring collectCandidates > #given a memory worker child sentinel #when candidates are collected #then nothing is collected [378.78ms]
(pass) createMemoryRecallWiring collectCandidates > #given a settled turn #when candidates are collected #then the judge input carries both roles and the surfaced set [488.72ms]
(pass) createMemoryRecallWiring collectCandidates > #given an unbound session #when candidates are collected #then nothing is collected [369.12ms]
(pass) createMemoryRecallWiring collectCandidates > #given conversation text matching nothing in the corpus #when candidates are collected #then nothing is collected [438.27ms]
(pass) createMemoryRecallWiring collectCandidates > #given a collectFrom call with a neutral user text and extraTexts naming a word from a seeded memory description #when candidates are collected #then that candidate is yielded [478.45ms]
(pass) createMemoryRecallWiring collectCandidates > #given a corpus load failure #when candidates are collected #then the settle path is unaffected and the failure is logged [375.53ms]

packages/omo-senpi/src/components/memory/memory-rpc-wiring.test.ts:
(pass) memory rpc wiring > #given an rpc-capable host with a bound memory session > #when the session binds #then one memory snapshot reaches rpc clients [13.15ms]
(pass) memory rpc wiring > #given an rpc-capable host with a bound memory session > #when memory state changes across the session lifecycle #then each change emits exactly once [15.91ms]
(pass) memory rpc wiring > #given an rpc-capable host with a bound memory session > #when unchanged state replays through the lifecycle #then no duplicate snapshot is published [15.26ms]
(pass) memory rpc wiring > #given an rpc-capable host with a bound memory session > #when a reflection launches #then the snapshot reports the active run [13.70ms]
(pass) memory rpc wiring > #given an rpc-capable host with a bound memory session > #when a live reflection completion is delivered #then the footer and rpc snapshot become idle [842.21ms]
(pass) memory rpc wiring > #given an rpc-capable host with a bound memory session > #when a pending completion is drained at bind #then the same active run becomes idle [13.05ms]
(pass) memory rpc wiring > #given an rpc-capable host with a bound memory session > #when a client pulls the status method #then it receives the live snapshot [12.07ms]
(pass) memory rpc wiring > #given an rpc-capable host with a bound memory session > #when memory tools return repeatedly #then the once-only footer latch still holds [3.37ms]
(pass) memory rpc wiring > #given an unbound session on an rpc-capable host > #when lifecycle events fire #then no memory snapshot is published [2.85ms]
(pass) memory rpc wiring > #given a host without rpc support > #when the session lifecycle runs #then nothing throws and no rpc traffic is recorded [8.27ms]

packages/omo-senpi/src/components/memory/memory-rpc-bridge.test.ts:
(pass) memory rpc bridge > #given a never-written identity #when backfill reads #then no runtime directories are created [1.55ms]
(pass) memory rpc bridge > #given equal timestamps and consumed records #when paging #then keys advance and completion bytes stay unchanged [18.11ms]
(pass) memory rpc bridge > #given malformed request {"limit":0} #when paging #then it is rejected [2.25ms]
(pass) memory rpc bridge > #given malformed request {"limit":101} #when paging #then it is rejected [1.76ms]
(pass) memory rpc bridge > #given malformed request {"limit":1.5} #when paging #then it is rejected [1.60ms]
(pass) memory rpc bridge > #given malformed request {"cursor":"../secret"} #when paging #then it is rejected [1.26ms]
(pass) memory rpc bridge > #given malformed request {"cursor":"e30"} #when paging #then it is rejected [1.34ms]
(pass) memory rpc bridge > #given malformed request {"directory":"/tmp"} #when paging #then it is rejected [1.41ms]
(pass) memory rpc bridge > #given an in-flight page #when attach changes binding #then the stale result is discarded [1.34ms]
(pass) memory rpc bridge > #given an in-flight page #when detach changes binding #then the stale result is discarded [1.27ms]
(pass) memory rpc bridge > #given an in-flight page #when dispose changes binding #then the stale result is discarded [1.54ms]
(pass) memory rpc bridge > #given a bound session #when reflections are requested #then a read-only page is returned [1.81ms]
(pass) memory rpc bridge > #given a bound memory session and an rpc-capable host > #when the bridge syncs #then it emits one snapshot describing repo, reflection, and journal state [2.76ms]
(pass) memory rpc bridge > #given a bound memory session and an rpc-capable host > #when the same state syncs twice #then the identical second snapshot is suppressed [2.27ms]
(pass) memory rpc bridge > #given a bound memory session and an rpc-capable host > #when HEAD moves #then the changed state emits a fresh snapshot [1.79ms]
(pass) memory rpc bridge > #given a bound memory session and an rpc-capable host > #when the failure streak grows #then the changed health emits a fresh snapshot [2.69ms]
(pass) memory rpc bridge > #given a bound memory session and an rpc-capable host > #when a client calls the status method #then the current snapshot round-trips without emitting [1.51ms]
(pass) memory rpc bridge > #given no bound memory session > #when the bridge syncs #then nothing is emitted and no git runs [0.13ms]
(pass) memory rpc bridge > #given no bound memory session > #when a client calls the status method #then it reports the unbound state [0.14ms]
(pass) memory rpc bridge > #given a host without rpc support > #when the bridge attaches and syncs #then it stays a silent no-op [1.37ms]
(pass) memory rpc bridge > #given a host without rpc support > #when the host emits but cannot handle requests #then snapshots still publish [1.60ms]
(pass) memory rpc bridge > #given a detached bridge > #when it syncs after detach #then no snapshot is published and re-attach republishes [1.69ms]
(pass) memory rpc bridge > #given a detached bridge > #when the repo has no HEAD #then the snapshot omits commit facts instead of throwing [1.94ms]
(pass) memory rpc bridge > #given a real two-commit memory repo > #when the bridge syncs #then the snapshot carries size and timeline fields at schemaVersion 1 [634.18ms]

packages/omo-senpi/src/components/memory/capabilities.test.ts:
(pass) missingMemoryCapabilities > #given the real memory persistence surface #when checked #then no capability is missing [0.17ms]
(pass) missingMemoryCapabilities > #given the base fake without custom-entry APIs #when checked #then both required capabilities are reported [0.11ms]

packages/omo-senpi/src/components/memory/transient-run-lifecycle.test.ts:
(pass) transient one-shot memory runs > #given a headless one-shot run #when it writes runtime state #then nothing lands under the agents root and the run root is reclaimed at shutdown [9.61ms]
(pass) transient one-shot memory runs > #given an interactive run #when it writes runtime state #then the durable identity directory is used and kept [6.77ms]
(pass) transient one-shot memory runs > #given an enabled memory component #when it registers #then the transient sweep runs for the resolved memory root without any user action [0.70ms]

packages/omo-senpi/src/components/memory/skills-usage-tracker.test.ts:
(pass) SkillsUsageTracker > #given a read of skills/foo/SKILL.md #when recordRead is called then flushed #then foo.count is 1 [5.59ms]
(pass) SkillsUsageTracker > #given a non-skill read #when recordRead is called then flushed #then ledger is empty [3.01ms]
(pass) SkillsUsageTracker > #given multiple reads of the same skill before flush #when flushed #then count reflects all reads [5.66ms]
(pass) SkillsUsageTracker > #given reads of multiple skills #when flushed #then all skills are present [4.88ms]

packages/omo-senpi/src/components/memory/skills-usage.test.ts:
(pass) extractSkillId > #given a path inside skills/foo #when extracted #then returns the skill id [1.41ms]
(pass) extractSkillId > #given a path inside notes #when extracted #then returns undefined [1.80ms]
(pass) extractSkillId > #given a path outside the repo #when extracted #then returns undefined [1.68ms]
(pass) incrementSkillUsage > #given a fresh ledger #when incrementing skill foo #then count is 1 and lastUsedAt is set [3.46ms]
(pass) incrementSkillUsage > #given an existing ledger with count 1 #when incrementing foo again #then count is 2 [5.61ms]
(pass) incrementSkillUsage > #given non-skill reads #when checking the ledger #then no entries are created [4.36ms]
(pass) incrementSkillUsage > #given concurrent two-session interleaving #when both sessions increment different skills under lock #then no increment is lost [7.92ms]
(pass) incrementSkillUsage > #given two sessions incrementing the SAME skill concurrently #when both acquire the lock serially #then count is 2 (no lost update) [30.52ms]

packages/omo-senpi/src/components/memory/facts-runner-people.test.ts:
(pass) people routing gate > #given default people settings #when a person record is applied #then it routes to the person ledger with a new card [1100.68ms]
(pass) people routing gate > #given people routing disabled #when a person record is applied #then it falls back to monthly notes [909.54ms]

packages/omo-senpi/src/components/memory/sandbox.test.ts:
(pass) reflection worker OS sandbox > #given the reflection sandbox transform with the agent dir in runtimeWrites #when the Darwin profile is generated #then the whole agent dir is writable, so every senpi lock file under it (settings, auth, hooks-state) is too [2.17ms]
(pass) reflection worker OS sandbox > #given the real Darwin seatbelt #when a child writes inside the worktree and its parent repo #then only the worktree write succeeds [40.20ms]
(pass) reflection worker OS sandbox > #given Darwin payloads and a foreign agent root #when the profile is generated #then payload reads and network remain allowed while foreign reads are denied [1.87ms]
(pass) reflection worker OS sandbox > #given the Darwin profile #when git-shell children run inside it #then device nodes they stream through stay writable [1.47ms]
(pass) reflection worker OS sandbox > #given Linux with bwrap available #when spawn arguments are transformed #then the root is read-only while worktree and git state are rebound writable [1.54ms]
(pass) reflection worker OS sandbox > #given a bare inner command available on the child PATH #when sandbox arguments are transformed #then the wrapper receives its absolute path [1.44ms]
(pass) reflection worker OS sandbox > #given a bare inner command missing from the child PATH #when sandbox arguments are transformed #then it degrades to identity with an explicit warning [1.61ms]
(pass) reflection worker OS sandbox > #given required policy without a platform sandbox #when the transform is built #then a typed unavailable error is thrown [1.39ms]
(pass) reflection worker OS sandbox > #given auto policy without a platform sandbox #when spawn arguments are transformed #then they pass through with an explicit warning [1.28ms]
(pass) reflection worker OS sandbox > #given off policy #when the transform is built and used #then detection is skipped and spawn arguments pass through [1.14ms]
(pass) reflection worker OS sandbox > #given Linux where bwrap exists but cannot create a user namespace #when auto policy is used #then spawn arguments pass through with a warning naming the probe reason [1.23ms]
(pass) reflection worker OS sandbox > #given Linux where bwrap exists but cannot create a user namespace #when required policy is used #then the build fails closed with a typed error [1.32ms]
(pass) reflection worker OS sandbox > #given Linux where the bwrap probe reports a usable sandbox #when spawn arguments are transformed #then the child is still wrapped [1.65ms]
(pass) reflection worker OS sandbox > #given off policy on Linux #when the transform is built #then the usability probe never runs [1.33ms]
(pass) reflection worker OS sandbox > #given Linux where bwrap is absent #when auto policy is used #then the missing-executable path wins and the probe never runs [1.27ms]
(pass) reflection worker OS sandbox > #given Darwin with sandbox-exec available #when the transform is built #then the bwrap probe never runs [1.56ms]

packages/omo-senpi/src/components/memory/index.test.ts:
(pass) createMemoryComponent > #given missing custom-entry capabilities #when registered #then it warns once and registers nothing [0.28ms]
(pass) createMemoryComponent > #given no memory section #when config resolves #then memory defaults enabled with the auto identity [0.17ms]
(pass) createMemoryComponent > #given no memory key in config #when resolved through adapter fallback #then it matches parsing {} through the schema [0.14ms]
(pass) createMemoryComponent > #given disabled config or a global/component disable flag #when registered #then the host registration surface is byte-identical [0.17ms]
(pass) createMemoryComponent > #given a memory child sentinel in env #when registered #then memory registers nothing so a forked child cannot recurse [0.20ms]
(pass) createMemoryComponent > #given the sentinel is absent or not exactly 1 #when registered #then memory stays enabled [0.79ms]
(pass) createMemoryComponent > #given enabled memory #when session_start binds an auto identity #then it appends a hidden binding and performs no filesystem writes [0.67ms]
(pass) createMemoryComponent > #given a session whose session_start never reached this runner #when before_agent_start fires with a matching recorded binding #then the identity is rebound exactly once [0.60ms]
(pass) createMemoryComponent > #given a recorded binding whose memory repository differs #when before_agent_start fires twice #then the rebind fails closed, notifies once, warns once and binds nothing [0.48ms]
(pass) createMemoryComponent > #given a session bound at session_start #when before_agent_start fires #then no second binding is appended and no second reference is taken [0.43ms]
(pass) createMemoryComponent > #given enablement latched false at session_start or an event without a session id #when before_agent_start fires #then nothing is bound [0.38ms]
(pass) createMemoryComponent > #given a resumed session bound to another identity #when session_start resolves fresh config #then it notifies an error and fails closed without rebinding [0.40ms]
(pass) createMemoryComponent > #given enablement latched false or true at session_start #when config reload flips it #then registration stays fixed and restart notice appears once [3.10ms]
(pass) createMemoryComponent > #given per-instance module state #when session_shutdown fires #then the identity context and supervisor reference are released [2.50ms]
(pass) createMemoryComponent > #given a stale footer #when session start exits disabled or conflicted #then the status is cleared first [1.20ms]

packages/omo-senpi/src/components/memory/prompt.test.ts:
(pass) MEMORY_PROMPT_TEMPLATE > #given the compiled-block cache key #when the template id is read #then it is the v3 stable template [0.13ms]
(pass) createMemoryPromptHandler > #given an unbound or disabled session #when before_agent_start dispatches #then the handler returns undefined and never touches the repo [369.26ms]
(pass) createMemoryPromptHandler > #given an event context without a session manager #when before_agent_start dispatches #then the handler returns undefined [396.65ms]
(pass) createMemoryPromptHandler > #given a bound identity whose branch compacted #when before_agent_start dispatches #then the prompt gains a stable sentinel block and the compacted-out count arrives late [424.45ms]
(pass) createMemoryPromptHandler > #given a branch that never compacted and no other notice line #when before_agent_start dispatches #then no compacted-out line and no message at all are injected [428.85ms]
(pass) createMemoryPromptHandler > #given a compaction whose firstKeptEntryId is the eighth branch entry with five messages before it #when the notice renders #then it reports five compacted-out messages [431.07ms]
(pass) createMemoryPromptHandler > #given a compaction whose firstKeptEntryId is no longer on the branch #when the notice renders #then it counts the messages before the compaction entry [422.72ms]
(pass) createMemoryPromptHandler > #given the same identity and HEAD across sessions and turns #when volatile notices change #then the system block stays byte-identical and notices travel as a late message [458.83ms]
(pass) createMemoryPromptHandler > #given committed system memory below the soft threshold #when before_agent_start compiles #then the block stays byte-identical to the pre-pressure format [493.84ms]
(pass) createMemoryPromptHandler > #given committed system memory exactly at floor eighty percent of the advisory #when before_agent_start compiles #then one actionable pressure line carries N M and P [533.43ms]
(pass) createMemoryPromptHandler > #given a system file holding invalid UTF-8 #when the pressure line is compiled #then it counts what the model will be shown, not the stored blob size [698.29ms]
(pass) createMemoryPromptHandler > #given the estimate's own read fails #when the pressure line is compiled #then the failure surfaces instead of passing for no pressure [473.03ms]
(pass) createMemoryPromptHandler > #given nudge state at the threshold #when before_agent_start compiles #then the late message carries the behavioral nudge token [668.97ms]
(pass) createMemoryPromptHandler > #given a reflection soul notice #when before_agent_start compiles #then the late message carries the soul token and short sha [523.93ms]
(pass) createMemoryPromptHandler > #given an out-of-band soul commit #when the prompt compiles repeatedly at the same HEAD #then the soul line appears exactly once [779.96ms]
(pass) createMemoryPromptHandler > #given another extension already rewrote the system prompt #when the handler runs #then the foreign text survives and the block is appended [488.27ms]
(pass) createMemoryPromptHandler > #given an unchanged HEAD #when the handler runs twice #then HEAD is re-checked each run while the block compiles once [468.72ms]
(pass) createMemoryPromptHandler > #given pressure advisory enabled and an unchanged HEAD #when the handler runs twice #then the tree is listed and the system blobs are read once, not once per prompt [580.78ms]
(pass) createMemoryPromptHandler > #given a commit between runs #when the next dispatch happens #then the new content appears while the prior result keeps the old content [777.00ms]
(pass) createMemoryPromptHandler > #given a prompt already carrying our sentinel block #when the handler runs #then the block is replaced, not duplicated [523.38ms]

packages/omo-senpi/src/components/memory/facts-payload-cap.test.ts:
(pass) facts payload byte cap > #given a launched facts run #when facts-payload.json is read #then its bytes equal serializeFactsPayload(payload) and equal the inlined prompt payload [923.42ms]
(pass) facts payload byte cap > #given a backlog larger than the cap #when a launch runs #then the payload stays within the cap and only shipped endpoints are consumed [1480.12ms]
(pass) facts payload byte cap > #given a conversation whose older entry is unconsumed #when the cap forbids both #then neither ships and the watermark stays put [916.85ms]

packages/omo-senpi/src/components/memory/memory-notice-wiring.test.ts:
(pass) createMemoryNoticeWiring direct surface > #given a soul commit #when onCommit fires #then exactly one soul notice is emitted with the commit facts [0.68ms]
(pass) createMemoryNoticeWiring direct surface > #given a non-soul commit #when onCommit fires #then no entry is appended [0.49ms]
(pass) createMemoryNoticeWiring direct surface > #given edit_notice disabled #when a soul commit arrives #then no visible entry is appended [0.47ms]
(pass) createMemoryNoticeWiring direct surface > #given the edit_notice resolver #when a soul commit arrives #then it is asked for THIS identity [0.54ms]
(pass) createMemoryNoticeWiring direct surface > #given a wiring that never registered #when onCommit fires #then it is a no-op instead of throwing [0.46ms]
(pass) createMemoryNoticeWiring direct surface > #given registration #when the component registers #then the soul entry renderer is registered [0.47ms]

packages/omo-senpi/src/components/memory/recall-openers.test.ts:
(pass) recall opener pool > #given the shipped pool #then it holds exactly 100 unique valid lead-ins [0.26ms]
(pass) recall opener pool > #given the default opener #then it is the first pool member [0.09ms]
(pass) isValidOpener > #given a short single-line phrase #then it is valid [0.12ms]
(pass) isValidOpener > #given empty, overlong, multi-line, control-bearing, or non-string input #then it is invalid [0.10ms]
(pass) createRecallOpenerPicker > #given a constant rng #when one session picks twice #then the second pick avoids the first while another session may repeat it [0.13ms]
(pass) createRecallOpenerPicker > #given a forgotten session #when it picks again #then the previous opener is eligible again [0.10ms]
(pass) createRecallOpenerPicker > #given a single-entry pool #when a session picks twice #then the same entry is returned [0.09ms]
(pass) createRecallOpenerPicker > #given a seeded rng #when a session picks many times #then every pick is a pool member and no two consecutive picks repeat [0.52ms]
(pass) createRecallOpenerPicker > #given an out-of-range rng #when picking #then the index is clamped into the pool [0.15ms]

packages/omo-senpi/src/components/memory/status-live.test.ts:
(pass) memory footer live > #given an active reflection run #when frames tick at the animation cadence #then the memory key cycles reflecting frames [0.27ms]
(pass) memory footer live > #given the animation is running #when the interval is inspected #then it uses the 320ms cadence [0.12ms]
(pass) memory footer live > #given a run that settles #when the run is marked inactive #then the timer stops and the segment line is restored [0.15ms]
(pass) memory footer live > #given an animating run #when dispose runs for a session shutdown #then no interval survives and no further status is published [0.09ms]
(pass) memory footer live > #given no bound identity #when activity is reported #then nothing animates and no timer starts [0.09ms]
(pass) memory footer live > #given repeated activation for the same run #when setActive is called twice #then a single interval is live [0.09ms]
(pass) memory footer live > #given an unchanged fingerprint #when refresh is requested twice #then the second refresh does no recompute [0.11ms]
(pass) memory footer live > #given HEAD moves after a cached refresh #when the fingerprint changes #then the stale footer is replaced [0.11ms]
(pass) memory footer live > #given a run is active #when a segment refresh is requested #then the spinner is not overwritten [0.11ms]
(pass) memory footer live > #given a refresh source that throws #when refresh runs #then the failure is swallowed and no status is published [0.14ms]
(pass) memory footer live > #given an animating run #when stop runs for a footer clear #then the interval dies and no further status is published [0.10ms]
(pass) memory footer live > #given a stopped footer #when a later session activates a run #then animation resumes [0.09ms]
(pass) memory footer live > #given a disposed footer #when activity or refresh arrive afterwards #then no status is published [0.09ms]

packages/omo-senpi/src/components/memory/dream-trigger-manual.test.ts:
(pass) manual dream origin > #given a fresh sub-floor transcript and a recent dream #when a manual dream is requested #then it launches past every gate [6.55ms]
(pass) manual dream origin > #given dream disabled #when a manual dream is requested #then it still launches [4.22ms]
(pass) manual dream origin > #given explicit conversation ids #when a manual dream is requested #then those conversations are reserved [3.06ms]
(pass) manual dream origin > #given no unreflected content anywhere #when a manual dream is requested #then it declines to reserve [1.64ms]
(pass) dream reservation integration > #given an active reflection run #when the idle timer fires #then the dream queues as pending and does not launch [6.87ms]

packages/omo-senpi/src/components/memory/memory-write-render.test.ts:
(pass) memory tool row framing > #when pending #then one padded Box owns the call line and pending background [1.05ms]
(pass) memory tool row framing > #when a result errors #then the original Box carries error background and plain text [0.32ms]
(pass) memory tool row framing > #when a notice is enabled (expanded=%s) #then call and notice share one custom background [1.43ms]
(pass) memory tool row framing > #when a notice is enabled (expanded=%s) #then call and notice share one custom background [0.50ms]
(pass) memory tool row framing > #when success has no enabled notice (enabled=%s) #then the same Box carries plain success [0.18ms]
(pass) memory tool row framing > #when success has no enabled notice (enabled=%s) #then the same Box carries plain success [0.14ms]
(pass) memory tool row framing > #when Senpi mounts both slots on redraw #then the call yields and the result appears exactly once [0.24ms]
(pass) memory tool row framing > #when redrawn with a previous Box #then it is reused without leaking between calls [0.13ms]
(pass) memory tool row framing > #when a rename streams multiline arguments #then its old path stays on one call line [0.22ms]
(pass) memory write notice rendering > #when rendered with a background theme #then every padded line carries customMessageBg [0.30ms]
(pass) memory write notice rendering > #given a successful single-file write > #when it renders collapsed #then the notice reads as a dated memory entry with size and timeline lines [0.26ms]
(pass) memory write notice rendering > #given a successful single-file write > #when it renders expanded #then the detail row carries sha7, identity and subject [0.17ms]
(pass) memory write notice rendering > #given a successful single-file write > #when it renders collapsed #then neither the command name nor the local-commit phrasing leaks [0.16ms]
(pass) memory write notice rendering > #given a successful single-file write > #when the entry count needs an ordinal #then English suffixes are correct [1.71ms]
(pass) memory write notice rendering > #given a successful single-file write > #when a single line was added #then the why sentence is singular [0.17ms]
(pass) memory write notice rendering > #given a successful single-file write > #when the single file also deleted lines #then the why sentence reports the file update [0.13ms]
(pass) memory write notice rendering > #given a successful single-file write > #when several files changed #then the why sentence summarises them [0.13ms]
(pass) memory write notice rendering > #given byte formatting > #when the size crosses the 10K boundary #then one decimal is used below it and an integer above [0.30ms]
(pass) memory write notice rendering > #given byte formatting > #when exactly one file is tracked #then the noun is singular [0.19ms]
(pass) memory write notice rendering > #given a stale consolidation or a deep reflection backlog > #when consolidation is a week old #then the timeline line turns warning toned [0.21ms]
(pass) memory write notice rendering > #given a stale consolidation or a deep reflection backlog > #when 25 steps are unreflected #then the timeline line turns warning toned [0.20ms]
(pass) memory write notice rendering > #given degraded gathering > #when there was no prior commit #then the last-entry field is omitted and nothing throws [0.21ms]
(pass) memory write notice rendering > #given degraded gathering > #when no reflection has ever consolidated #then the consolidation field is omitted [0.20ms]
(pass) memory write notice rendering > #given degraded gathering > #when the journal state is unreadable #then the unreflected field is omitted [0.20ms]
(pass) memory write notice rendering > #given degraded gathering > #when git failed and no per-file counts exist #then the why sentence degrades to the subject line [0.13ms]
(pass) memory write notice rendering > #given degraded gathering > #when the tree size read failed #then the size line is dropped entirely [0.12ms]
(pass) memory write notice rendering > #given degraded gathering > #when the entry count is unavailable #then the title falls back to a plain memory-updated line [0.19ms]
(pass) memory write notice rendering > #given the notice must not render > #when the gate is off #then the plain tool message is rendered verbatim [0.12ms]
(pass) memory write notice rendering > #given the notice must not render > #when the result is an error #then the plain tool message is rendered verbatim [0.12ms]
(pass) memory write notice rendering > #given the notice must not render > #when no writeNotice was gathered #then the plain tool message is rendered verbatim [0.11ms]
(pass) memory write notice rendering > #given the notice must not render > #when details are absent entirely #then the tool text content is rendered [0.11ms]

packages/omo-senpi/src/components/memory/facts-run-prune.test.ts:
(pass) terminal facts run pruning > #given 25 terminal runs #when pruning keeps the last 20 #then the newest 20 survive deterministically [41.13ms]
(pass) terminal facts run pruning > #given the newest run alone exceeds the byte cap #when pruning runs #then the newest is still kept [7.12ms]
(pass) terminal facts run pruning > #given terminal runs past the byte cap #when pruning runs #then only the newest-first prefix under the cap survives [12.12ms]
(pass) terminal facts run pruning > #given runs finishing in the same instant #when pruning sorts them #then the run id breaks the tie deterministically [10.00ms]
(pass) terminal facts run pruning > #given a non-terminal run dir #when pruning runs #then it is never pruned [7.07ms]
(pass) terminal facts run pruning > #given a malformed sentinel #when pruning runs #then the mismatched run is never pruned [4.23ms]
(pass) terminal facts run pruning > #given a live process holding a run's finalize lock #when pruning runs #then that run survives [87.04ms]
(pass) terminal facts run pruning > #given a leftover prune tombstone #when session-start maintenance sweeps #then the tombstone is removed [2.55ms]
(pass) terminal facts run pruning > #given pruning frees a lower attempt name #when a higher attempt survives #then the sequence stays monotonic [11.48ms]
(pass) terminal facts run pruning > #given every trace of a digest is pruned #when it reserves again #then the attempt name IS reused [8.06ms]
(pass) terminal facts run pruning > #given the facts-runs lock held by a live process #when a reservation runs #then it waits rather than racing the scan [101.01ms]
(pass) terminal facts run pruning > #given a tombstone rename #when the deletion runs #then the facts-runs lock is already released [5.71ms]

packages/omo-senpi/src/components/memory/facts-runner-locking.test.ts:
(pass) deterministic facts writer-lock interleavings > #given the lock releases through the injected retry boundary #when finalization retries #then the batch commits and the queue empties [914.21ms]
(pass) deterministic facts writer-lock interleavings > #given the lock remains held for all three attempts #when finalization exhausts retries #then no commit lands and one warning leaves queue and watermarks unchanged [453.80ms]

packages/omo-senpi/src/components/memory/transient-age.test.ts:
(pass) transient age probe > #given a root whose own mtime already proves it active #when it is probed #then no directory is listed [0.22ms]
(pass) transient age probe > #given a stale root whose first fresh entry is the first one read #when it is probed #then the walk stops at that entry [0.15ms]
(pass) transient age probe > #given a tree whose every mtime is at or before the cutoff #when it is probed #then it reports idle [0.11ms]
(pass) transient age probe > #given a stale root whose only fresh write is a deep leaf #when it is probed #then it reports active [0.12ms]
(pass) transient age probe > #given a fresh leaf below the depth bound #when it is probed #then the walk stops short and reports idle [0.11ms]
(pass) transient age probe > #given a root with no readable mtime anywhere #when it is probed #then it reports unknown [0.20ms]
(pass) transient age probe > #given more direct entries than the entry budget #when it is probed #then the walk stops at the budget [1.08ms]

packages/omo-senpi/src/components/memory/facts-drain.test.ts:
(pass) facts post-success drain > #given a 3-batch backlog #when a drain runs #then it launches exactly 3 times and stops at the empty selection [0.19ms]
(pass) facts post-success drain > #given a failure mid-drain #when the drain runs #then it stops on the failure and never attempts again [0.11ms]
(pass) facts post-success drain > #given an aborted signal mid-drain #when the drain continues #then it stops without another attempt [0.12ms]
(pass) facts post-success drain > #given a drain already running #when a second caller launches #then only one launch is active and the queue still drains [893.20ms]

packages/omo-senpi/src/components/memory/facts-in-process-launch.test.ts:
(pass) launchFactsInProcess quick chain > #given a quick fallback #when the facts child is created #then its runtime enables the remaining chain [22.38ms]
(pass) launchFactsInProcess quick chain > #given a quick fallback #when the facts child is created #then its same-model retry budget is one [14.13ms]
(pass) launchFactsInProcess quick chain > #given no fallback #when the facts child is created #then model fallback stays disabled [13.28ms]
(pass) launchFactsInProcess quick chain > #given primary session creation fails #when the next candidate launches #then its chain contains only later rungs [15.22ms]
(pass) launchFactsInProcess quick chain > #given the child turn fails #when the launch settles #then the outer loop does not launch another child [12.42ms]
(pass) launchFactsInProcess quick chain > #given a facts child that records one fact and stops without assistant text #when the launch settles #then the run completes with childExit 0 [12.83ms]
(pass) launchFactsInProcess quick chain > #given a facts child whose turn ends with stopReason error #when the launch settles #then the run still fails [12.02ms]
(pass) launchFactsInProcess quick chain > #given a facts child that records nothing and stops without assistant text #when the launch settles #then the run completes with childExit 0 [12.26ms]

packages/omo-senpi/src/components/memory/tools-apply-patch.test.ts:
(pass) memory tool execution > #given a bound identity #when memory_apply_patch executes #then the patch is applied and committed [928.81ms]
(pass) memory tool execution > #given a bound identity #when memory_apply_patch receives a malformed patch #then the parse error maps to an error result [447.75ms]
(pass) memory tool onCommit seam > #given a bound identity #when memory_apply_patch commits #then onCommit receives the commit metadata [871.57ms]

packages/omo-senpi/src/components/memory/status.test.ts:
(pass) refreshMemoryStatus segments > #given a dirty memory worktree #when refresh runs #then the footer carries the dirty marker [0.83ms]
(pass) refreshMemoryStatus segments > #given a clean worktree with a backlog of fourteen steps #when refresh runs #then the backlog segment renders [1.39ms]
(pass) refreshMemoryStatus segments > #given a zero backlog #when refresh runs #then no backlog segment renders [1.48ms]
(pass) refreshMemoryStatus segments > #given three consecutive reflection failures #when refresh runs #then the streak badge renders [2.38ms]
(pass) refreshMemoryStatus segments > #given automatic reflection is parked #when refresh runs #then the footer says paused after the streak badge [2.47ms]
(pass) refreshMemoryStatus segments > #given only two consecutive failures #when refresh runs #then no streak badge renders [1.98ms]
(pass) refreshMemoryStatus segments > #given dirty, backlog, and streak all present #when refresh runs #then segments render in fixed order [2.56ms]
(pass) refreshMemoryStatus segments > #given an assembled line over sixty characters #when refresh runs #then segments drop right to left until it fits [2.29ms]
(pass) refreshMemoryStatus segments > #given a base line already past the width budget #when refresh runs #then every segment drops [2.54ms]
(pass) refreshMemoryStatus segments > #given a repo with no HEAD #when refresh runs #then no git status work happens [1.26ms]
(pass) refreshMemoryStatus segments > #given footer rendering disabled #when refresh runs #then no git status call happens [1.05ms]
(pass) refreshMemoryStatus segments > #given a future commit timestamp with dirty state #when refresh runs #then the future-age guard still suppresses the footer [0.36ms]
(pass) refreshMemoryStatus segments > #given git status throws #when refresh runs #then the base footer still renders [0.61ms]
(pass) refreshMemoryStatus > #given a committed HEAD ninety seconds old #when refresh runs #then footer shows system-clock-relative age [0.27ms]
(pass) refreshMemoryStatus > #given committed HEAD ages across display buckets #when refresh runs #then compact labels follow the system clock [0.36ms]
(pass) refreshMemoryStatus > #given system memory exactly at the soft pressure threshold #when refresh runs #then one pressure dream request fires without changing the advisory notify [0.16ms]
(pass) refreshMemoryStatus > #given system memory below the soft pressure threshold #when refresh runs #then no pressure dream request fires [0.12ms]
(pass) refreshMemoryStatus > #given pressure advisory work is already deduped #when refresh runs over threshold #then neither estimate-driven path fires again [0.13ms]
(pass) refreshMemoryStatus > #given system markdown under the advisory threshold #when refresh runs #then no advisory notify fires [497.23ms]
(pass) refreshMemoryStatus > #given system markdown at or above the advisory threshold #when refresh runs #then one warning notify fires with token estimate [497.88ms]
(pass) refreshMemoryStatus > #given footer rendering disabled at session bind #when memory is oversized #then advisory fires without a footer [0.22ms]
(pass) refreshMemoryStatus > #given advisory checking disabled after first memory use #when memory is oversized #then footer renders without another warning [0.32ms]
(pass) refreshMemoryStatus > #given an already-notified session #when refresh runs again over threshold #then no second notify fires [452.31ms]
(pass) refreshMemoryStatus > #given a repo with no HEAD #when refresh runs #then no footer or advisory appears [0.95ms]
(pass) refreshMemoryStatus > #given a committed HEAD without a readable commit timestamp #when refresh runs #then no footer appears [0.19ms]
(pass) refreshMemoryStatus > #given a commit timestamp later than the system clock #when refresh runs #then no footer appears [0.13ms]
(pass) refreshMemoryStatus > #given system files with non-system markdown excluded #when refresh estimates tokens #then only system/**/*.md counts [505.32ms]
(pass) estimateSystemTokensCached > #given the same commit twice #when the estimate is requested #then the second answer is the first one and nothing is re-read [0.23ms]
(pass) estimateSystemTokensCached > #given a different commit #when the estimate is requested #then it is computed again rather than served from the other commit [0.12ms]
(pass) estimateSystemTokensCached > #given the tree cannot be read #when the estimate is requested #then the failure surfaces and is never cached as zero [0.15ms]
(pass) estimateSystemTokensCached > #given a system file holding invalid UTF-8 #when the estimate is requested #then it counts the decoded text the model is shown [0.13ms]

packages/omo-senpi/src/components/memory/facts-launch-gating.test.ts:
(pass) facts launch gating on failure state > #given every pending endpoint is parked #when a launch is attempted #then nothing launches and no run dir is reserved [24.44ms]
(pass) facts launch gating on failure state > #given one parked conversation beside a healthy one #when a launch runs #then only the healthy conversation's entry is carried [920.83ms]
(pass) facts launch gating on failure state > #given a backoff endpoint #when the clock is before nextEligibleAt #then the launch is empty, and at the instant itself it launches [961.03ms]
(pass) facts launch gating on failure state > #given a legacy failure record anchored at snapshot line 0 #when a launch is attempted #then the pair still gates the entry [88.10ms]
(pass) facts launch gating on failure state > #given a corrupt failures.json #when a launch is attempted #then the launch aborts with a typed warning and reserves nothing [10.30ms]
(pass) facts launch gating on failure state > #given a reconcilable dead run whose endpoints are now parked #when reconcile runs #then the run reconciles but nothing relaunches [26.99ms]

packages/omo-senpi/src/components/memory/bind-reconcile-log.test.ts:
(pass) logBindReconcileFailure > #given reflection lock contention #when bind-time reconcile fails #then it logs a recoverable skip [0.14ms]
(pass) logBindReconcileFailure > #given the session was replaced mid-bind #when bind-time reconcile fails #then it logs a recoverable skip [0.10ms]
(pass) logBindReconcileFailure > #given an unexpected failure #when bind-time reconcile fails #then warn severity is kept [0.11ms]

packages/omo-senpi/src/components/memory/dream-trigger-reconcile.test.ts:
(pass) dream session_start reconcile > #given an overdue identity #when session_start reconcile arms and fires #then a dream launches through the idle path [5.55ms]
(pass) dream session_start reconcile > #given a recent dream #when session_start reconcile runs #then no timer or dream is created [1.13ms]
(pass) dream session_start reconcile > #given dreams are disabled #when session_start reconcile runs #then no timer or dream is created [0.80ms]
(pass) dream session_start reconcile > #given an overdue identity #when input arrives before reconcile fires #then the pending timer is cancelled [1.05ms]

packages/omo-senpi/src/components/memory/model-registry-resolver.test.ts:
(pass) resolveMemoryModelRegistry > #given a live ctx holding the concrete senpi registry #when resolved from event context #then that exact instance is returned [0.75ms]
(pass) resolveMemoryModelRegistry > #given a structurally registry-shaped object that is not the concrete class #when resolved #then the boundary rejects it [0.09ms]
(pass) resolveMemoryModelRegistry > #given an incomplete registry #when resolved #then the unsafe boundary is rejected [0.09ms]

packages/omo-senpi/src/components/memory/sandbox-bwrap-probe.test.ts:
(pass) classifyBwrapSmoke > #given a smoke child that exited 0 #when classified #then bwrap is reported usable [0.15ms]
(pass) classifyBwrapSmoke > #given a smoke child killed by the AppArmor user-namespace restriction #when classified #then it is unusable and the reason carries the bwrap stderr [0.10ms]
(pass) classifyBwrapSmoke > #given a smoke child that exited nonzero without stderr #when classified #then the reason still names the exit code [0.09ms]
(pass) classifyBwrapSmoke > #given a smoke child that could not be spawned at all #when classified #then it is unusable with the spawn error [0.11ms]
(pass) classifyBwrapSmoke > #given a smoke child that hung past the timeout #when classified #then it is unusable and the reason names the timeout [0.09ms]
(pass) classifyBwrapSmoke > #given a smoke child that timed out after printing to stderr #when classified #then the timeout wins over the exit classification [0.08ms]
(pass) probeBwrapUsability > #given an executable whose behavior changes after the first probe #when probed twice #then the first verdict is memoized per path [6.35ms]
(pass) probeBwrapUsability > #given an executable that fails its sandbox setup #when probed #then the verdict is unusable and carries its stderr [6.85ms]
(pass) probeBwrapUsability > #given a path that is not an executable at all #when probed #then it is unusable rather than throwing [0.54ms]
(pass) probeBwrapUsability > #given a probed executable #when probed again concurrently #then the second call returns immediately from the memoized promise without spawning again [7.01ms]

packages/omo-senpi/src/components/memory/identity-adoption.test.ts:
(pass) adoptSessionIdentity > #given no recorded binding #when a session binds #then the resolved identity is used [0.20ms]
(pass) adoptSessionIdentity > #given a recorded binding that agrees #when the repository is verified #then the resolved identity is used [0.15ms]
(pass) adoptSessionIdentity > #given a recorded binding whose repository cannot be reproduced #when the repository is verified #then it conflicts [0.10ms]
(pass) adoptSessionIdentity > #given an auto identity that disagrees with the recorded binding #when adopted #then the recorded identity wins with its own paths [0.14ms]
(pass) adoptSessionIdentity > #given an explicitly configured agent that disagrees with the recorded binding #when adopted #then it conflicts [0.19ms]
(pass) adoptSessionIdentity > #given a recorded identity whose repository lived under another memory root #when adopted #then it conflicts instead of silently relocating [0.12ms]

packages/omo-senpi/src/components/memory/facts-runner-abort.test.ts:
(pass) facts runner shutdown abort boundary > #given an aborted drain signal #when launch is attempted #then no run is reserved, no child spawns, and the batch stays retryable [5.06ms]
(pass) facts runner shutdown abort boundary > #given an in-flight facts child #when cancelActive is requested #then it is abandoned without consuming the queue or recording a failure [521.53ms]
(pass) facts runner shutdown abort boundary > #given the abort fires at the batch-id hook mid-composite #when launch proceeds #then the reservation boundary refuses to start [446.83ms]
(pass) facts runner shutdown abort boundary > #given a bind-time reconcile still in flight #when cancelActive is requested #then it settles only after the reconcile stops, and the reconcile launches nothing [10.96ms]

packages/omo-senpi/src/components/memory/dream-trigger-idle.test.ts:
(pass) dream idle timer matrix > #given a settled agent #when the settle event arrives #then an idle timer is armed for idle_minutes [1.55ms]
(pass) dream idle timer matrix > #given an armed idle timer #when the agent settles again #then the first timer is cancelled and a fresh one armed [0.98ms]
(pass) dream idle timer matrix > #given an armed idle timer #when an input event arrives #then the timer resets and the next settle re-arms [8.85ms]
(pass) dream idle timer matrix > #given an armed idle timer #when an agent_start event arrives #then the timer resets and the next settle re-arms [7.69ms]
(pass) dream idle timer matrix > #given an armed idle timer #when a session_compact event arrives #then the timer resets and the next settle re-arms [6.65ms]
(pass) dream idle timer matrix > #given an armed idle timer #when the session shuts down #then the timer is cancelled and a stale fire launches nothing [3.87ms]
(pass) dream idle timer matrix > #given an armed idle timer #when the session aborts #then the timer is cancelled and a stale fire launches nothing [3.64ms]
(pass) dream idle timer matrix > #given idle_minutes zero #when the agent settles #then no timer is armed [2.57ms]
(pass) dream idle timer matrix > #given an armed idle timer #when it fires while the agent is streaming #then no dream is requested [3.62ms]
(pass) dream idle timer matrix > #given an armed idle timer #when it fires with pending messages #then no dream is requested [2.44ms]
(pass) dream idle timer matrix > #given a timer armed from a context without idle probes #when it fires #then no dream is requested [3.17ms]
(pass) dream idle timer matrix > #given an armed timer whose context is retired by session replacement #when it fires #then the tick retires silently [3.36ms]
(pass) dream idle timer matrix > #given an armed timer whose context is retired by a runtime reload #when it fires #then the tick retires silently [2.97ms]
(pass) dream idle timer matrix > #given a timer armed on a context whose idle probe fails for another reason #when it fires #then the error still propagates [3.67ms]
(pass) dream idle timer matrix > #given a timer whose session resolution hits the retired context #when it fires #then the tick retires silently [2.94ms]
(pass) automatic dream gates > #given dream disabled #when the idle timer fires #then no reservation is made [2.77ms]
(pass) automatic dream gates > #given a dream one hour ago #when the idle timer fires #then the spacing gate blocks the launch [3.24ms]
(pass) automatic dream gates > #given unreflected volume exactly at the floor #when the idle timer fires #then the volume gate blocks the launch [4.46ms]
(pass) automatic dream gates > #given every gate passing #when the idle timer fires #then a dream run is reserved and launched [8.41ms]

packages/omo-senpi/src/components/memory/facts-record-tool.test.ts:
(pass) facts record tool > #given malformed records #when the tool is called #then it returns errors and appends nothing [1.60ms]
(pass) facts record tool > #given valid person and project records #when recorded in order #then exact JSONL lines are appended [1.54ms]
(pass) facts record tool > #given an inactive facts run #when a late call arrives #then it returns an error without appending [0.71ms]

packages/omo-senpi/src/components/memory/transient-identity.test.ts:
(pass) transient memory identity runs > #given a one-shot run whose identity owns no repo #when run paths resolve #then the whole runtime tree lives under a transient run root and nothing is created [0.43ms]
(pass) transient memory identity runs > #given an identity that already owns a repo #when a one-shot run resolves paths #then the durable identity paths are used unchanged [2.16ms]
(pass) transient memory identity runs > #given an interactive run #when run paths resolve #then the durable identity paths are used even without a repo [0.61ms]
(pass) transient memory identity runs > #given a transient run that persisted no memory #when the run is finalized #then the transient root is removed and the agents root was never created [2.17ms]
(pass) transient memory identity runs > #given a transient run that never wrote anything #when the run is finalized #then it is reported removed and no directory appears [0.81ms]
(pass) transient memory identity runs > #given a transient run that did persist memory #when the run is finalized #then the tree is kept intact for the sweep to promote instead of being deleted [2.81ms]
(pass) transient memory identity runs > #given a durable run #when it is finalized #then no filesystem work happens at all [1.54ms]
(pass) transient memory identity runs > #given identity roots with and without repo/ #when the discriminator runs #then only the repo owner is durable [2.33ms]
(pass) transient memory identity runs > #given every surface spelling #when the one-shot classification runs #then only headless and rpc-child runs are one-shot [0.13ms]

packages/omo-senpi/src/components/memory/session-model-resolver.test.ts:
(pass) resolveMemorySessionModel > #given a senpi event context carrying the active model > #when resolved #then it yields the provider and id [0.14ms]
(pass) resolveMemorySessionModel > #given a context that cannot supply a model > #when the model is absent, malformed, or the context is not a record #then it resolves to undefined [0.11ms]

packages/omo-senpi/src/components/memory/in-process-memory-child.test.ts:
(pass) runInProcessMemoryChild > #given start is pending after invocation #when the deadline fires #then a late handle is aborted and disposed once [1.57ms]
(pass) runInProcessMemoryChild > #given setup still pending when the deadline fires #when setup later resolves #then runner.start is never invoked [1.64ms]
(pass) runInProcessMemoryChild > #given cancellation before start resolves #when the late handle arrives #then it is aborted and disposed once without onHandle [0.77ms]
(pass) runInProcessMemoryChild > #given setup has settled and runtime import is pending #when cancel is invoked #then runner.start is never invoked [0.37ms]
(pass) runInProcessMemoryChild > #given an accepted child whose turn never settles #when cancel is invoked #then abort and dispose finish once before the launch returns [0.34ms]
(pass) runInProcessMemoryChild > #given start rejects before the deadline #when the child is launched #then session creation failure is returned [0.19ms]
(pass) runInProcessMemoryChild > #given a child that completes #when the launch settles #then onHandle is called once [0.14ms]

packages/omo-senpi/src/components/memory/wiring.test.ts:
(pass) memory pressure dream wiring > #given committed system memory at soft pressure #when bind refresh computes the advisory estimate #then it attempts one pressure reservation [576.02ms]
(pass) memory pressure compile wiring > #given a bound fixture repo below pressure #when a committed write crosses the threshold #then the next real compile refresh adds pressure metadata without truncating memory [940.29ms]
(pass) memory recall wiring > #given a bound session whose memory matches the turn #when before_agent_start dispatches #then no lexical recall message is injected and the projection still lands [913.38ms]
(pass) memory footer wiring > #given committed memory bound without a visible footer #when memory tools return #then only the first result shows relative age [9.93ms]
(pass) memory footer wiring > #given a completed first-use attempt #when a new session starts #then the once-only footer gate resets [13.39ms]
(pass) memory footer wiring > #given bind reconciliation is pending #when a footer publishes #then bind completion does not erase it [13.46ms]
(pass) memory footer wiring > #given a failed first memory result #when a later call succeeds #then the footer waits for success [8.88ms]
(pass) memory wiring reflection completion delivery > #given a pending completion and a bound session with a real UI callback > #when afterBind drains the identity completion directory > #then the callback receives the completion notification payload and level [5.77ms]
(pass) memory wiring reflection policy > #given reflection disabled for the bound agent #when an automatic settle arrives #then no reservation evaluation starts [1.24ms]
(pass) memory wiring reflection policy > #given the memory block is absent #when an automatic settle arrives #then schema-default reflection remains enabled [61.15ms]
(pass) facts shutdown wiring > #given an active facts launch #when the session shuts down #then facts cancellation runs before the shutdown drain [8.47ms]
(pass) session shutdown pre-drain bounds > #given a Kibitzer whose shutdown never resolves #when the session shuts down #then the handler returns at the drain deadline and the drain still runs [847.58ms]
(pass) session shutdown pre-drain bounds > #given facts cancellation that never resolves #when the session shuts down #then the handler returns at the drain deadline and the drain still runs [701.47ms]
(pass) session shutdown journal durability > #given pre-drain work that consumes the entire drain budget #when a quit shutdown runs #then the journal flush still runs and only optional work is dropped [1.49ms]
(pass) session shutdown journal durability > #given pre-drain work that consumes the entire drain budget #when a reload shutdown runs #then the journal flush still runs and only optional work is dropped [0.99ms]
(pass) session shutdown journal durability > #given pre-drain work that consumes the entire drain budget #when a new shutdown runs #then the journal flush still runs and only optional work is dropped [0.58ms]
(pass) session shutdown journal durability > #given pre-drain work that consumes the entire drain budget #when a resume shutdown runs #then the journal flush still runs and only optional work is dropped [1.23ms]
(pass) session shutdown journal durability > #given pre-drain work that consumes the entire drain budget #when a fork shutdown runs #then the journal flush still runs and only optional work is dropped [0.99ms]
(pass) memory footer live wiring > #given a spinner animating mid-session #when the footer is cleared #then the interval is released and nothing repaints [4.91ms]
(pass) memory footer live wiring > #given a spinner animating mid-session #when the session shuts down #then the animation interval is released [6.88ms]

packages/omo-senpi/src/components/memory/wiring-registration.test.ts:
(pass) kibitzer registration wiring > #given a resident child seam and idle coordinator #when tool_call wakes the sidecar and tool_result follows #then one steer and one nudged entry are emitted [587.80ms]
(pass) kibitzer registration wiring > #given a held nudge #when before_agent_start dispatches #then the handlers run projection, recall drain, Kibitzer in that order and only the drain contributes the recall message [943.09ms]

packages/omo-senpi/src/components/memory/status-live-wiring.test.ts:
(pass) memory footer status live wiring > #given an active run for the bound identity #when frames tick #then the memory key animates reflecting [0.94ms]
(pass) memory footer status live wiring > #given an animating run #when the run stops being active #then the segment line returns [2.00ms]
(pass) memory footer status live wiring > #given an unbound session #when activity syncs #then no timer starts and no git runs [0.18ms]
(pass) memory footer status live wiring > #given an unchanged fingerprint #when settles refresh repeatedly #then git head is read but the footer is published once [1.02ms]
(pass) memory footer status live wiring > #given a cached footer #when HEAD moves #then the stale line is replaced [0.83ms]
(pass) memory footer status live wiring > #given an animating run #when the footer is stopped #then no further status calls arrive [1.01ms]
(pass) memory footer status live wiring > #given the same HEAD timestamp #when both footer surfaces render #then the live wiring uses the status.ts age string [1.20ms]
(pass) memory footer status live wiring > #given a repo with no HEAD #when refresh runs #then nothing is published [0.60ms]

packages/omo-senpi/src/components/memory/recall-drain.test.ts:
(pass) createMemoryRecallWiring pending-nudge injection > #given a pending nudge from delivery #when before_agent_start dispatches #then the hidden sourced block is injected [613.32ms]
(pass) createMemoryRecallWiring pending-nudge injection > #given an injected nudge #when the turn starts #then the path is ledgered and the pending file is consumed [464.43ms]
(pass) createMemoryRecallWiring pending-nudge injection > #given an injected nudge #when the turn starts #then the visible trace entry names the surfaced path [398.68ms]
(pass) createMemoryRecallWiring pending-nudge injection > #given a failing ledger #when a nudge is injected #then the injection still lands and the failure is logged [387.62ms]
(pass) createMemoryRecallWiring pending-nudge injection > #given a host whose appendEntry throws #when a nudge is injected #then the model still receives it [380.51ms]
(pass) createMemoryRecallWiring pending-nudge injection > #given no pending nudge #when before_agent_start dispatches #then no message and no entry are produced [400.24ms]
(pass) createMemoryRecallWiring pending-nudge injection > #given recall disabled by config #when a nudge is pending #then nothing is injected [387.57ms]
(pass) createMemoryRecallWiring pending-nudge injection > #given a queued nudge #when before_agent_start dispatches #then the hidden sourced block is injected [434.81ms]
(pass) createMemoryRecallWiring pending-nudge injection > #given a memory worker child sentinel #when a nudge is pending #then the child receives nothing [398.56ms]

packages/omo-senpi/src/components/memory/facts-wiring.test.ts:
(pass) facts wiring settle enqueue > #given debounce four #when four settles complete #then exactly one all-pending extractor launch fires [14.74ms]
(pass) facts wiring settle enqueue > #given facts enabled and a new journal delta #when settle runs #then one queue file is published [6.72ms]
(pass) facts wiring settle enqueue > #given the same cursor #when settle runs twice #then no duplicate entry is published [8.19ms]
(pass) facts wiring settle enqueue > #given facts disabled #when settle runs #then nothing is enqueued [3.46ms]
(pass) facts wiring settle enqueue > #given an empty journal #when settle runs #then nothing is enqueued [2.80ms]
(pass) facts wiring settle enqueue > #given a pre-aborted drain signal #when final-delta enqueue is requested #then no journal read or queue mutation starts [1.82ms]
(pass) facts wiring settle enqueue > #given abort arrives while the final journal delta is being read #when enqueue reaches the queue boundary #then no queue mutation starts [1.86ms]
(pass) facts wiring session_start reconcile > #given a leftover queue file from a crashed run #when reconcile runs #then it is reported launchable [8.01ms]
(pass) facts wiring session_start reconcile > #given facts disabled #when reconcile runs #then no leftover work is reported [5.49ms]
(pass) facts wiring session_start reconcile > #given a consumed batch #when reconcile runs #then nothing is left to relaunch [14.52ms]

packages/omo-senpi/src/components/memory/recall-session-read.test.ts:
(pass) createMemoryRecallWiring before_agent_start > #given a bound session matching the corpus #when before_agent_start dispatches #then nothing is injected [401.88ms]
(pass) createMemoryRecallWiring before_agent_start > #given a matching corpus #when before_agent_start dispatches #then the ledger records nothing [510.36ms]
(pass) createMemoryRecallWiring before_agent_start > #given the recall channel #when the wiring registers #then the transcript renderer is still installed [462.88ms]

packages/omo-senpi/src/components/memory/recall-transcript-mentions.test.ts:
(pass) createTranscriptMentionIndex > #given a growing branch #when every 200-entry window is collected #then the exclusion set equals the whole-window regex scan [735.87ms]
(pass) createTranscriptMentionIndex > #given planted mentions #when the newest window is collected #then delimiters match and false neighbours do not [22.71ms]
(pass) createTranscriptMentionIndex > #given the newest entry is still growing #when it gains a mention #then the exclusion set updates [22.39ms]
(pass) createTranscriptMentionIndex > #given a corpus whose path set changed #when the same window is collected #then the new path set is honoured [19.89ms]
(pass) createTranscriptMentionIndex > #given two sessions sharing entry ids #when both collect #then each session keeps its own mentions [1.06ms]
(pass) createTranscriptMentionIndex > #given a corpus path containing a JSON array seam #when the window is collected #then the scan fallback keeps the result exact [0.25ms]
(pass) createTranscriptMentionIndex > #given a window that drops old entries #when collection repeats #then evicted ids are recomputed, not remembered [39.04ms]

packages/omo-senpi/src/components/memory/wiring-reflection-live.test.ts:
(pass) createReflectionCompletionApi stale extension ctx guard (#7946) > #given a pi retired by session replacement #when appendEntry is called #then the stale-ctx throw is swallowed [0.41ms]
(pass) createReflectionCompletionApi stale extension ctx guard (#7946) > #given a pi retired by runtime reload #when appendEntry is called #then the stale-generation throw is swallowed [0.12ms]
(pass) createReflectionCompletionApi stale extension ctx guard (#7946) > #given a pi that throws a foreign error #when appendEntry is called #then the error still propagates [0.12ms]
(pass) createReflectionCompletionApi stale extension ctx guard (#7946) > #given a healthy pi #when appendEntry is called #then the entry passes through [0.11ms]
(pass) createReflectionCompletionApi stale extension ctx guard (#7946) > #given a stale pi #when registerEntryRenderer is called #then the throw is swallowed [0.13ms]
(pass) createReflectionCompletionApi stale extension ctx guard (#7946) > #given a pi without memory capabilities #when created #then undefined is returned [0.09ms]

packages/omo-senpi/src/components/memory/guard.test.ts:
(pass) memory cross-identity guard > #given a bound identity #when read targets a foreign identity file #then the call is blocked with the stable reason [11.21ms]
(pass) memory cross-identity guard > #given a bound identity #when write targets its own repo or worktree #then both calls are allowed [2.92ms]
(pass) memory cross-identity guard > #given no bound identity #when a file tool targets another identity #then the guard never blocks [2.56ms]
(pass) memory cross-identity guard > #given a bound identity #when unknown tools or file tools without path arguments run #then they are allowed [2.54ms]
(pass) memory cross-identity guard > #given a relative traversal from the workspace #when a suffixed case-variant file tool resolves into foreign memory #then it is blocked [2.65ms]
(pass) memory cross-identity guard > #given paths contains own and foreign targets #when glob runs #then the foreign array member is blocked [3.00ms]
(pass) memory cross-identity guard > #given an outside symlink points into foreign memory #when a file and a not-yet-created descendant are targeted #then realpath and nearest-real-parent both block [3.67ms]
(pass) memory cross-identity guard > #given the identities root and one of its ancestors #when enumeration tools target them #then cross-identity enumeration is blocked [2.31ms]
(pass) memory cross-identity guard > #given a namespaced apply-patch variant #when its patch directives touch foreign memory #then every directive path is guarded [2.15ms]
(pass) memory cross-identity guard > #given bash contains a forbidden foreign-root literal #when invoked repeatedly in one session #then it warns once and never blocks [2.35ms]
(pass) memory cross-identity guard > #given separate sessions invoke bash with a forbidden root #when advisory state is tracked #then each session receives one warning [2.53ms]
(pass) memory cross-identity guard > #given an identity directory that is not on disk #when a file tool targets a path inside it #then it is blocked without enumerating the agents root [2.79ms]
(pass) memory cross-identity guard for transient runs > #given a transient run root #when file tools target durable memory or another run #then only its own transient root is reachable [5.43ms]

packages/omo-senpi/src/components/memory/teardown.test-support.test.ts:
(pass) rmSyncEfaultTolerant > #given rmSync throws EFAULT once then succeeds #when teardown runs #then the path is removed [0.27ms]
(pass) rmSyncEfaultTolerant > #given rmSync always throws ENOENT #when teardown runs #then the original error is rethrown immediately [0.12ms]
(pass) rmSyncEfaultTolerant > #given rmSync always throws EFAULT #when the retry budget is exhausted #then the error message starts with teardown-failure: [0.20ms]
(pass) rmEfaultTolerant > #given rm throws EFAULT once then succeeds #when teardown runs #then the path is removed [0.18ms]
(pass) rmEfaultTolerant > #given rm always throws ENOENT #when teardown runs #then the original error is rethrown immediately [0.13ms]
(pass) rmEfaultTolerant > #given rm always throws EFAULT #when the retry budget is exhausted #then the error message starts with teardown-failure: [0.13ms]

packages/omo-senpi/src/components/memory/compaction-survival.test.ts:
(pass) compaction survival + trigger integration > #given a bound session with committed memory #when an accepted compaction settles successfully #then exactly one reflection launches and the sentinel block survives byte-identical [707.06ms]
(pass) compaction survival + trigger integration > #given a bound session #when compaction is rejected #then no flag is recorded and settle launches nothing [387.62ms]
(pass) compaction survival + trigger integration > #given compaction accepted mid-run #when the retried turn chain settles #then exactly one launch fires across all settles [422.39ms]
(pass) compaction survival + trigger integration > #given two consecutive accepted compactions #when the run settles #then the flag is consumed once with exactly one launch [456.30ms]

packages/omo-senpi/src/components/memory/trigger-wiring-config.test.ts:
(pass) resolveReflectionTriggerConfig > #given resolved memory settings #when no agent override applies #then the base trigger config is used [0.64ms]
(pass) resolveReflectionTriggerConfig > #given a per-agent override #when the bound agent matches #then its trigger fields win field by field [0.13ms]
(pass) resolveReflectionTriggerConfig > #given reflection disabled in base settings #when no agent override applies #then enabled is false [0.09ms]
(pass) resolveReflectionTriggerConfig > #given reflection enabled in base but disabled by per-agent override #when the bound agent matches #then enabled is false [0.10ms]
(pass) resolveReflectionTriggerConfig > #given reflection disabled in base but enabled by per-agent override #when the bound agent matches #then enabled is true [0.09ms]

packages/omo-senpi/src/components/memory/persona-prime.test.ts:
(pass) primeMemoryPersonaAssets > #given every persona readable #when priming #then each asset is read once and nothing is reported [0.27ms]
(pass) primeMemoryPersonaAssets > #given one unreadable persona #when priming #then registration continues and the asset is named once [0.19ms]
(pass) primeMemoryPersonaAssets > #given the registration targets #when listed #then the task runtime module is primed beside the four personas [0.11ms]
(pass) primeMemoryPersonaAssets > #given the task runtime import rejects #when priming #then it is awaited and reported unavailable while sync personas are still read first [0.11ms]
(pass) primeMemoryPersonaAssets > #given the task runtime import resolves #when priming #then nothing is reported [0.11ms]

packages/omo-senpi/src/components/memory/wiring-context.test.ts:
(pass) branchEntryCount > #given a session manager exposing getEntryCount #when the count is read #then entries are never materialized [0.17ms]
(pass) branchEntryCount > #given a session manager without getEntryCount #when the count is read #then it falls back to getEntries().length [0.11ms]
(pass) branchEntryCount > #given no session manager #when the count is read #then it is zero [0.09ms]

packages/omo-senpi/src/components/memory/skills-usage-wiring.test.ts:
(pass) registerSkillsUsage > #given a read tool targeting skills/foo/SKILL.md #when dispatched then flushed #then foo.count is 1 [3.91ms]
(pass) registerSkillsUsage > #given a read tool targeting notes/facts.md #when dispatched then flushed #then ledger is empty [1.57ms]
(pass) registerSkillsUsage > #given a write tool targeting skills/foo/SKILL.md #when dispatched then flushed #then ledger is empty (only read tools tracked) [1.77ms]
(pass) registerSkillsUsage > #given an unbound session #when dispatched #then no tracker is created [0.13ms]
(pass) registerSkillsUsage > #given a pending increment and an aborted drain signal #when flushed #then the ledger is never written [1.64ms]

packages/omo-senpi/src/components/memory/context.test.ts:
(pass) memory identity context > #given a resolved identity #when its context and repo getter are read #then no repository or runtime directory is created [0.70ms]
(pass) memory identity context > #given untouched identity paths #when first-write setup runs #then only runtime structure is ensured idempotently [3.92ms]

packages/omo-senpi/src/components/memory/shutdown-drain.test.ts:
(pass) session shutdown drain budget > #given the drain budget #when a handler derives its deadline #then it is exactly 1500ms after the start instant [0.18ms]
(pass) session shutdown drain budget > #given a quit shutdown with facts threshold met #when the drain runs #then it enqueues but never launches facts before evaluators [0.23ms]
(pass) session shutdown drain budget > #given a reload shutdown #when the drain runs #then only the journal flush and the final enqueue run [0.26ms]
(pass) session shutdown drain budget > #given an in-drain step exhausts the budget #when quit drains #then it warns with timing and completed steps [1.43ms]
(pass) session shutdown drain budget > #given the budget is already spent when the drain starts #when quit drains #then the skipped journal flush raises an error-level alarm instead of a warning [0.17ms]
(pass) session shutdown drain budget > #given the journal flush itself stalls past the deadline #when quit drains #then the aborted flush raises the error-level alarm [1.35ms]
(pass) session shutdown drain budget > #given only optional tail work is dropped #when the journal flush completes #then no journal-loss alarm fires [0.19ms]
(pass) session shutdown drain budget > #given the budget is consumed before shutdown evaluation #when quit drains #then optional work is deferred at info severity [0.15ms]
(pass) session shutdown drain budget > #given a step that stalls two seconds on the injected clock #when quit drains #then it returns inside the budget and no later step starts [1.39ms]
(pass) session shutdown drain budget > #given an aborted budget #when the stalled step finally settles #then no step that had not started ever starts [1.41ms]
(pass) session shutdown drain budget > #given an evaluator that throws #when quit drains #then the throw is logged and the next evaluator still runs [0.31ms]
(pass) session shutdown drain budget > #given a bound session with journal rows and facts threshold met #when session_shutdown fires #then entries stay queued and no facts launch is invoked [9.03ms]
(pass) session shutdown drain budget > #given a memory home that is not a directory #when bind-time reconcile rejects #then it is logged instead of crashing the host [1.78ms]
(pass) session shutdown drain budget > #given a pre-drain await that never resolves #when it is raced detached #then the handler returns at the deadline with the budget warning and the steps after it still run [51.41ms]
(pass) session shutdown drain budget > #given a detached pre-drain await abandoned at the deadline #when it finally settles #then its continuation still runs to completion [51.39ms]
(pass) session shutdown drain budget > #given a detached pre-drain await that rejects after the deadline #when it settles #then the failure is warned with its step instead of surfacing unhandled [51.06ms]
(pass) session shutdown drain budget > #given a detached pre-drain await that completes inside the budget #when a later one expires #then the completed step is reported as done [51.65ms]
(pass) session shutdown drain budget > #given a step that rejects #when the drain runs #then the drain still completes the remaining steps [1.36ms]

packages/omo-senpi/src/components/memory/tools-locking.test.ts:
(pass) memory tool execution > #given the writer lock is held #when a tool executes #then the contention surfaces as an error result [473.07ms]
(pass) memory tool execution > #given concurrent executions #when both commit #then they serialize through the writer lock [1456.50ms]

packages/omo-senpi/src/components/memory/skills-usage-ledger.test.ts:
(pass) readSkillsUsageLedger > #given a missing ledger file #when read #then returns empty object [2.83ms]
(pass) readSkillsUsageLedger > #given a ledger with valid entries #when read #then returns parsed entries [3.59ms]
(pass) readSkillsUsageLedger > #given a corrupted ledger file #when read #then returns empty object (write never blocks or fails the tool) [1.91ms]

packages/omo-senpi/src/components/memory/facts-payload-oversize.test.ts:
(pass) facts oversize payload classification > #given one entry larger than the whole cap #when a launch runs #then it parks immediately while other conversations still ship [905.70ms]
(pass) facts oversize payload classification > #given a parked oversize entry #when the same conversation queues a newer entry #then the newer entry stays blocked while others flow [1574.61ms]
(pass) facts oversize payload classification > #given a people payload larger than the cap #when a launch runs #then nothing launches, frontiers take a normal streak, and the warning names bytes vs cap [420.63ms]
(pass) facts oversize payload classification > #given an oversize park #when /facts retry clears the record #then the entry is launchable again and re-parks while still oversize [1085.21ms]
(pass) facts oversize payload classification > #given only oversize work #when classification runs #then no queue file, watermark, or run dir is written [931.56ms]

packages/omo-senpi/src/components/memory/policy-guard.test.ts:
(pass) memory filesystem policy guard > #given a bound identity on a policy-capable host #when registration runs #then exactly one policy is registered with foreign-only denied roots [3.42ms]
(pass) memory filesystem policy guard > #given the registered policy #when read and write target a foreign identity file #then both are denied with the stable reason [3.55ms]
(pass) memory filesystem policy guard > #given the registered policy #when enumeration targets the agents root or a foreign root #then both are denied [3.14ms]
(pass) memory filesystem policy guard > #given the registered policy #when operations target the bound identity repo and worktrees #then they are allowed [2.76ms]
(pass) memory filesystem policy guard > #given the registered policy #when an operation targets a path outside the agents root #then it is allowed [3.12ms]
(pass) memory filesystem policy guard > #given the registered policy #when a sibling identity appears after registration #then its files are still denied [3.34ms]
(pass) memory filesystem policy guard > #given an unbound identity on a policy-capable host #when registration runs #then no policy is registered [2.93ms]
(pass) memory filesystem policy guard > #given a host without the policy API #when registration runs #then nothing is registered and the soft guard stays the enforcement layer [3.08ms]
(pass) memory filesystem policy guard > #given the capability check #when the host exposes the policy API #then support is detected without any cast [2.69ms]
(pass) memory filesystem policy guard > #given runtime-only sibling directories #when the policy registers #then only durable identities are denied roots and the strays stay denied by the check [3.51ms]
(pass) memory filesystem policy guard > #given a transient run identity #when the policy registers #then the durable agents root and other transient runs are denied while its own run root is allowed [5.22ms]
(pass) memory filesystem policy guard > #given the policy guard module source #when imports are audited #then senpi references are type-only with no runtime import or any-cast [0.55ms]

packages/omo-senpi/src/components/memory/read-classifier-wiring.test.ts:
(pass) registerMemoryReadClassifier > #given a bound repo #when reading a nested file #then it returns memory with a relative label and a pool headline [2.05ms]
(pass) registerMemoryReadClassifier > #given an outside path or a sibling with the repo prefix #when classified #then it is not memory [2.37ms]
(pass) registerMemoryReadClassifier > #given git metadata #when read directly or through a symlink #then it is excluded [1.71ms]
(pass) registerMemoryReadClassifier > #given symlinked repo paths #when lexical and real paths are read #then both resolve to the same label [2.18ms]
(pass) registerMemoryReadClassifier > #given a symlink escaping the repo #when read #then it is not memory [2.36ms]
(pass) registerMemoryReadClassifier > #given a not-yet-created file #when lexical paths normalize inside a bound repo #then it is classified [1.42ms]
(pass) registerMemoryReadClassifier > #given changing bound identities #when classified #then live repos are used and one picker spans identities [1.49ms]
(pass) registerMemoryReadClassifier > #given a legacy host #when registration is requested #then it logs debug and does not resolve repositories [0.14ms]
(pass) registerMemoryReadClassifier > #given a registered classifier #when disposed #then the host unregisters it [2.01ms]
(pass) memory read classifier component lifecycle > #given a capable host #when the component registers and shuts down #then one classifier is registered and removed [1.13ms]
(pass) memory read classifier component lifecycle > #given a session binding #when the runtime is unavailable #then classification still uses the bound identity repo [0.82ms]
(pass) memory read classifier component lifecycle > #given a legacy host #when the component registers #then it remains usable without the classifier API [0.72ms]

packages/omo-senpi/src/components/memory/reflection-run-id.test.ts:
(pass) disk-scoped reflection run ids > #given no reflection state on disk #when the first id is minted #then numbering starts at one [0.84ms]
(pass) disk-scoped reflection run ids > #given completion records left by an earlier generation #when a fresh process mints #then it continues above the highest record [1.37ms]
(pass) disk-scoped reflection run ids > #given run directories outnumbering completion records #when minting #then the highest run directory wins [1.84ms]
(pass) disk-scoped reflection run ids > #given only an epoch-prefixed worktree surviving cleanup #when minting #then its embedded run number is honoured [1.90ms]
(pass) disk-scoped reflection run ids > #given only a leftover reflection session directory #when minting #then its run number is honoured [1.52ms]
(pass) disk-scoped reflection run ids > #given a live reservation whose run has no artifacts yet #when minting #then the reserved id is skipped [1.75ms]
(pass) disk-scoped reflection run ids > #given unreadable reservation state #when minting #then it contributes nothing instead of failing the mint [2.64ms]
(pass) disk-scoped reflection run ids > #given names in the scanned directories that are not run shaped #when minting #then they are ignored [2.57ms]
(pass) disk-scoped reflection run ids > #given repeated mints within one process #when nothing new lands on disk between them #then ids stay strictly increasing [0.55ms]
(pass) disk-scoped reflection run ids > #given an id minted and persisted by one process #when a later process mints #then it continues above it [1.52ms]

packages/omo-senpi/src/components/memory/nudge-wiring.test.ts:
(pass) createMemoryNudgeWiring > #given a fresh session #when two interactive inputs are accepted while extension and rejected inputs occur #then only the accepted interactive turns reach the threshold [540.98ms]
(pass) createMemoryNudgeWiring > #given a durable accepted-turn record and contaminated branch users #when a session resumes #then hydration uses only the durable baseline [463.61ms]
(pass) createMemoryNudgeWiring > #given one durable accepted turn and a second admitted input awaiting its started disposition #when the prompt compiles #then the projected accepted turn reaches the threshold [443.63ms]
(pass) createMemoryNudgeWiring > #given a threshold on an identity with no repository yet #when nudge state resolves #then the fresh-session baseline is used without requiring git history [342.82ms]
(pass) createMemoryNudgeWiring > #given a threshold nudge #when an in-band memory commit lands #then the next compile state self-clears and disabled settings remain quiet [592.72ms]
(pass) createMemoryNudgeWiring > #given a bound non-auto identity #when a memory MCP tool call starts #then unforgeable identity and accepted-turn provenance are injected in place [346.13ms]
(pass) createMemoryNudgeWiring > #given a bound identity #when an MCP-surface memory tool call starts #then provenance is injected under the catalog tool names [350.70ms]
(pass) renderAcceptedTurnsEntry > #given an accepted-turns record #when it renders collapsed #then a muted notice leads with the turn count [0.51ms]
(pass) renderAcceptedTurnsEntry > #given a single accepted turn #when it renders #then the turn noun is singular [0.20ms]
(pass) renderAcceptedTurnsEntry > #when it renders expanded #then the detail row carries the session id [0.17ms]
(pass) renderAcceptedTurnsEntry > #when it renders collapsed #then the session id stays off the notice [0.12ms]
(pass) renderAcceptedTurnsEntry > #when rendered with a background theme #then every padded line carries customMessageBg [0.12ms]
(pass) renderAcceptedTurnsEntry > #when coloured #then the title is muted and the secondary rows are dim [0.12ms]

packages/omo-senpi/src/components/memory/facts-failure-streaks.test.ts:
(pass) facts terminal failure recording > #given a child that exits non-zero #when the run finalizes #then one streak entry is recorded for the queued endpoint [445.24ms]
(pass) facts terminal failure recording > #given a failing run #when the failure store is written #then no terminal sentinel exists yet [431.29ms]
(pass) facts terminal failure recording > #given finalize crashed after the failure record #when reconcile replays the same runId #then the streak stays at one [456.98ms]
(pass) facts terminal failure recording > #given a run of unknown liveness past its deadline #when reconcile abandons it #then the failure record precedes the sentinel [8.56ms]
(pass) facts terminal failure recording > #given a real store #when a run is abandoned #then the queued endpoint carries the unknown_liveness reason [10.15ms]
(pass) facts terminal failure recording > #given a parent_dirty finalize #when the run ends #then the endpoint is recorded with the parent_dirty reason [529.80ms]
(pass) facts terminal failure recording > #given a recorded failure #when a later run commits #then the endpoint's record is cleared after consumption [945.35ms]
(pass) facts terminal failure recording > #given a queued endpoint with a stale record #when the run yields no facts #then the record is cleared too [445.38ms]
(pass) facts terminal failure recording > #given the quick category cannot resolve #when a launch is attempted #then a preflight-scoped failure is recorded [14.43ms]
(pass) facts terminal failure recording > #given an aborted drain #when launch is refused before reservation #then nothing is recorded [3.54ms]
(pass) facts terminal failure recording > #given five consecutive failing runs #when each finalizes #then the endpoint parks with a null eligibility [489.65ms]
(pass) facts terminal failure recording > #given retention keeps freeing the attempt name #when six launches fail #then the streak still parks the endpoint [929.95ms]
(pass) facts terminal failure recording > #given a run ledger #when the run reserves its directory #then queued endpoints carry their snapshot boundary [811.21ms]

packages/omo-senpi/src/components/memory/reflection-run-id-collision.test.ts:
(pass) reflection run ids across a run-counter reset > #given stale generation-one completion records #when a fresh process reserves and publishes #then the retired id is never re-minted [9.16ms]
(pass) reflection run ids across a run-counter reset > #given a run published by a fresh generation #when the stale record is re-read #then it is byte-identical [9.53ms]
(pass) reflection run ids across a run-counter reset > #given two successive launches sharing one identity #when each publishes a completion #then neither collides with the other [17.03ms]

packages/omo-senpi/src/components/memory/recall-notice.test.ts:
(pass) renderKibitzerNudgedEntry > #given nudges #when rendered #then title and dim paths are shown [14.05ms]
(pass) renderKibitzerNudgedEntry > #given malformed nudges #when rendered #then nothing is drawn [0.14ms]
(pass) renderKibitzerNudgedEntry > #given a meta hint No stored memory clears the bar for this planning step; the transcript already contains the full methodology, QA approach, and rollout. #when rendered #then nothing is drawn [0.40ms]
(pass) renderKibitzerNudgedEntry > #given a meta hint This memory covers OAuth login prompts and remote-test helpers, not the goal continuation timer delay. #when rendered #then nothing is drawn [0.34ms]
(pass) renderKibitzerNudgedEntry > #given a factual hint The fix is on senpi main, not the extension. #when rendered #then it remains renderable [0.16ms]
(pass) renderKibitzerNudgedEntry > #given a factual hint senpi monitors have a verified two-flag desync where registry.paused can remain set. #when rendered #then it remains renderable [0.11ms]
(pass) renderKibitzerNudgedEntry > #given a factual hint The regression test does not cover Windows process cleanup. #when rendered #then it remains renderable [0.15ms]
(pass) renderKibitzerNudgedEntry > #given a factual hint The outage is unrelated to the database migration. #when rendered #then it remains renderable [0.31ms]
(pass) renderKibitzerNudgedEntry > #given a multiline hint #when rendered #then nothing is drawn [0.15ms]
(pass) renderKibitzerNudgedEntry > #given a hint that normalizes to nothing or exceeds the gate budget #when rendered #then nothing is drawn [0.16ms]
(pass) renderKibitzerGateEntry > #given a skipped gate #when rendered #then it uses the warning notice [0.30ms]
(pass) renderKibitzerGateEntry > #given a null or count-malformed gate record #when rendered #then nothing is drawn and nothing throws [0.14ms]
(pass) renderKibitzerGateEntry > #given a dropped gate #when rendered #then nothing is drawn [0.17ms]
(pass) renderKibitzerGateEntry reason and runId > #given a failed gate with a valid reason and runId #when rendered #then the dim reason and run lines follow the title [0.28ms]
(pass) renderKibitzerGateEntry reason and runId > #given a failed gate whose reason is multiline, overlong or secret-like #when rendered #then the notice is drawn without the reason line [0.25ms]
(pass) renderKibitzerGateEntry reason and runId > #given a dropped gate with a reason #when rendered #then nothing is drawn [0.15ms]
(pass) renderKibitzerGateEntry reason and runId > #given a persistent skipped gate record without reason #when rendered #then the output includes the actionable settings hint [0.40ms]
(pass) renderKibitzerGateEntry reason and runId > #given a failed gate with an invalid reason but a valid runId #when rendered #then the title and the run line are drawn and the reason line is absent [0.45ms]
(pass) renderKibitzerGateEntry reason and runId > #given a reason of exactly 160 characters and one of 161 #when rendered #then the first is drawn and the second is omitted [0.39ms]
(pass) renderKibitzerGateEntry reason and runId > #given a reason containing CR/LF or a bearer token #when rendered #then the line is omitted while the title remains [0.21ms]
(pass) renderRecallEntry > #given surfaced recall paths #when the entry renders collapsed #then the compact title names every path [0.44ms]
(pass) renderRecallEntry > #given a record without paths #when the entry renders #then nothing is drawn [0.15ms]
(pass) renderRecallEntry > #given the renderer channel #when its custom type is read #then it matches the injected recall message [0.10ms]

packages/omo-senpi/src/components/memory/tools.test.ts:
(pass) memory tool registration > #given a context resolver #when registerMemoryTools runs #then both tools are captured with sequential execution and prompt metadata [0.23ms]
(pass) memory tool registration > #given memory tools that carry renderResult #when created #then each definition has renderShell self [0.10ms]
(pass) memory tool registration > #given the memory tool description #when inspected #then it documents omo identity, frontmatter rules, and result strings [0.11ms]
(pass) memory tool activation > #given no bound identity #when the memory tool executes #then an actionable initialization error is returned [0.14ms]
(pass) memory tool activation > #given a resolver that binds after registration #when the tool executes #then activation follows binding [835.91ms]

packages/omo-senpi/src/components/memory/dream-trigger-shutdown.test.ts:
(pass) dream shutdown evaluator > #given every gate passing #when shutdown fireDream uses an injected loader #then the loader runs exactly once [6.82ms]
(pass) dream shutdown evaluator > #given every gate passing #when a quit drains through the registered evaluator #then a shutdown dream launches [6.02ms]
(pass) dream shutdown evaluator > #given every gate passing #when a non-quit shutdown drains #then the evaluator never runs [3.03ms]
(pass) dream shutdown evaluator > #given shutdown_launch disabled #when the evaluator runs #then no reservation is made [3.91ms]
(pass) dream shutdown evaluator > #given a dream one hour ago #when the evaluator runs #then the spacing gate blocks the launch [2.55ms]
(pass) dream shutdown evaluator > #given a pre-aborted drain signal #when the evaluator runs #then no reservation is made [2.18ms]
(pass) dream shutdown evaluator > #given abort arrives while shutdown reservation is in flight #when the reservation returns active #then no dream child launch starts [4.08ms]
(pass) dream shutdown evaluator > #given abort after the first snapshot #when multiple conversations were selected #then later snapshots never start [2.61ms]
(pass) dream shutdown evaluator > #given the clock crosses the shutdown deadline during reservation #when reservation returns #then launch never starts [4.86ms]

packages/omo-senpi/src/components/memory/memory-rpc-snapshot-state.test.ts:
(pass) estimateSystemTokens > #given system and non-system markdown #when estimated from lsTreeSized #then the result matches the old per-path show loop [492.66ms]
(pass) memoryTreeStats > #given a sized tree listing #when summarized #then totals isolate system bytes and group by top-level path [0.21ms]
(pass) memoryTreeStats > #given non-markdown files under system/ #when summarized #then systemBytes counts them but systemMarkdownBytes does not [0.10ms]
(pass) buildMemorySnapshot v1 compatibility > #given a bound session #when a snapshot is built #then every v1 field keeps its name and type at schemaVersion 1 [2.63ms]
(pass) buildMemorySnapshot v1 compatibility > #given a repo exposing no sized tree, log, or commit count #when a snapshot is built #then only v1 repo fields are present [1.79ms]
(pass) buildMemorySnapshot repo size fields > #given a sized tree #when a snapshot is built #then totalBytes, systemBytes, and fileCount come from the whole-tree helper [1.75ms]
(pass) buildMemorySnapshot repo size fields > #given a sized tree read that throws #when a snapshot is built #then size fields are omitted instead of throwing [1.59ms]
(pass) buildMemorySnapshot entriesToday > #given commits made today #when a snapshot is built #then entriesToday counts commits since local midnight [2.44ms]
(pass) buildMemorySnapshot entriesToday > #given a commit counter that throws #when a snapshot is built #then entriesToday is omitted [1.67ms]
(pass) buildMemorySnapshot previousEntryAtISO > #given a real two-commit repo #when a snapshot is built #then previousEntryAtISO carries the second-newest commit time [668.46ms]
(pass) buildMemorySnapshot previousEntryAtISO > #given a repo with a single commit #when a snapshot is built #then previousEntryAtISO is omitted [845.80ms]
(pass) buildMemorySnapshot lastConsolidationAtISO > #given merged and failed completions #when a snapshot is built #then lastConsolidationAtISO is the newest merged finishedAt [4.24ms]
(pass) buildMemorySnapshot lastConsolidationAtISO > #given only non-merged completions #when a snapshot is built #then lastConsolidationAtISO is omitted [3.04ms]

packages/omo-senpi/src/components/memory/reflection-settings.test.ts:
(pass) effective reflection settings > #given conflicting base and agent fields #when resolved #then every override wins and nested trigger defaults survive [0.52ms]

packages/omo-senpi/src/components/memory/dream-trigger-pressure.test.ts:
(pass) pressure dream origin > #given no unreflected transcripts #when pressure fires past spacing #then it attempts one reservation through the shared store [1.80ms]

packages/omo-senpi/src/components/memory/dream-selector.test.ts:
(pass) dream conversation scoring > #given a fixed scoring vector #when scored #then every normalized operand and the exact total match [0.23ms]
(pass) dream conversation scoring > #given three equal scores #when ranked #then unreflected steps recency and conversation id break ties in order [0.15ms]
(pass) dream conversation packing > #given an oversized middle candidate #when packed #then it is skipped and a later fitting candidate is selected [0.12ms]
(pass) dream journal selection > #given a stale conversation with a newer reasoning tail #when recent selection runs #then canonical activity wins [3.82ms]
(pass) dream journal selection > #given a stale conversation with a newer error tail #when recent selection runs #then canonical activity wins [4.46ms]
(pass) dream journal selection > #given a stale conversation with a newer tool_call tail #when recent selection runs #then canonical activity wins [4.22ms]
(pass) dream journal selection > #given a stale conversation with a newer contextual tail #when automatic selection is capped #then canonical activity wins [3.85ms]
(pass) dream journal selection > #given UTF-8 journals with one fully reflected conversation #when volume and selection run twice #then bytes snapshots ranking and output stay deterministic [5.25ms]
(pass) dream journal scan contention > #given a journal whose state.lock is held by a live process #when selection runs #then the scan completes without waiting for the lock [4.21ms]
(pass) dream journal scan contention > #given a torn trailing transcript line #when volume and selection run #then the torn row is skipped and valid rows still count [3.00ms]

packages/omo-senpi/src/components/memory/memory-usage-ledger.test.ts:
(pass) readMemoryUsageLedger > #given a missing ledger file #when read #then returns empty object [3.67ms]
(pass) readMemoryUsageLedger > #given a ledger with valid entries #when read #then returns parsed entries [32.58ms]
(pass) readMemoryUsageLedger > #given a corrupted ledger file #when read #then returns empty object [8.42ms]
(pass) incrementMemoryUsage > #given a missing ledger #when increment a path #then count is 1 and lastUsedAt is set [6.80ms]
(pass) incrementMemoryUsage > #given an existing entry #when increment again #then count is 2 and lastUsedAt updates [14.54ms]

packages/omo-senpi/src/components/memory/memory-child-model-chain.test.ts:
(pass) childModelChainSpec > #given a resolved quick chain #when converted #then the primary selector and the in-category fallback records are produced [0.32ms]
(pass) childModelChainSpec > #given a single-model quick category #when converted #then fallback and retry overrides are absent [0.11ms]

packages/omo-senpi/src/components/memory/no-direct-node-fs.test.ts:
(pass) memory component fs boundary > #given every direct node:fs import form #when the detector scans it #then each form is caught [0.25ms]
(pass) memory component fs boundary > #given the memory component sources #when scanned #then fs is imported only through the resilient boundary [51.24ms]

packages/omo-senpi/src/components/memory/tools-operations.test.ts:
(pass) memory tool execution > #given a bound identity #when memory create executes #then the engine commits and reports the short sha [988.84ms]
(pass) memory tool execution > #given a bound identity #when the engine rejects the change #then the memory error maps to an error result [731.18ms]
(pass) memory tool execution > #given no repo exists yet #when the memory tool executes #then it lazily initializes with hooks and seeds [1413.13ms]
(pass) memory tool onCommit seam > #given a bound identity #when memory create commits #then onCommit receives the sha, first-line subject, and affected paths [734.79ms]
(pass) memory tool onCommit seam > #given an engine rejection #when the tool executes #then onCommit is not called [461.25ms]

packages/omo-senpi/src/components/memory/recall-drain-union.test.ts:
(pass) recall prompt-drain union > #given queued and file nudges share a path #when the prompt starts #then one block and one prompt entry are produced [451.82ms]
(pass) recall prompt-drain union > #given a queued path is already ledgered #when the prompt starts #then the queued nudge still injects [530.34ms]
(pass) recall prompt-drain union > #given draining the queue throws #when the prompt starts #then the file nudge injects and warns [419.84ms]
(pass) recall prompt-drain union > #given taking the pending file throws #when the prompt starts #then the queued nudge injects and warns [397.78ms]

packages/omo-senpi/src/components/memory/skills-scope.test.ts:
(pass) memorySkillsDir > resolves to the identity repo skills dir [1.46ms]
(pass) createMemorySkillsScopeHandler > returns the bound identity skills dir on startup [1.51ms]
(pass) createMemorySkillsScopeHandler > returns the bound identity skills dir on reload [1.34ms]
(pass) createMemorySkillsScopeHandler > resolves the context by event session id [1.10ms]
(pass) createMemorySkillsScopeHandler > pins the user scope when the host advertises scoped entries [1.26ms]
(pass) createMemorySkillsScopeHandler > keeps the plain path when the host does not advertise scoped entries [1.23ms]
(pass) createMemorySkillsScopeHandler > returns undefined for an unbound session so the chain passes through [0.10ms]
(pass) createMemorySkillsScopeHandler > returns undefined when the skills dir does not exist on disk [0.37ms]
(pass) createMemorySkillsScopeHandler > ignores non-resources_discover payloads [0.99ms]
(pass) createMemorySkillsScopeHandler > returns undefined when the event context has no readable session id [1.13ms]
(pass) createMemorySkillsScopeHandler > returned path survives into discovery additively without displacing existing paths [1.27ms]
(pass) createMemorySkillsScopeHandler > merge dedupes a skills dir already present in discovery [1.09ms]
(pass) registerMemorySkillsScope > registers a resources_discover handler that dispatches the bound skills dir [1.28ms]
(pass) registerMemorySkillsScope > contributes nothing for an unbound session during dispatch [0.12ms]

packages/omo-senpi/src/components/memory/transient-sweep.test.ts:
(pass) transient memory sweep > #given a transient run root abandoned by an abnormal exit #when the sweep runs #then it is reclaimed [3.93ms]
(pass) transient memory sweep > #given a transient run root younger than the retention window #when the sweep runs #then it is kept [2.36ms]
(pass) transient memory sweep > #given an old transient run root whose owning process is still alive #when the sweep runs #then it is kept [2.23ms]
(pass) transient memory sweep > #given an old transient run whose only fresh write is a leaf transcript #when the sweep runs #then the leaf mtime keeps it [3.44ms]
(pass) transient memory sweep > #given an abandoned transient run that did persist memory #when the sweep runs #then it is promoted into the agents root instead of deleted [4.66ms]
(pass) transient memory sweep > #given an abandoned transient run holding memory whose durable identity already exists #when the sweep runs #then nothing is deleted or overwritten and it is reported stranded [6.49ms]
(pass) transient memory sweep > #given equally old identities with and without a repo under the agents root #when the sweep runs #then only the repo-less identity is reclaimed [4.01ms]
(pass) transient memory sweep > #given a repo-less identity younger than the retention window #when the sweep runs #then it is kept [1.93ms]
(pass) transient memory sweep > #given no memory root at all #when the sweep runs #then it reports zeros and creates nothing [0.36ms]

packages/omo-senpi/src/components/memory/memory-usage-wiring.test.ts:
(pass) registerMemoryUsage > #given a read tool targeting reference/project/foo.md #when dispatched then flushed #then foo.md.count is 1 [3.98ms]
(pass) registerMemoryUsage > #given a read tool targeting system/persona.md #when dispatched then flushed #then ledger is empty (system excluded) [2.21ms]
(pass) registerMemoryUsage > #given a read tool targeting .tmp/scratch.md #when dispatched then flushed #then ledger is empty (.tmp excluded) [1.67ms]
(pass) registerMemoryUsage > #given a write tool targeting reference/project/foo.md #when dispatched then flushed #then ledger is empty (only read tools tracked) [1.62ms]
(pass) registerMemoryUsage > #given a read tool targeting a path outside the repo #when dispatched then flushed #then ledger is empty [1.66ms]

packages/omo-senpi/src/components/memory/tools-write-notice.test.ts:
(pass) memory write notice gathering > #given a committed write #when the tool result is built #then writeNotice carries raw sha, affected counts, size and timeline [724.00ms]
(pass) memory write notice gathering > #given the model-facing text #when a notice is attached #then content[0].text still carries only the tool message [808.36ms]
(pass) memory write notice gathering > #given no prior commit before this write #when gathered #then previousEntryAtISO is omitted and nothing throws [906.77ms]
(pass) memory write notice gathering > #given no reflection completions directory #when gathered #then lastConsolidationAtISO is omitted and nothing throws [738.63ms]
(pass) memory write notice gathering > #given a corrupt journal state.json #when gathered #then unreflectedSteps is omitted and nothing throws [735.80ms]
(pass) memory write notice gathering > #given git fails while reading line counts #when gathered #then affected is empty and nothing throws [567.25ms]
(pass) memory write notice gathering > #given the whole snapshot read throws #when gathered #then size and timeline degrade without throwing [366.73ms]
(pass) memory write notice gathering > #given the write-notice gate is off #when the tool commits #then no writeNotice is attached [1143.13ms]
(pass) memory write notice gathering > #given memory apply_patch commits #when the result is built #then it carries the same notice payload shape [1315.93ms]
(pass) memory tool result rendering > #given both memory tools #when created #then each exposes a renderResult renderer [0.14ms]
(pass) memory tool result rendering > #given a committed write #when the row renders collapsed #then the local-commit line is replaced by the notice [1125.74ms]

packages/omo-senpi/src/components/memory/supervisor.test.ts:
(pass) memoryModuleSupervisor > #given multiple component sessions #when references acquire and release #then the placeholder remains ref-counted [0.19ms]

packages/omo-senpi/src/components/memory/status-active-runs.test.ts:
(pass) active reflection runs > #given no launches #when activity is queried #then the identity is idle [0.22ms]
(pass) active reflection runs > #given a launched run #when activity is queried #then the identity is active [0.11ms]
(pass) active reflection runs > #given a launched run #when the run settles #then the identity returns to idle [0.09ms]
(pass) active reflection runs > #given two concurrent runs #when only one settles #then the identity stays active [0.15ms]
(pass) active reflection runs > #given runs on separate identities #when one settles #then the other is unaffected [0.13ms]
(pass) active reflection runs > #given a duplicate launch of the same run id #when it settles once #then the identity is idle [0.10ms]
(pass) active reflection runs > #given an unknown run id #when it settles #then no active state is invented [0.09ms]
(pass) active reflection runs > #given a launched run #when the current run is queried #then its launch facts are returned [0.11ms]
(pass) active reflection runs > #given no launched run #when the current run is queried #then nothing is reported [0.10ms]
(pass) active reflection runs > #given active runs #when the identity is cleared for shutdown #then it reports idle [0.09ms]

packages/omo-senpi/src/components/memory/binding.test.ts:
(pass) memory binding > #given an identity repo and clock #when a binding is created #then it carries a stable path hash without exposing the path [0.23ms]
(pass) memory binding > #given multiple session entries #when the latest valid binding is found #then malformed and older bindings are ignored [0.12ms]

packages/omo-senpi/src/components/memory/facts-runner.test.ts:
(pass) facts launch ownership > #given two independent runners #when they launch the same pending entry concurrently #then only one child claims it [1171.30ms]
(pass) quick-pinned facts launch > #given no facts deadline override #when the batch launches #then the ledger deadline is fifteen minutes after launch [971.90ms]
(pass) quick-pinned facts launch > #given quick cannot resolve #when pending facts are launched #then no child spawns and the queue stays intact with one warning [16.57ms]
(pass) quick-pinned facts launch > #given a registry without quick but with another usable model #when pending facts are launched #then the beyond-category resolution is refused instead of launched [17.82ms]
(pass) quick-pinned facts launch > #given two pending queue entries #when one launch runs #then the supervised child consumes all entries in one trailer-bearing commit [1125.78ms]
(pass) quick-pinned facts launch > #given the registry disappears after launch capture #when facts extraction starts #then the child uses the captured registry and model [1330.55ms]
(pass) quick-pinned facts launch > #given a quick primary absent from the registry and a present fallback #when facts extraction launches #then the fallback launches as attempt 2 and commits [1165.20ms]
(pass) quick-pinned facts launch > #given an in-process child that never settles #when the deadline expires #then timedOut is durable and finalization records deadline failure [583.51ms]
(pass) quick-pinned facts launch > #given facts attempt two has a stale attempt-one outcome #when reconciled before the shared deadline #then the retry remains active [26.06ms]
(pass) quick-pinned facts launch > #given a commit lands before queue cleanup crashes #when a fresh runner reconciles #then the batch receipt prevents a duplicate commit [1527.84ms]
(pass) quick-pinned facts launch > #given a legacy dirty run without an envelope #when retried after cleanup #then it fails closed, retains queue watermarks, and later commits [1260.15ms]
(pass) quick-pinned facts launch > #given a valid empty extraction #when finalized #then no commit lands and the queue is consumed as no_facts [460.01ms]
(pass) quick-pinned facts launch > #given a schema-invalid project record carrying person #when finalized #then the queue is retained [461.07ms]

packages/omo-senpi/src/components/memory/recall-query-planner-tools.test.ts:
(pass) toolArgTexts > extracts read paths and path words [0.34ms]
(pass) toolArgTexts > extracts command tokens without flags [0.31ms]
(pass) toolArgTexts > #given command git rebase -i origin/dev | tee log.txt #when toolArgTexts harvests it #then path words appear before git [0.13ms]
(pass) toolArgTexts > keeps grep patterns [0.10ms]
(pass) toolArgTexts > removes secret-bearing strings [0.10ms]
(pass) toolArgTexts > ignores unknown keys and nested objects [0.16ms]
(pass) toolArgTexts > filters export secret command [0.12ms]
(pass) toolArgTexts > #given eval code reading a file path #when toolArgTexts harvests it #then the file name and path words are kept [0.14ms]
(pass) toolArgTexts > #given a bash command longer than 120 characters #when toolArgTexts harvests it #then the trailing path file name is kept [0.24ms]
(pass) toolArgTexts > #given eval code assigning an API key #when toolArgTexts harvests it #then secret material is absent [0.12ms]
(pass) toolArgTexts > #given an eval summary mentioning a file #when toolArgTexts harvests it #then the summary and file name are kept [0.24ms]
(pass) toolArgTexts > #given eval code with 100 distinct path tokens #when toolArgTexts harvests them #then at most 32 tokens are returned [0.39ms]
(pass) ToolArgWindow > keeps newest eight pushes and clears [0.15ms]

packages/omo-senpi/src/components/memory/wiring-runtime.test.ts:
(pass) memory runtime facts wiring > #given production facts wiring #when its extractor is constructed #then it uses the in-process seam without spawn options [0.87ms]
(pass) memory runtime agent-dir resolution > #given an event context carrying the session agent dir #when a reflection runtime is created #then the runtime resolves that directory [0.67ms]
(pass) memory runtime agent-dir resolution > #given an event context whose agent dir is unusable #when a reflection runtime is created #then it falls back to the detected agent home [0.39ms]
(pass) memory runtime agent-dir resolution > #given a disposed event context #when the reflection sandbox resolves its agent dir #then the stale-context throw does not reach the launch path [0.37ms]

packages/omo-senpi/src/components/memory/wiring-write-notice.test.ts:
(pass) memory write notice wiring > #given the write notice is enabled #when the registered tool renders a committed result #then the notice replaces the local-commit line [4.39ms]
(pass) memory write notice wiring > #given the write notice is disabled in config #when the registered tool renders #then the plain message survives [7.08ms]

packages/omo-senpi/src/components/memory/facts-payload-cleanup.test.ts:
(pass) facts terminal payload deletion > #given a committed run #when it finalizes #then the payload is gone and the sentinel remains [1031.96ms]
(pass) facts terminal payload deletion > #given an extraction with no facts #when it finalizes #then the payload is deleted too [707.38ms]
(pass) facts terminal payload deletion > #given a failing child #when the run finalizes #then the payload is deleted too [431.89ms]
(pass) facts terminal payload deletion > #given a dirty parent repo #when the run finalizes parent_dirty #then the payload is deleted too [537.29ms]
(pass) facts terminal payload deletion > #given a run of unknown liveness #when reconcile abandons it #then the payload is deleted after the sentinel [8.30ms]
(pass) facts terminal payload deletion > #given a finalizing run #when the payload is deleted #then a terminal sentinel already exists [966.36ms]
(pass) facts terminal payload deletion > #given a crash after the sentinel #when the next session reconciles #then maintenance removes the leftover payload [7.38ms]
(pass) facts terminal payload deletion > #given a non-terminal run dir #when maintenance sweeps #then its payload is left untouched [9.01ms]
(pass) facts terminal payload deletion > #given an unlink that fails #when the run finalizes #then the outcome stands and a warning is logged [967.55ms]
(pass) facts terminal payload deletion > #given a payload already gone #when the run finalizes #then the ENOENT is tolerated silently [877.15ms]

packages/omo-senpi/src/components/memory/trigger-wiring.test.ts:
(pass) reflection trigger wiring compaction observers > #given an accepted compaction #when the event fires #then the observer is told which conversation was rewritten [2.64ms]
(pass) reflection trigger wiring compaction observers > #given a rejected compaction #when the event fires #then the observer never runs [2.38ms]
(pass) reflection trigger wiring compaction observers > #given an observer that throws #when a compaction is accepted #then the reflection flag is still recorded [2.38ms]
(pass) reflection trigger wiring > #given a met step threshold #when a clean run settles #then exactly one step-count launch fires with no visible message [10.12ms]
(pass) reflection trigger wiring > #given the wiring #when registered #then it observes only agent_end, agent_settled and session_compact [2.06ms]
(pass) reflection trigger wiring > #given a zero step threshold #when a clean run settles #then nothing ever launches [5.15ms]
(pass) reflection trigger wiring > #given an unsuccessful or missing run outcome #when settled #then no launch is attempted [15.61ms]
(pass) reflection trigger wiring > #given a retried run #when the final agent_end is clean #then the settle counts as success [7.68ms]
(pass) reflection trigger wiring > #given a settled run outcome #when a second settle arrives without a new run #then the stale outcome cannot relaunch [6.51ms]
(pass) reflection trigger wiring > #given an accepted compaction #when the event fires #then it only records the pending flag and never launches [4.07ms]
(pass) reflection trigger wiring > #given a rejected compaction #when the event fires #then no pending flag is recorded [5.01ms]
(pass) reflection trigger wiring > #given a pending compaction #when the next settle fails and only then succeeds #then the flag is consumed exactly once [12.40ms]
(pass) reflection trigger wiring > #given compaction and the step threshold ready in the same settle #when it is evaluated #then exactly one run launches [11.59ms]
(pass) reflection trigger wiring > #given repeated successful settles before the active run completes #when they are evaluated #then one launch fires and pending collapses to a single record [18.81ms]
(pass) reflection trigger wiring > #given a manual request #when it is made outside any event #then it launches with its focus and journal filters [6.86ms]
(pass) reflection trigger wiring > #given a manual request without arguments #when it is made #then it targets the bound conversation without a focus [9.90ms]
(pass) reflection trigger wiring > #given an active run #when a manual request queues behind it #then it is reserved as pending without launching [15.26ms]
(pass) reflection trigger wiring > #given a launch handler that never settles #when a run settles #then the event handler still completes [10.49ms]
(pass) reflection trigger wiring > #given no launch handler #when a run settles #then the reservation still happens without throwing [10.10ms]
(pass) reflection trigger wiring > #given no bound memory session #when events fire #then the wiring stays inert [2.87ms]
(pass) reflection trigger wiring > #given an engine failure #when a run settles #then the host handler resolves and the failure is logged once [3.29ms]
(pass) reflection trigger wiring > #given reflection disabled #when a clean run settles #then no reservation is made and no launch fires [4.32ms]
(pass) reflection trigger wiring > #given reflection disabled #when a pending compaction is consumed at settle #then no compaction launch fires [4.29ms]
(pass) reflection trigger wiring > #given reflection disabled #when a manual request is made #then no launch fires [2.25ms]
(pass) reflection trigger wiring > #given reflection enabled #when a clean run settles #then the launch fires exactly as before [9.97ms]

packages/omo-senpi/src/components/memory/sandbox-absent-paths.test.ts:
(pass) reflection sandbox with not-yet-created paths > #given a runtime write dir that does not exist yet #when the Darwin transform is built #then no ENOENT is thrown and the profile grants that exact path [2.00ms]
(pass) reflection sandbox with not-yet-created paths > #given absent payload and foreign-root entries #when the Darwin transform is built #then the rendered rules name the full intended paths [1.46ms]
(pass) reflection sandbox with not-yet-created paths > #given a Linux runtime write dir that does not exist yet #when the bwrap transform is built #then that exact path is rebound writable [1.28ms]
(pass) reflection sandbox with not-yet-created paths > #given required policy and an absent runtime write dir #when the transform is built #then it still succeeds rather than failing closed on a raw ENOENT [1.55ms]

packages/omo-senpi/src/components/memory/journal-wiring.test.ts:
(pass) memory journal wiring > #given a 3-turn session with a tool call #when agent_settled fires #then rows are projected and steps equal 3 [8.32ms]
(pass) memory journal wiring > #given turn 1 journaled before a crash #when session_start reconciles the full branch #then only missing rows are appended [18.77ms]
(pass) memory journal wiring > #given role-custom entries in the branch #when settled #then only user and assistant rows journal, whatever the custom type [3.06ms]
(pass) memory journal wiring > #given a tool-only assistant message #when settled #then no assistant row and no step increment [4.23ms]
(pass) memory journal wiring > #given redacted and visible thinking blocks #when settled #then reasoning rows use the placeholder and source index [3.36ms]
(pass) memory journal wiring > #given an aborted run with an error message #when settled #then rows still journal including an error row [3.77ms]
(pass) memory journal wiring > #given message_end and turn_end #when dispatched #then nothing is written and only settle/start handlers exist [1.83ms]
(pass) memory journal wiring > #given block-structured user content and split assistant texts #when settled #then texts concatenate canonically [2.71ms]
(pass) memory journal wiring > #given a fresh session #when session_start fires #then the branch reconciles like a settle [3.65ms]
(pass) memory journal wiring > #given an errored tool result #when settled #then the tool_call row joins resultOk false [3.41ms]
(pass) memory journal wiring > #given a malformed event context #when handlers fire #then the reconcile is a no-op [0.40ms]
(pass) memory journal wiring > #given the journal lock is contended by a live foreign owner #when agent_settled fires #then the handler degrades to a no-op and warns instead of rejecting [5007.12ms]

packages/omo-senpi/src/components/memory/soul-notice.test.ts:
(pass) renderSoulUpdatedEntry house notice contract > #given a persona soul commit #when it renders collapsed #then the title carries the glyph and sha7 and the why names the file [0.74ms]
(pass) renderSoulUpdatedEntry house notice contract > #when it renders collapsed #then each affected path is a visible extra line and the detail is omitted [0.28ms]
(pass) renderSoulUpdatedEntry house notice contract > #when it renders expanded #then the detail row carries the full sha and subject [0.25ms]
(pass) renderSoulUpdatedEntry house notice contract > #given persona and identity #when it renders #then the why names both soul files [0.17ms]
(pass) renderSoulUpdatedEntry house notice contract > #given identity plus a non-soul path #when it renders #then the why names only the soul file [0.18ms]
(pass) renderSoulUpdatedEntry house notice contract > #when coloured #then the title is accent and the secondary rows are dim [0.17ms]
(pass) renderSoulUpdatedEntry house notice contract > #when rendered with a background theme #then every padded line carries customMessageBg [0.16ms]
(pass) renderSoulUpdatedEntry house notice contract > #given no record #when it renders #then it returns undefined [0.11ms]

packages/omo-senpi/src/components/memory/identity-rebind.test.ts:
(pass) memory identity rebind > #given a session bound to its own workspace #when a host whose process cwd resolves another identity rebinds it #then the session keeps its identity and nothing is notified [5.72ms]
(pass) memory identity rebind > #given a host that reports no session cwd #when the recorded binding disagrees with the auto-resolved identity #then the recorded identity is adopted and the rebind is logged at info [10.75ms]
(pass) memory identity rebind > #given an explicitly configured agent that disagrees with the recorded binding #when the session is rebound #then it still fails closed with the conflict notice [3.36ms]

packages/omo-senpi/src/components/ultrawork/ultrawork.test.ts:
(pass) omo-senpi ultrawork component > #given a fixed prompt corpus #when pure classification runs #then keyword matching stays in parity with the shipped detector [1.83ms]
(pass) omo-senpi ultrawork component > #given overlapping and repeated variants #when classified #then one shipped global pattern determines variants and occurrence count [0.15ms]
(pass) omo-senpi ultrawork component > #given direct, skill, block, and extension inputs #when classified #then effectiveness and suppression mirror handler routes [0.15ms]
(pass) omo-senpi ultrawork component > #given identical stale snapshots #when pure classification runs twice #then results are identical without hidden module state [0.12ms]
(pass) omo-senpi ultrawork component > #given trigger words #when user input dispatches #then arms via one hidden custom message [0.30ms]
(pass) omo-senpi ultrawork component > #given a trigger word #when the user text is dispatched #then the typed text is never rewritten [0.14ms]
(pass) omo-senpi ultrawork component > #given an idle session #when a trigger arms #then the injection carries no delivery override [0.12ms]
(pass) omo-senpi ultrawork component > #given a steer-queued prompt #when a trigger arms #then the directive stays atomic with the prompt [0.17ms]
(pass) omo-senpi ultrawork component > #given a followUp-queued prompt #when a trigger arms #then the directive stays atomic with the prompt [0.17ms]
(pass) omo-senpi ultrawork component > #given a queued /skill: command #when a trigger arms #then the directive is appended so expansion survives [0.16ms]
(pass) omo-senpi ultrawork component > #given any queued prompt #when a trigger arms #then no hidden message is emitted for it [0.14ms]
(pass) omo-senpi ultrawork component > #given a word embedded trigger #when user input dispatches #then injects nothing [0.19ms]
(pass) omo-senpi ultrawork component > #given a trigger inside inline code #when user input dispatches #then injects nothing [0.38ms]
(pass) omo-senpi ultrawork component > #given a spaced trigger #when user input dispatches #then arms ultrawork [0.17ms]
(pass) omo-senpi ultrawork component > #given non-trigger input #when user input dispatches #then injects nothing [0.13ms]
(pass) omo-senpi ultrawork component > #given recursion guard source extension #when trigger input dispatches #then injects nothing [0.14ms]
(pass) omo-senpi ultrawork component > #given ultrawork disabled flag #when trigger input dispatches #then suppresses injection [0.13ms]
(pass) omo-senpi ultrawork component > #given malformed input #when input dispatches #then no-ops safely [0.52ms]
(pass) omo-senpi ultrawork component > #given a /skill: command whose trigger sits only in the skill name #when dispatched #then injects nothing [0.20ms]
(pass) omo-senpi ultrawork component > #given ulw- skill-name mentions in plain text #when dispatched #then arms ultrawork by overlap matching [0.15ms]
(pass) omo-senpi ultrawork component > #given input already carrying an ultrawork block #when trigger word dispatches #then does not reinject [0.16ms]
(pass) omo-senpi ultrawork component > #given /skill: command with a trigger word in args #when dispatched #then arms without touching the command text [0.14ms]
(pass) omo-senpi ultrawork component > #given a lone open-tag mention without a closing tag #when trigger word dispatches #then still injects [0.64ms]
(pass) omo-senpi ultrawork component > #given the /skill:ultrawork command itself #when dispatched #then passes through untouched [0.18ms]
(pass) omo-senpi ultrawork component > #given /skill: command whose trigger appears only in the skill name #when dispatched #then injects nothing [0.42ms]
(pass) omo-senpi ultrawork component > #given every arming route #when dispatched #then none of them rewrites the user text [0.39ms]
(pass) omo-senpi ultrawork component > #given embedded directive #when inspected #then contains zero forbidden non-senpi tokens [2.12ms]
(pass) omo-senpi ultrawork component > #given embedded directive #when inspected #then keeps one machine marker [0.14ms]
(pass) omo-senpi ultrawork component > #given embedded directive #when inspected #then keeps the senpi-native tool contract [0.13ms]
(pass) omo-senpi ultrawork component > #given an eval session #when the shipped directive is inspected #then it names the subscription form the session can call [0.12ms]
(pass) omo-senpi ultrawork component > #given the eval guidance #when the shipped directive is inspected #then it defers Bun skill availability to the runtime signal [0.23ms]
(pass) omo-senpi ultrawork component > #given generated directive #when embed script runs check #then passes without drift [261.85ms]
(pass) omo-senpi ultrawork component > #given generated directive drift #when embed script runs check #then fails [82.46ms]

packages/omo-senpi/src/components/ultrawork/ultrawork-arming.test.ts:
(pass) omo-senpi ultrawork once-per-session arming > #given quoted-only inputs #when a real request follows #then only that request arms the ledger [0.50ms]
(pass) omo-senpi ultrawork once-per-session arming > #given an armed session #when a second trigger dispatches #then injects a short reminder instead of the full directive [0.23ms]
(pass) omo-senpi ultrawork once-per-session arming > #given an armed session #when the session compacts #then the next trigger injects the full directive again [0.20ms]
(pass) omo-senpi ultrawork once-per-session arming > #given an armed session #when a compaction is rejected #then the next trigger stays a reminder [0.17ms]
(pass) omo-senpi ultrawork once-per-session arming > #given one live session #when triggers span rejected and accepted compactions #then the directive-reminder sequence stays pinned [0.16ms]
(pass) omo-senpi ultrawork once-per-session arming > #given suppression routes #when matching text dispatches #then no message emits and the session ledger stays unarmed [0.53ms]
(pass) omo-senpi ultrawork once-per-session arming > #given shared arming state #when snapshot is read three times #then every read is identical and the ledger stays unchanged [0.18ms]
(pass) omo-senpi ultrawork once-per-session arming > #given pre-mutation snapshots #when effective prompts are classified #then every arming stage is distinguishable [0.13ms]
(pass) omo-senpi ultrawork once-per-session arming > #given a known fresh session #when the first trigger dispatches #then injects the full directive byte-identically [0.16ms]
(pass) omo-senpi ultrawork once-per-session arming > #given an armed session #when a queued trigger dispatches #then the transform appends the reminder not the directive [0.18ms]
(pass) omo-senpi ultrawork once-per-session arming > #given a pasted directive block #when the next plain trigger dispatches #then injects the reminder not a second full copy [0.17ms]
(pass) omo-senpi ultrawork once-per-session arming > #given /skill:ultrawork expanded inline #when the next plain trigger dispatches #then injects the reminder not a second full copy [0.18ms]
(pass) omo-senpi ultrawork once-per-session arming > #given two armed sessions #when switching back to the first #then the next trigger is the reminder [0.18ms]
(pass) omo-senpi ultrawork once-per-session arming > #given the input event ctx carries the session id #when a second trigger dispatches #then injects the reminder without any session events [0.14ms]
(pass) omo-senpi ultrawork once-per-session arming > #given an armed session #when the component re-registers on resume #then the next trigger is the reminder not the full directive [0.27ms]
omo-senpi memory component skipped: missing ExtensionAPI capabilities {
  missing: [ "appendEntry", "registerEntryRenderer" ],
}
config-watch skipped: events capability missing
omo-senpi memory component skipped: missing ExtensionAPI capabilities {
  missing: [ "appendEntry", "registerEntryRenderer" ],
}
config-watch skipped: events capability missing
(pass) omo-senpi ultrawork once-per-session arming > #given the packaged extension reloaded uncached #when the same session triggers on the second load #then injects the reminder not the full directive [1305.24ms]
(pass) omo-senpi ultrawork once-per-session arming > #given a slot left under different directive text #when the bundle re-evaluates #then the session is not armed and receives the full directive [0.20ms]
(pass) omo-senpi ultrawork once-per-session arming > #given a bare ledger left by a pre-slot bundle #when the bundle re-evaluates #then the session is not armed and receives the full directive [0.14ms]

packages/omo-senpi/src/components/ulw-loop/footer-status.realfs.test.ts:
(pass) omo-senpi ulw-loop footer real filesystem plan lookup > publishes every footer frame when the scoped plan and active goal store exist [2.44ms]
(pass) omo-senpi ulw-loop footer real filesystem plan lookup > does not publish frames for an unscoped plan [1.58ms]
(pass) omo-senpi ulw-loop footer real filesystem plan lookup > does not publish frames for a differently named scoped plan [2.40ms]

packages/omo-senpi/src/components/ulw-loop/index.test.ts:
(pass) omo-senpi ulw-loop continuation session isolation > #given two independent sessions share one cwd #when the child-process probe runs #then only the owner continues [871.51ms]
(pass) omo-senpi ulw-loop continuation > #given no toolkit CLI on this host #when input and agent_end fire #then the component still runs and never reports itself inactive [2.63ms]
(pass) omo-senpi ulw-loop continuation > #given active incomplete ulw-loop status #when queued user input arrives #then steering reminder is injected [0.73ms]
(pass) omo-senpi ulw-loop continuation > #given active incomplete ulw-loop status #when idle user input arrives #then typed text is unchanged [0.18ms]
(pass) omo-senpi ulw-loop continuation > #given incomplete goals #when continuation agent_end fires #then sends exactly one hidden followUp [0.22ms]
(pass) omo-senpi ulw-loop continuation > #given incomplete goals #when continuation repeats #then cap stops the 9th consecutive continuation [0.49ms]
(pass) omo-senpi ulw-loop continuation > #given continuation cap was reached #when user input resets it #then continuation can resume [0.56ms]
(pass) omo-senpi ulw-loop continuation > #given stale status snapshot #when user input arrives #then the next identical active status can continue [0.25ms]
(pass) omo-senpi ulw-loop continuation > #given byte-identical status twice #when continuation repeats #then stale status stops continuation [0.16ms]
(pass) omo-senpi ulw-loop continuation > #given malformed JSON #when input checks status #then it degrades to no-op with a warning [0.24ms]
(pass) omo-senpi ulw-loop continuation > #given extension input #when it contains text #then it does not reset or inject [0.37ms]
(pass) omo-senpi ulw-loop continuation > #given status reports all complete #when continuation fires #then no followUp is sent [0.28ms]
(pass) omo-senpi ulw-loop continuation > #given goal active before ulw-loop #when a shell tool result activates the run #then the footer starts immediately [0.41ms]

packages/omo-senpi/src/components/ulw-loop/coordinator-routing.test.ts:
(pass) omo-senpi ulw-loop continuation routing through the idle coordinator > #given a coordinator in ctx #when a continuation fires #then it routes through the coordinator, not a direct user message [4.63ms]
(pass) omo-senpi ulw-loop continuation routing through the idle coordinator > #given a task completion already queued #when the continuation fires on the same idle edge #then both collapse into one injection [0.27ms]
(pass) omo-senpi ulw-loop continuation routing through the idle coordinator > #given active boulder ulw-execute continuation #when ulw-loop agent_end fires #then it enqueues nothing [3.24ms]

packages/omo-senpi/src/components/ulw-loop/goal-json-cache.test.ts:
(pass) ulw-loop goal JSON cache > #given a fresh goal rewritten within the same mtime granule #when it is read again #then the rewritten document is returned [1.05ms]
(pass) ulw-loop goal JSON cache > #given a goal that has been quiet for longer than the racy window #when its bytes change under the same mtime #then a size change still forces a re-read [1.07ms]
(pass) ulw-loop goal JSON cache > #given a goal that has been quiet for longer than the racy window #when mtime and size are unchanged #then the cached document is trusted without a re-read [0.60ms]
(pass) ulw-loop goal JSON cache > #given a cached goal #when the file disappears #then the entry is dropped and a later rewrite is read fresh [1.96ms]
(pass) ulw-loop goal JSON cache > #given an unchanged goal file #when the cache is read repeatedly #then the file is parsed only once [1.05ms]
(pass) ulw-loop goal JSON cache > #given the goal file changes #when the cache is read again #then it re-reads and returns the new content [0.64ms]
(pass) ulw-loop goal JSON cache > #given a missing goal file #when the cache is read #then it returns undefined without throwing [0.14ms]

packages/omo-senpi/src/components/ulw-loop/plan-dir-guard.test.ts:
(pass) omo-senpi ulw-loop plan directory guard > #given a cwd without .omo/ulw-loop #when queued user input arrives #then no status is read [2.82ms]
(pass) omo-senpi ulw-loop plan directory guard > #given an unscoped plan in .omo/ulw-loop #when queued user input arrives #then no status is read [1.21ms]
(pass) omo-senpi ulw-loop plan directory guard > #given .omo/ulw-loop exists but <sessionId>/goals.json does not #when queued user input arrives #then no status is read [0.79ms]
(pass) omo-senpi ulw-loop plan directory guard > #given only a session-scoped plan under .omo/ulw-loop #when queued user input arrives #then the toolkit is still consulted [1.36ms]

packages/omo-senpi/src/components/ulw-loop/session-scope.test.ts:
(pass) omo-senpi ulw-loop status probe session scope > #given a session id on the host #when the status probe runs #then every read carries the normalized session id [0.79ms]
(pass) omo-senpi ulw-loop status probe session scope > #given NO session id available #when agent_end fires on an active unscoped run #then no continuation is delivered [1.37ms]
(pass) omo-senpi ulw-loop status probe session scope > #given NO session id available #when queued user input arrives #then no steering reminder is injected [0.17ms]
(pass) omo-senpi ulw-loop status probe session scope > #given a session id but no .omo/ulw-loop directory #when agent_end fires #then the perf guard short-circuits with no status read [0.33ms]
(pass) omo-senpi ulw-loop session id normalization parity > #given ids the toolkit also normalizes #when the senpi normalizer runs #then both agree exactly [0.31ms]
(pass) omo-senpi ulw-loop session id normalization parity > #given a cwd and normalized session id #when resolving the scoped goals.json path #then it matches the toolkit session-scoped goals path [0.10ms]

packages/omo-senpi/src/components/ulw-loop/agent-toolkit-registration.test.ts:
(pass) omo-senpi removed agent toolkit registration > #given the real composition and a fake host #when registered and started #then the catalog never contains the removed tool [0.52ms]
(pass) omo-senpi removed agent toolkit registration > #given a host supporting removed tool hints #when composed #then the removed name points at the eval SDK [0.34ms]

packages/omo-senpi/src/components/ulw-loop/runtime.test.ts:
(pass) omo-senpi ulw-loop runtime > #given built Senpi runs under Node #when inspecting runtime source #then the ulw-loop component has no Bun global dependency [0.43ms]
(pass) omo-senpi ulw-loop runtime > #given a real session plan #when input arrives with the default reader #then in-process status activates steering for its owner only [17.03ms]
(pass) omo-senpi ulw-loop runtime > #given readStatus returns ULW_LOOP_PLAN_MISSING #when input dispatches #then no warn entry is recorded [0.31ms]
(pass) omo-senpi ulw-loop runtime > #given readStatus returns ULW_LOOP_PLAN_INVALID #when input dispatches #then warn carries errorCode [0.15ms]

packages/omo-senpi/src/components/ulw-loop/footer-status.test.ts:
(pass) omo-senpi ulw-loop footer status > reads the project goal store and publishes all four animation frames [1.76ms]
(pass) omo-senpi ulw-loop footer status > uses an encoded session id and clears when the project goal completes [4.93ms]
(pass) omo-senpi ulw-loop footer status > publishes animated ultraworking status only when goal and ulw-loop are active [0.39ms]
(pass) omo-senpi ulw-loop footer status > clears the indicator when either activation ends [0.87ms]
(pass) omo-senpi ulw-loop footer status > #given an active footer #when the run ends on a blocked outcome #then the footer still syncs for the finished run [0.41ms]
(pass) omo-senpi ulw-loop footer status > keeps continuation and headless paths unchanged [0.26ms]

packages/omo-senpi/src/components/config-resolution/index.test.ts:
(pass) loadSenpiOmoConfig > #given the current top-level-only Senpi categories and agents config #when resolved #then it preserves the established configuration exactly [6.12ms]
(pass) loadSenpiOmoConfig > #given base and activated Senpi profile category settings #when resolved #then the Senpi profile override wins [3.18ms]
(pass) loadSenpiOmoConfig > #given catalog names in category and agent model chains #when resolved #then concrete model references and inherited attributes reach Senpi [3.11ms]

packages/omo-senpi/src/components/ulw-execute-continuation/hidden-delivery.test.ts:
(pass) ulw-execute continuation hidden delivery > #given active work #when idle agent_end fires #then continuation is a hidden followUp [1.74ms]
(pass) ulw-execute continuation hidden delivery > #given active work #when input is idle versus queued #then only queued text is transformed [1.43ms]

packages/omo-senpi/src/components/ulw-execute-continuation/index.test.ts:
(pass) omo-senpi ulw-execute-continuation > #given no boulder state #when agent_end fires #then stays quiet [0.82ms]
(pass) omo-senpi ulw-execute-continuation > #given malformed boulder JSON #when agent_end fires #then no injection and no throw [0.69ms]
(pass) omo-senpi ulw-execute-continuation > #given completed work #when agent_end fires #then no injection [0.75ms]
(pass) omo-senpi ulw-execute-continuation > #given work owned by another harness #when agent_end fires #then no injection [0.86ms]
(pass) omo-senpi ulw-execute-continuation > #given active work with remaining tasks #when agent_end fires #then injects continuation directive [0.88ms]
(pass) omo-senpi ulw-execute-continuation > #given zero remaining tasks but total > 0 #when agent_end fires #then still injects final-gate directive [1.10ms]
(pass) omo-senpi ulw-execute-continuation > #given active work #when directive renders #then it instructs honoring the recorded PR delivery mode [1.29ms]
(pass) omo-senpi ulw-execute-continuation > #given paused work #when agent_end fires #then injects continuation directive [0.99ms]
(pass) omo-senpi ulw-execute-continuation > #given identical boulder signature twice #when agent_end repeats #then second is suppressed [5.68ms]
(pass) omo-senpi ulw-execute-continuation > #given 9 consecutive agent_end events with changing signature #when cap is 8 #then only 8 injections are delivered [5.27ms]
(pass) omo-senpi ulw-execute-continuation > #given cap reached #when user input arrives #then resets and continuation resumes [7.78ms]
(pass) omo-senpi ulw-execute-continuation > #given eligible boulder work #when user input arrives #then appends ulw-execute steering reminder [1.51ms]
(pass) omo-senpi ulw-execute-continuation > #given extension-sourced input #when eligible boulder work exists #then no transform [0.61ms]
(pass) omo-senpi ulw-execute-continuation > #given missing session manager #when agent_end fires #then skips silently [0.38ms]

packages/omo-senpi/src/components/ulw-execute-continuation/terminal-outcome.test.ts:
(pass) loop terminal outcome via direct delivery > #given active plan and terminal Codex safety error #when agent_end fires #then no automatic send or budget consumption [1.25ms]
(pass) loop terminal outcome via direct delivery > #given active plan and ordinary provider failure #when agent_end fires #then no automatic send or budget consumption [0.72ms]
(pass) loop terminal outcome via direct delivery > #given active plan and aborted run #when agent_end fires #then no automatic send or budget consumption [0.61ms]
(pass) loop terminal outcome via direct delivery > #given active plan and aborted assistant #when agent_end fires #then no automatic send or budget consumption [0.57ms]
(pass) loop terminal outcome via direct delivery > #given active plan and host-owned retry #when agent_end fires #then no automatic send or budget consumption [0.57ms]
(pass) loop terminal outcome via direct delivery > #given active plan and empty tool-use refusal #when agent_end fires #then no automatic send or budget consumption [0.59ms]
(pass) loop terminal outcome via direct delivery > #given active plan and sensitive stop #when agent_end fires #then no automatic send or budget consumption [0.54ms]
(pass) loop terminal outcome via direct delivery > #given active plan and normalized empty-tool-use refusal #when agent_end fires #then no automatic send or budget consumption [1.02ms]
(pass) loop terminal outcome via direct delivery > #given active plan and normalized sensitive stop #when agent_end fires #then no automatic send or budget consumption [0.77ms]
(pass) loop terminal outcome via direct delivery > #given active plan and missing outcome #when agent_end fires #then no automatic send or budget consumption [0.78ms]
(pass) loop terminal outcome via direct delivery > #given active plan and empty outcome #when agent_end fires #then no automatic send or budget consumption [0.59ms]
(pass) loop terminal outcome via direct delivery > #given active plan and missing stop reason #when agent_end fires #then no automatic send or budget consumption [0.56ms]
(pass) loop terminal outcome via direct delivery > #given active plan and error behind custom tail #when agent_end fires #then no automatic send or budget consumption [0.50ms]
(pass) loop terminal outcome via direct delivery > #given active plan and unfinished tool-use turn #when agent_end fires #then no automatic send or budget consumption [0.57ms]
(pass) loop terminal outcome via direct delivery > #given active plan and trailing aborted tool result #when agent_end fires #then no automatic send or budget consumption [0.50ms]
(pass) loop terminal outcome via direct delivery > #given active plan and aborted tool result behind a finished assistant #when agent_end fires #then no automatic send or budget consumption [0.56ms]
(pass) loop terminal outcome via direct delivery > #given explanatory assistant text #when the run settles #then it still continues [0.30ms]
(pass) loop terminal outcome via direct delivery > #given an earlier failed attempt behind a clean tail #when the run settles #then it still continues [0.29ms]
(pass) loop terminal outcome via direct delivery > #given a demoted empty tool-use turn without refusal details #when the run settles #then it still continues [0.30ms]
(pass) loop terminal outcome via direct delivery > #given a plain stop carrying stale refusal details #when the run settles #then it still continues [0.28ms]
(pass) loop terminal outcome via direct delivery > #given a trailing tool error that is not an abort #when the run settles #then it still continues [0.28ms]
(pass) loop terminal outcome via direct delivery > #given a length stop #when the run settles #then it still continues [0.28ms]
(pass) loop terminal outcome via direct delivery > #given an already continued signature #when a failure intervenes #then it does not reset dedupe [0.33ms]
(pass) loop terminal outcome via direct delivery > #given a run the host has not settled #when its turn is held for compaction or retry #then nothing is delivered until it settles [0.30ms]
(pass) loop terminal outcome via direct delivery > #given a late user abort #when the host mutates the recorded event before settling #then nothing is delivered [0.34ms]
(pass) loop terminal outcome via direct delivery > #given a settle with no recorded run #when it fires #then nothing is delivered [0.28ms]
(pass) loop terminal outcome via direct delivery > #given a recorded run #when user input arrives before the settle #then the user owns the edge [0.27ms]
(pass) loop terminal outcome via real coordinator > #given active plan and terminal Codex safety error #when agent_end fires #then no automatic send or budget consumption [0.58ms]
(pass) loop terminal outcome via real coordinator > #given active plan and ordinary provider failure #when agent_end fires #then no automatic send or budget consumption [0.48ms]
(pass) loop terminal outcome via real coordinator > #given active plan and aborted run #when agent_end fires #then no automatic send or budget consumption [0.48ms]
(pass) loop terminal outcome via real coordinator > #given active plan and aborted assistant #when agent_end fires #then no automatic send or budget consumption [0.48ms]
(pass) loop terminal outcome via real coordinator > #given active plan and host-owned retry #when agent_end fires #then no automatic send or budget consumption [0.47ms]
(pass) loop terminal outcome via real coordinator > #given active plan and empty tool-use refusal #when agent_end fires #then no automatic send or budget consumption [0.49ms]
(pass) loop terminal outcome via real coordinator > #given active plan and sensitive stop #when agent_end fires #then no automatic send or budget consumption [0.50ms]
(pass) loop terminal outcome via real coordinator > #given active plan and normalized empty-tool-use refusal #when agent_end fires #then no automatic send or budget consumption [0.63ms]
(pass) loop terminal outcome via real coordinator > #given active plan and normalized sensitive stop #when agent_end fires #then no automatic send or budget consumption [0.67ms]
(pass) loop terminal outcome via real coordinator > #given active plan and missing outcome #when agent_end fires #then no automatic send or budget consumption [0.63ms]
(pass) loop terminal outcome via real coordinator > #given active plan and empty outcome #when agent_end fires #then no automatic send or budget consumption [0.57ms]
(pass) loop terminal outcome via real coordinator > #given active plan and missing stop reason #when agent_end fires #then no automatic send or budget consumption [0.57ms]
(pass) loop terminal outcome via real coordinator > #given active plan and error behind custom tail #when agent_end fires #then no automatic send or budget consumption [0.81ms]
(pass) loop terminal outcome via real coordinator > #given active plan and unfinished tool-use turn #when agent_end fires #then no automatic send or budget consumption [0.94ms]
(pass) loop terminal outcome via real coordinator > #given active plan and trailing aborted tool result #when agent_end fires #then no automatic send or budget consumption [0.55ms]
(pass) loop terminal outcome via real coordinator > #given active plan and aborted tool result behind a finished assistant #when agent_end fires #then no automatic send or budget consumption [0.51ms]
(pass) loop terminal outcome via real coordinator > #given explanatory assistant text #when the run settles #then it still continues [0.28ms]
(pass) loop terminal outcome via real coordinator > #given an earlier failed attempt behind a clean tail #when the run settles #then it still continues [0.28ms]
(pass) loop terminal outcome via real coordinator > #given a demoted empty tool-use turn without refusal details #when the run settles #then it still continues [0.30ms]
(pass) loop terminal outcome via real coordinator > #given a plain stop carrying stale refusal details #when the run settles #then it still continues [0.29ms]
(pass) loop terminal outcome via real coordinator > #given a trailing tool error that is not an abort #when the run settles #then it still continues [0.29ms]
(pass) loop terminal outcome via real coordinator > #given a length stop #when the run settles #then it still continues [0.26ms]
(pass) loop terminal outcome via real coordinator > #given an already continued signature #when a failure intervenes #then it does not reset dedupe [0.29ms]
(pass) loop terminal outcome via real coordinator > #given a run the host has not settled #when its turn is held for compaction or retry #then nothing is delivered until it settles [0.28ms]
(pass) loop terminal outcome via real coordinator > #given a late user abort #when the host mutates the recorded event before settling #then nothing is delivered [0.30ms]
(pass) loop terminal outcome via real coordinator > #given a settle with no recorded run #when it fires #then nothing is delivered [0.27ms]
(pass) loop terminal outcome via real coordinator > #given a recorded run #when user input arrives before the settle #then the user owns the edge [0.34ms]
(pass) boulder terminal outcome via direct delivery > #given active plan and terminal Codex safety error #when agent_end fires #then no automatic send or budget consumption [5.42ms]
(pass) boulder terminal outcome via direct delivery > #given active plan and ordinary provider failure #when agent_end fires #then no automatic send or budget consumption [4.69ms]
(pass) boulder terminal outcome via direct delivery > #given active plan and aborted run #when agent_end fires #then no automatic send or budget consumption [6.99ms]
(pass) boulder terminal outcome via direct delivery > #given active plan and aborted assistant #when agent_end fires #then no automatic send or budget consumption [3.63ms]
(pass) boulder terminal outcome via direct delivery > #given active plan and host-owned retry #when agent_end fires #then no automatic send or budget consumption [4.34ms]
(pass) boulder terminal outcome via direct delivery > #given active plan and empty tool-use refusal #when agent_end fires #then no automatic send or budget consumption [8.64ms]
(pass) boulder terminal outcome via direct delivery > #given active plan and sensitive stop #when agent_end fires #then no automatic send or budget consumption [4.92ms]
(pass) boulder terminal outcome via direct delivery > #given active plan and normalized empty-tool-use refusal #when agent_end fires #then no automatic send or budget consumption [4.39ms]
(pass) boulder terminal outcome via direct delivery > #given active plan and normalized sensitive stop #when agent_end fires #then no automatic send or budget consumption [4.38ms]
(pass) boulder terminal outcome via direct delivery > #given active plan and missing outcome #when agent_end fires #then no automatic send or budget consumption [5.08ms]
(pass) boulder terminal outcome via direct delivery > #given active plan and empty outcome #when agent_end fires #then no automatic send or budget consumption [3.80ms]
(pass) boulder terminal outcome via direct delivery > #given active plan and missing stop reason #when agent_end fires #then no automatic send or budget consumption [7.05ms]
(pass) boulder terminal outcome via direct delivery > #given active plan and error behind custom tail #when agent_end fires #then no automatic send or budget consumption [5.53ms]
(pass) boulder terminal outcome via direct delivery > #given active plan and unfinished tool-use turn #when agent_end fires #then no automatic send or budget consumption [3.09ms]
(pass) boulder terminal outcome via direct delivery > #given active plan and trailing aborted tool result #when agent_end fires #then no automatic send or budget consumption [4.12ms]
(pass) boulder terminal outcome via direct delivery > #given active plan and aborted tool result behind a finished assistant #when agent_end fires #then no automatic send or budget consumption [4.33ms]
(pass) boulder terminal outcome via direct delivery > #given explanatory assistant text #when the run settles #then it still continues [1.76ms]
(pass) boulder terminal outcome via direct delivery > #given an earlier failed attempt behind a clean tail #when the run settles #then it still continues [1.36ms]
(pass) boulder terminal outcome via direct delivery > #given a demoted empty tool-use turn without refusal details #when the run settles #then it still continues [1.46ms]
(pass) boulder terminal outcome via direct delivery > #given a plain stop carrying stale refusal details #when the run settles #then it still continues [2.01ms]
(pass) boulder terminal outcome via direct delivery > #given a trailing tool error that is not an abort #when the run settles #then it still continues [1.17ms]
(pass) boulder terminal outcome via direct delivery > #given a length stop #when the run settles #then it still continues [1.62ms]
(pass) boulder terminal outcome via direct delivery > #given an already continued signature #when a failure intervenes #then it does not reset dedupe [1.75ms]
(pass) boulder terminal outcome via direct delivery > #given a run the host has not settled #when its turn is held for compaction or retry #then nothing is delivered until it settles [1.31ms]
(pass) boulder terminal outcome via direct delivery > #given a late user abort #when the host mutates the recorded event before settling #then nothing is delivered [0.87ms]
(pass) boulder terminal outcome via direct delivery > #given a settle with no recorded run #when it fires #then nothing is delivered [1.10ms]
(pass) boulder terminal outcome via direct delivery > #given a recorded run #when user input arrives before the settle #then the user owns the edge [0.93ms]
(pass) boulder terminal outcome via real coordinator > #given active plan and terminal Codex safety error #when agent_end fires #then no automatic send or budget consumption [4.78ms]
(pass) boulder terminal outcome via real coordinator > #given active plan and ordinary provider failure #when agent_end fires #then no automatic send or budget consumption [3.79ms]
(pass) boulder terminal outcome via real coordinator > #given active plan and aborted run #when agent_end fires #then no automatic send or budget consumption [4.02ms]
(pass) boulder terminal outcome via real coordinator > #given active plan and aborted assistant #when agent_end fires #then no automatic send or budget consumption [3.60ms]
(pass) boulder terminal outcome via real coordinator > #given active plan and host-owned retry #when agent_end fires #then no automatic send or budget consumption [4.32ms]
(pass) boulder terminal outcome via real coordinator > #given active plan and empty tool-use refusal #when agent_end fires #then no automatic send or budget consumption [3.99ms]
(pass) boulder terminal outcome via real coordinator > #given active plan and sensitive stop #when agent_end fires #then no automatic send or budget consumption [3.77ms]
(pass) boulder terminal outcome via real coordinator > #given active plan and normalized empty-tool-use refusal #when agent_end fires #then no automatic send or budget consumption [3.49ms]
(pass) boulder terminal outcome via real coordinator > #given active plan and normalized sensitive stop #when agent_end fires #then no automatic send or budget consumption [3.90ms]
(pass) boulder terminal outcome via real coordinator > #given active plan and missing outcome #when agent_end fires #then no automatic send or budget consumption [4.91ms]
(pass) boulder terminal outcome via real coordinator > #given active plan and empty outcome #when agent_end fires #then no automatic send or budget consumption [3.90ms]
(pass) boulder terminal outcome via real coordinator > #given active plan and missing stop reason #when agent_end fires #then no automatic send or budget consumption [3.74ms]
(pass) boulder terminal outcome via real coordinator > #given active plan and error behind custom tail #when agent_end fires #then no automatic send or budget consumption [10.39ms]
(pass) boulder terminal outcome via real coordinator > #given active plan and unfinished tool-use turn #when agent_end fires #then no automatic send or budget consumption [6.91ms]
(pass) boulder terminal outcome via real coordinator > #given active plan and trailing aborted tool result #when agent_end fires #then no automatic send or budget consumption [4.93ms]
(pass) boulder terminal outcome via real coordinator > #given active plan and aborted tool result behind a finished assistant #when agent_end fires #then no automatic send or budget consumption [3.25ms]
(pass) boulder terminal outcome via real coordinator > #given explanatory assistant text #when the run settles #then it still continues [1.01ms]
(pass) boulder terminal outcome via real coordinator > #given an earlier failed attempt behind a clean tail #when the run settles #then it still continues [1.41ms]
(pass) boulder terminal outcome via real coordinator > #given a demoted empty tool-use turn without refusal details #when the run settles #then it still continues [1.28ms]
(pass) boulder terminal outcome via real coordinator > #given a plain stop carrying stale refusal details #when the run settles #then it still continues [1.25ms]
(pass) boulder terminal outcome via real coordinator > #given a trailing tool error that is not an abort #when the run settles #then it still continues [1.53ms]
(pass) boulder terminal outcome via real coordinator > #given a length stop #when the run settles #then it still continues [1.22ms]
(pass) boulder terminal outcome via real coordinator > #given an already continued signature #when a failure intervenes #then it does not reset dedupe [2.25ms]
(pass) boulder terminal outcome via real coordinator > #given a run the host has not settled #when its turn is held for compaction or retry #then nothing is delivered until it settles [1.11ms]
(pass) boulder terminal outcome via real coordinator > #given a late user abort #when the host mutates the recorded event before settling #then nothing is delivered [1.36ms]
(pass) boulder terminal outcome via real coordinator > #given a settle with no recorded run #when it fires #then nothing is delivered [1.20ms]
(pass) boulder terminal outcome via real coordinator > #given a recorded run #when user input arrives before the settle #then the user owns the edge [0.89ms]
(pass) loop terminal outcome across the awaited status probe > #given a user abort while the toolkit probe runs #when the run settles #then the plan is not resubmitted [0.41ms]

packages/omo-senpi/src/components/lsp/lsp-architecture.test.ts:
(pass) omo-senpi lsp architecture boundary > #given the daemon-backed adapter #when source shape is audited #then no vendored LSP engine remains [5.02ms]

packages/omo-senpi/src/components/lsp/lsp-security.test.ts:
(pass) omo-senpi lsp project config trust > #given untrusted project-local LSP config #when shared server config merges #then arbitrary project commands are not launched [2.86ms]
(pass) omo-senpi lsp project config trust > #given untrusted project config overrides a builtin #when servers merge #then the builtin command remains selected [0.78ms]
(pass) omo-senpi lsp project config trust > #given project-local custom commands #when servers merge #then project-local commands remain ignored [2.69ms]
(pass) omo-senpi lsp project config trust > #given project config customizes safe builtin fields #when servers merge #then command and env still come from the builtin [1.25ms]
(pass) omo-senpi lsp project config trust > #given user LSP config has a custom command and env #when servers merge #then the user custom server is preserved [1.20ms]
(pass) omo-senpi lsp project config trust > #given project configs contain multiple unsafe commands #when the component registers #then exactly one migration warning is emitted [0.99ms]

packages/omo-senpi/src/components/lsp/index.test.ts:
(pass) omo-senpi lsp component > #given the legacy Senpi LSP descriptors #when the daemon-backed component registers #then all non-executor descriptor fields are preserved [0.33ms]
(pass) omo-senpi lsp component > #given an installed language server #when the component registers #then the exact six LSP tools are exposed [0.14ms]
(pass) omo-senpi lsp component > #given renamed omo-senpi lsp flags #when diagnostics are disabled #then no LSP tools register [0.10ms]
(pass) omo-senpi lsp component > #given no language server is resolvable for any file type #when the lsp component registers #then the six tools remain exposed [0.11ms]

packages/omo-senpi/src/components/lsp/daemon-runtime.test.ts:
(pass) Senpi packaged daemon runtime resolver > #given a shipped extension path #when resolving daemon runtime #then CLI and version are paired from plugin-local runtime [2.12ms]
(pass) Senpi packaged daemon runtime resolver > #given a shipped daemon client #when an LSP tool executes #then canonical alias, signal, and Senpi .pi context are forwarded [2.72ms]
(pass) Senpi packaged daemon runtime resolver > #given whitespace HOME input #when building a daemon context #then user config stays under the actual home directory [2.43ms]
(pass) Senpi packaged daemon runtime resolver > #given all six Senpi LSP names #when executing through the packaged client #then canonical Core tool names are used [4.28ms]
(pass) Senpi packaged daemon runtime resolver > #given daemon runtime overrides #when resolved #then the shared daemon contract is enforced [2.21ms]

packages/omo-senpi/src/components/lsp/lsp-renderers.test.ts:
(pass) omo-senpi lsp TUI renderers > #given registered LSP tools #when the TUI renders tool activity #then every tool exposes custom call and result renderers [0.18ms]

packages/omo-senpi/src/components/lsp/post-edit-diagnostics.test.ts:
(pass) omo-senpi lsp post-edit diagnostics > #given a session pi cwd #when the real LSP component handles a mutation #then default post-edit diagnostics use that cwd [0.96ms]
(pass) omo-senpi lsp post-edit diagnostics > #given post-edit diagnostics with errors #when a write tool result arrives #then model-visible diagnostics are injected [0.17ms]
(pass) omo-senpi lsp post-edit diagnostics > #given many mutated files #when post-edit diagnostics run #then shared orchestration dedupes, bounds concurrency, preserves order, and isolates failures [0.19ms]
(pass) omo-senpi lsp post-edit diagnostics > #given post-edit sessions #when session events fire #then only that session cache resets or deletes [0.62ms]
(pass) omo-senpi lsp post-edit diagnostics > #given a context with updateToolHookStatus #when post-edit diagnostics run #then the live status label is reported [0.12ms]
(pass) omo-senpi lsp post-edit diagnostics > #given a non-mutation tool result #when the post-edit handler runs #then no live status is reported [0.11ms]
(pass) omo-senpi lsp post-edit diagnostics > #given post-edit diagnostics are clean #when a write tool result arrives #then no diagnostics are injected [0.11ms]

packages/omo-senpi/src/components/init-deep-advisor/coverage.test.ts:
(pass) computeCandidateDirs > #given three dirs with 8+ source files #when computing candidates #then all three qualify [6.89ms]
(pass) computeCandidateDirs > #given a dir with few files but 500+ LOC #when computing candidates #then it qualifies by LOC [0.89ms]
(pass) computeCandidateDirs > #given a tiny repo below both thresholds #when computing candidates #then none qualify [1.35ms]
(pass) computeCandidateDirs > #given nested dirs sharing a subtree #when computing candidates #then files are counted per directory only [4.10ms]
(pass) computeCandidateDirs > #given a candidate dir deeper than the max depth #when computing candidates #then it is not returned [2.34ms]
(pass) computeCandidateDirs > #given excluded directory names #when computing candidates #then they are skipped [7.74ms]
(pass) computeCandidateDirs > #given a symlinked directory #when computing candidates #then the symlink is skipped [2.05ms]
(pass) isCovered > #given a dir with its own AGENTS.md #when checking coverage #then it is covered [1.53ms]
(pass) isCovered > #given an ancestor with AGENTS.md #when checking coverage #then the descendant inherits coverage [1.85ms]
(pass) isCovered > #given only a root AGENTS.md #when checking a nested dir #then root counts as an inclusive ancestor [1.79ms]
(pass) isCovered > #given no AGENTS.md anywhere #when checking a nested dir #then it is not covered [1.50ms]
(pass) computeCoverageRatio and shouldProposeInit > #given three candidate dirs and zero AGENTS.md #when computing coverage #then missingRatio is 1.0 and init is proposed [8.34ms]
(pass) computeCoverageRatio and shouldProposeInit > #given three candidate dirs all covered #when computing coverage #then missingRatio is 0.0 and init is not proposed [6.87ms]
(pass) computeCoverageRatio and shouldProposeInit > #given zero candidate dirs #when computing coverage #then it returns null and init is not proposed [1.05ms]
(pass) computeCoverageRatio and shouldProposeInit > #given full nested coverage without a root AGENTS.md #when deciding #then init is not proposed [5.75ms]
(pass) computeCoverageRatio and shouldProposeInit > #given half the candidate dirs uncovered #when deciding #then the 0.50 threshold proposes [3.39ms]
(pass) computeCoverageRatio and shouldProposeInit > #given a null missingRatio #when deciding #then it never proposes [0.11ms]

packages/omo-senpi/src/components/init-deep-advisor/git-helpers.test.ts:
(pass) gitIsRepo > #given a git repo #when checking #then it returns true [147.75ms]
(pass) gitIsRepo > #given a plain directory #when checking #then it returns false [22.01ms]
(pass) gitIsRepo > #given a plain directory #when checking from a child process #then stderr is empty, gitIsRepo is false, and gitToplevel is null [87.90ms]
(pass) gitToplevel > #given a git repo #when resolving toplevel #then it returns the repo root [175.26ms]
(pass) gitHead and gitCommitsSince > #given a repo with commits #when reading HEAD #then it matches rev-parse [189.14ms]
(pass) gitHead and gitCommitsSince > #given five commits after a base sha #when counting #then it returns five [767.87ms]
(pass) gitTrackedFileCount > #given a repo with two tracked files #when counting #then it returns two [169.16ms]
(pass) gitTrackedFileCount > #given a platform-valid delimiter-sensitive filename #when counting #then NUL delimiting keeps the count correct [276.02ms]
(pass) gitTouchedFilesSince > #given commits touching one file #when listing touched files #then only that file is returned [341.86ms]
(pass) gitTouchedFilesSince > #given commits touching only AGENTS.md and the snapshot #when listing touched files #then they are excluded [270.39ms]
(pass) gitChurnLoc > #given a file grown by two lines #when summing churn #then added and deleted lines both count [326.99ms]
(pass) gitChurnLoc > #given a binary file change #when summing churn #then binary rows contribute zero [258.91ms]
(pass) gitTotalLoc > #given tracked source files #when summing total LOC #then it counts their lines [178.29ms]
(pass) gitObjectType > #given a commit sha #when reading its object type #then it is commit [138.48ms]
(pass) gitObjectType > #given tree, blob, tag and invalid shas #when reading object types #then non-commit types are reported [314.29ms]
(pass) gitCommonDirRealpath > #given a repo #when resolving the common dir #then it is the realpath of .git [158.30ms]

packages/omo-senpi/src/components/init-deep-advisor/drift.test.ts:
(pass) computeDrift > #given 40 commits touching 2 of 10 files #when computing drift #then metrics report 40 commits and a 0.2 touched ratio [361.71ms]
(pass) computeDrift > #given an unchanged repo #when computing drift #then commits and churn are zero [355.58ms]
(pass) computeDrift > #given an old snapshot timestamp #when computing drift #then daysSince reflects the age [260.88ms]
(pass) computeDrift > #given an invalid snapshot sha #when computing drift #then it is stale [154.44ms]
(pass) computeDrift > #given a tag object sha #when computing drift #then it is stale [201.72ms]
(pass) computeDrift > #given a tree object sha #when computing drift #then it is stale [189.69ms]
(pass) computeDrift > #given a blob object sha #when computing drift #then it is stale [168.06ms]
(pass) shouldProposeRefresh > #given 40 commits and a 20% touched ratio #when deciding #then it proposes a refresh [0.15ms]
(pass) shouldProposeRefresh > #given the current HEAD equals the last proposed HEAD #when deciding #then it suppresses [0.10ms]
(pass) shouldProposeRefresh > #given an active 7-day cooldown #when deciding #then it suppresses [0.10ms]
(pass) shouldProposeRefresh > #given a stale drift result #when deciding #then it proposes a refresh [0.09ms]
(pass) shouldProposeRefresh > #given a stale drift result inside the cooldown #when deciding #then the cooldown still suppresses [0.10ms]
(pass) shouldProposeRefresh > #given 40 commits but only a 5% touched ratio #when deciding #then the composite threshold suppresses [0.09ms]
(pass) shouldProposeRefresh > #given a churn ratio at 0.25 #when deciding #then it proposes on the LOC lane alone [0.11ms]
(pass) shouldProposeRefresh > #given a 90-day-old snapshot with no churn #when deciding #then it proposes on the age lane alone [0.13ms]

packages/omo-senpi/src/components/init-deep-advisor/state.test.ts:
(pass) getAdvisorStateDir > #given an agent home env #when resolving the advisor state dir #then it nests under the omo-native state dir [0.58ms]
(pass) repoHash > #given the same repo #when hashing twice #then the hash is stable [169.57ms]
(pass) repoHash > #given two distinct repos #when hashing #then the hashes differ [297.22ms]
Preparing worktree (new branch 'linked-branch')
(pass) repoHash > #given a linked worktree of one repo #when hashing #then it shares the main repo hash [215.40ms]
(pass) global and project declines > #given a fresh state dir #when writing a global decline #then it reads back as declined [0.78ms]
(pass) global and project declines > #given a nested state dir that does not exist yet #when writing a project decline #then the parent is created [0.91ms]
(pass) global and project declines > #given a project decline for one repo #when checking another repo #then it is not declined [0.61ms]
(pass) cooldown > #given a cooldown written now #when reading the deadline #then it is COOLDOWN_DAYS ahead [0.73ms]
(pass) cooldown > #given no cooldown record #when reading the deadline #then it returns 0 [0.27ms]
(pass) cooldown > #given a malformed cooldown record #when reading the deadline #then it returns 0 [0.85ms]
(pass) cooldown > #given a cooldown record with a non-number until #when reading the deadline #then it returns 0 [0.76ms]
(pass) last proposed head > #given a written head #when reading it back #then it round-trips [0.76ms]
(pass) last proposed head > #given no proposal record #when reading the head #then it returns null [0.27ms]
(pass) last proposed head > #given a malformed proposal record #when reading the head #then it returns null [0.72ms]
(pass) readSnapshot > #given no snapshot file #when reading #then it reports missing [0.31ms]
(pass) readSnapshot > #given a complete valid snapshot #when reading #then it reports valid with the parsed snapshot [0.60ms]
(pass) readSnapshot > #given a snapshot with extra fields #when reading #then it stays valid (forward compatible) [0.53ms]
(pass) readSnapshot > #given unparseable JSON #when reading #then it reports invalid [0.59ms]
(pass) readSnapshot > #given non-object JSON roots #when reading #then each reports invalid [3.11ms]
(pass) readSnapshot > #given a snapshot missing a required field #when reading #then it reports invalid [0.69ms]
(pass) readSnapshot > #given a snapshot with wrong field types #when reading #then it reports invalid [0.62ms]
(pass) readSnapshot > #given negative or non-finite numbers #when reading #then it reports invalid [1.03ms]
(pass) readSnapshot > #given a mode outside the frozen enum #when reading #then it reports invalid [0.53ms]

packages/omo-senpi/src/components/init-deep-advisor/constants.test.ts:
(pass) frozen advisor constants > #given the frozen plan values #when reading coverage constants #then they match exactly [0.18ms]
(pass) frozen advisor constants > #given the frozen plan values #when reading drift constants #then they match exactly [0.09ms]
(pass) frozen advisor constants > #given the frozen source extension set #when checking membership #then known source and excluded names are covered [0.10ms]

packages/omo-senpi/src/components/init-deep-advisor/component.test.ts:
(pass) createInitDeepAdvisorComponent > #given an eligible repo #when Run now #then the correct response state is applied [260.16ms]
(pass) createInitDeepAdvisorComponent > #given an eligible repo #when Skip this time #then the correct response state is applied [241.84ms]
(pass) createInitDeepAdvisorComponent > #given an eligible repo #when Never in this project #then the correct response state is applied [270.06ms]
(pass) createInitDeepAdvisorComponent > #given an eligible repo #when Never anywhere #then the correct response state is applied [221.28ms]
(pass) createInitDeepAdvisorComponent > #given an eligible repo #when the dialog times out #then the correct response state is applied [502.77ms]
(pass) createInitDeepAdvisorComponent > #given a fully covered repo #when startup runs #then no selector opens [277.91ms]
(pass) createInitDeepAdvisorComponent > #given the advisor is disabled #when startup runs #then no selector opens [171.90ms]
(pass) createInitDeepAdvisorComponent > #given a non-startup session #when session_start fires #then no selector opens [176.83ms]
(pass) createInitDeepAdvisorComponent > #given an onboarding marker that is missing #when startup runs #then first-session suppression blocks the selector [214.08ms]
(pass) createInitDeepAdvisorComponent > #given an onboarding marker that is current #when startup runs #then first-session suppression blocks the selector [148.07ms]
(pass) createInitDeepAdvisorComponent > #given a non-UI mode #when startup runs #then proposal state and UI remain untouched [185.82ms]
(pass) createInitDeepAdvisorComponent > #given AGENTS.md is tracked #when Run now is chosen #then suggestedMode is committed [237.10ms]
(pass) createInitDeepAdvisorComponent > #given AGENTS.md is untracked #when Run now is chosen #then suggestedMode is local [229.06ms]
(pass) createInitDeepAdvisorComponent > #given every eligibility trigger #when proposed data is built #then each discriminated payload is exact [1.37ms]
(pass) createInitDeepAdvisorComponent > #given an eligible repo #when the advisor opens #then last proposed HEAD is written first [182.48ms]
(pass) createInitDeepAdvisorComponent > #given session_start #when the handler returns #then ui.select has not run synchronously [271.90ms]
(pass) createInitDeepAdvisorComponent > #given fake timers #when session_start fires #then ui.select waits for setTimeout zero [183.30ms]
(pass) createInitDeepAdvisorComponent > #given a non-git cwd #when startup preflight runs #then there is no --show-toplevel spawn beyond the single gitToplevel call [24.03ms]

packages/omo-senpi/src/components/init-deep-advisor/git-exclude.test.ts:
(pass) addLocalExcludePaths > #given an absent exclude file #when adding paths #then the file is created with those paths [53.19ms]
(pass) addLocalExcludePaths > #given paths already present #when adding the same paths again #then no duplicate lines appear [70.70ms]
(pass) addLocalExcludePaths > #given user-written lines in the exclude file #when adding managed paths #then user lines are preserved [51.08ms]
(pass) removeLocalExcludePaths > #given managed and user lines #when removing managed paths #then only named paths are removed [54.68ms]
(pass) removeLocalExcludePaths > #given an absent exclude file #when removing paths #then no-op without throwing [50.93ms]
(pass) isExcluded > #given a path in the exclude file #when checking #then it returns true [76.17ms]
(pass) isExcluded > #given a path not in the exclude file #when checking #then it returns false [71.74ms]
(pass) isExcluded > #given an absent exclude file #when checking #then it returns false [49.30ms]
(pass) non-git directory > #given a plain directory #when adding paths #then no-op without throwing [23.97ms]
(pass) non-git directory > #given a plain directory #when removing paths #then no-op without throwing [24.87ms]
(pass) non-git directory > #given a plain directory #when checking exclusion #then it returns false [23.77ms]

packages/omo-senpi/src/components/comment-checker/comment-checker.feedback.test.ts:
(pass) omo-senpi comment-checker feedback > #given checker violation #when edit completes #then feedback includes the header and offending file [3.49ms]
(pass) omo-senpi comment-checker feedback > #given a multi-file apply_patch #when checking completes #then checker receives one hook input per file [0.54ms]
(pass) omo-senpi comment-checker feedback > #given checker finds a clean file #when edit completes #then injects nothing [0.34ms]
(pass) omo-senpi comment-checker feedback > #given unresolvable binary #when eligible results repeat #then component is inert with one notice [0.30ms]
(pass) omo-senpi comment-checker feedback > #given same file reported twice #when still in one turn #then stale_state debounce emits one report until turn_start [0.31ms]

packages/omo-senpi/src/components/comment-checker/comment-checker.resolver.test.ts:
(pass) omo-senpi comment-checker binary resolver > #given OMO_COMMENT_CHECKER_BIN and other candidates #when resolving binary #then env var wins first [0.23ms]
(pass) omo-senpi comment-checker binary resolver > #given package api exports getBinaryPath #when env is unset #then package api resolves before PATH [0.20ms]
(pass) omo-senpi comment-checker binary resolver > #given env and package resolution fail #when PATH has comment-checker #then PATH fallback resolves last [0.21ms]

packages/omo-senpi/src/components/comment-checker/comment-checker.test.ts:
(pass) omo-senpi comment-checker component > #given built Senpi runs under Node #when inspecting runtime sources #then comment-checker has no Bun global dependency [0.74ms]
(pass) omo-senpi comment-checker component > #given every binary resolution path is missing #when eligible results repeat #then inert notice logs once and runner is not called [0.33ms]
(pass) omo-senpi comment-checker component > #given a context with updateToolHookStatus #when the check runs #then the live status label is reported once [0.24ms]
(pass) omo-senpi comment-checker component > #given a non-mutation tool result #when tool_result dispatches #then no live status is reported [0.21ms]
(pass) omo-senpi comment-checker component > #given successful edit result #when tool_result dispatches #then runner receives the right absolute path [0.22ms]
(pass) omo-senpi comment-checker component > #given bound Senpi session manager #when tool_result dispatches #then runner receives session metadata [0.24ms]
(pass) omo-senpi comment-checker component > #given successful write result #when tool_result dispatches #then runner receives the written file [0.23ms]
(pass) omo-senpi comment-checker component > #given read and bash results #when tool_result dispatches #then silent non-edit tools do not trigger [0.21ms]
(pass) omo-senpi comment-checker component > #given failed edit and write results #when tool_result dispatches #then silent failures do not trigger [0.22ms]
(pass) omo-senpi comment-checker component > #given missing path and bad payload #when tool_result dispatches #then malformed_input no-ops safely [0.19ms]

packages/omo-senpi/src/components/native-badge/index.test.ts:
(pass) createNativeBadgeComponent > #given the component is registered > #then it is named native-badge [0.20ms]
(pass) createNativeBadgeComponent > #given the component is registered > #when session_start fires #then the cat badge is published to the footer [0.21ms]
(pass) createNativeBadgeComponent > #given the component is registered > #when a later turn settles #then the badge is republished so it survives status churn [0.12ms]
(pass) createNativeBadgeComponent > #given a host that exposes no ui surface > #when events fire #then registration and dispatch stay silent [0.12ms]

packages/omo-senpi/src/components/native-badge/footer-badge.test.ts:
(pass) createNativeBadgeStatus > #given an event context exposing ui.setStatus > #when the session publishes #then the cat badge is set under a leading status key [0.13ms]
(pass) createNativeBadgeStatus > #given an event context exposing ui.setStatus > #when publish runs repeatedly #then the badge is written once per call without duplication [0.11ms]
(pass) createNativeBadgeStatus > #given a context without a usable ui surface > #when publish runs #then it degrades silently instead of throwing [0.10ms]
(pass) createNativeBadgeStatus > #given the status key ordering contract > #then it sorts ahead of the other omo status keys so the badge leads the row [0.10ms]

packages/omo-senpi/src/components/config-watch/index.test.ts:
(pass) createConfigWatchComponent > emits one wire-valid omo registration immediately [0.37ms]
(pass) createConfigWatchComponent > skips without the optional events capability [0.15ms]
(pass) createConfigWatchComponent > warns that creating user config later requires a reload when its directory and parent are absent [0.15ms]
(pass) createConfigWatchComponent > logs omo reload and rejection outcomes with paths and errors [0.18ms]
(pass) createConfigWatchComponent > refreshes targets after rejection without replacing the sticky validator, deferring the re-registration [1.22ms]
(pass) createConfigWatchComponent > caps deferred re-registration retries when the host rejects deterministically [3.70ms]
(pass) createConfigWatchComponent > resets the rejection retry budget when the registration payload changes [4.90ms]
(pass) createConfigWatchComponent > releases event subscriptions on shutdown and replaces subscriptions on repeated register [0.38ms]
(pass) createConfigWatchComponent > defers and coalesces the ready re-registration instead of echoing on the dispatch stack [2.73ms]
(pass) createConfigWatchComponent > stands down the superseded instance when a second omo extension registers the same id [2.60ms]

packages/omo-senpi/src/components/config-watch/validate.test.ts:
(pass) createOmoConfigValidator > #given invalid JSONC in a changed config file #when validating #then rejects with the parse diagnostic [3.75ms]
(pass) createOmoConfigValidator > #given a schema violation in a changed config file #when validating #then rejects with the validation diagnostic [1.71ms]
(pass) createOmoConfigValidator > #given a valid changed config #when validating #then accepts and advances the baseline [1.26ms]
(pass) createOmoConfigValidator > #given a missing optional user config #when validating its path #then accepts [0.87ms]
(pass) createOmoConfigValidator > #given a pre-existing invalid ancestor layer #when a different valid layer changes #then accepts [1.60ms]
(pass) createOmoConfigValidator > #given individually valid team layers that newly fail after merge #when the changed layer validates #then rejects the merged diagnostic [3.79ms]
(pass) createOmoConfigValidator > #given a pre-existing merged-config diagnostic #when an unrelated valid layer changes #then accepts [2.60ms]
(pass) createOmoConfigValidator > #given an accepted change with a non-attributable pre-existing diagnostic #when another valid change follows #then the updated baseline does not block it [2.38ms]
(pass) createOmoConfigValidator > #given a rejected change #when an unrelated valid change follows before it is fixed #then rejection remains sticky until the bad diagnostic is gone [3.65ms]
(pass) createOmoConfigValidator > #given a newly created ancestor .omo directory with invalid JSONC #when validating the directory change #then rejects its descendant diagnostic [1.35ms]
(pass) createOmoConfigValidator > #given deleting omo.jsonc exposes an invalid sibling omo.json #when validating the deletion #then rejects by containing config directory [1.38ms]
(pass) createOmoConfigValidator > #given a changed Senpi model catalog cycle #when validating #then rejects the resolved Senpi view diagnostic [1.46ms]
(pass) createOmoConfigValidator > #given an unreadable changed config path #when validating #then returns its read diagnostic without throwing [1.31ms]

packages/omo-senpi/src/components/config-watch/paths.test.ts:
(pass) resolveOmoConfigWatchTargets > #given nested project configs #when resolving targets #then watches user scope, every existing .omo directory, and each cwd-to-home ancestor [2.54ms]
(pass) resolveOmoConfigWatchTargets > #given a newly created ancestor .omo directory #when resolving targets #then keeps watching its config files after a rejected creation [0.82ms]
(pass) resolveOmoConfigWatchTargets > #given a symlinked project .omo directory #when resolving targets #then ignores the symlinked config directory [0.94ms]
(pass) resolveOmoConfigWatchTargets > #given an existing project .omo directory without a config file #when resolving targets #then watches it for either omo config filename [0.79ms]
(pass) resolveOmoConfigWatchTargets > #given the default install layout #when resolving targets #then watches ~/.omo config and reports discovery as watched [0.97ms]
(pass) resolveOmoConfigWatchTargets > #given cwd at HOME with the default install layout #when resolving targets #then retains the ~/.omo config target [0.74ms]
(pass) resolveOmoConfigWatchTargets > #given a missing ~/.omo user config directory #when resolving targets #then emits a basename-anchored HOME creation target and watches discovery [0.78ms]
(pass) resolveOmoConfigWatchTargets > #given the senpi agent dir defaulting under HOME #when resolving targets #then keeps safe config globs and drops protected intersections [1.00ms]
(pass) resolveOmoConfigWatchTargets > #given protected paths #when checking targets #then rejects unanchored and protected-resolving globs but permits safe anchored globs [0.42ms]
(pass) resolveOmoConfigWatchTargets > #given an explicit SENPI_CODING_AGENT_DIR under HOME #when resolving targets #then drops only targets intersecting its protected paths [0.77ms]
(pass) resolveOmoConfigWatchTargets > #given ancestor creation targets #when resolving targets #then every creation glob is root-anchored [0.73ms]
(pass) resolveOmoConfigWatchTargets > #given the user config parent creation target #when resolving targets #then its glob is root-anchored [0.71ms]
(pass) resolveOmoConfigWatchTargets > #given an existing .omo directory holding runtime state #when resolving targets #then its config globs are root-anchored so the subtree is not scanned [1.45ms]
(pass) resolveOmoConfigWatchTargets > #given a Plan 9 project filesystem #when resolving targets #then skips project and ancestor watches while retaining native user config [1.06ms]
(pass) resolveOmoConfigWatchTargets > #given a native project filesystem #when resolving targets #then preserves project and ancestor watches [4.00ms]
(pass) resolveOmoConfigWatchTargets > #given a Plan 9 user config filesystem #when resolving targets #then skips the user config watch [0.91ms]

packages/omo-senpi/src/components/formatter/formatter.test.ts:
(pass) format-on-mutation policy > uses marker precedence and never enables prettier beside biome [0.28ms]
(pass) format-on-mutation policy > has the required defaults and language overrides [0.11ms]
(pass) format-on-mutation policy > contains machine-readable change notice tokens [0.09ms]
(pass) formatter CLI fallback when the binary cannot be spawned > #given an unspawnable formatter binary #when a mutation is formatted #then it degrades instead of throwing [22.12ms]
(pass) formatter CLI fallback when the binary cannot be spawned > #given required mode #when the formatter binary cannot be spawned #then the failure is reported as unavailable [25.98ms]

packages/omo-senpi/src/components/model-profile/index.test.ts:
(pass) createModelProfileComponent > #given model_profile unset #when the session starts #then nothing is applied and nothing is said [0.65ms]
(pass) createModelProfileComponent > #given a tier with an available rung #when the session starts #then exactly one setSessionModel, the rung's thinking level and one applied notice [0.78ms]
(pass) createModelProfileComponent > #given a literal provider/model #when the session starts #then that pin is applied for the session [0.30ms]
(pass) createModelProfileComponent > #given a tier with no available rung #when the session starts #then no model call and one unavailable notice listing the chain [0.33ms]
(pass) createModelProfileComponent > #given an unknown profile name #when the session starts #then the resolver's diagnostic is emitted and nothing is applied [0.26ms]
(pass) createModelProfileComponent > #given a resumed session #when session_start fires #then the profile is not applied [0.23ms]
(pass) createModelProfileComponent > #given a --model flag or a scoped model #when session_start fires #then the profile yields to it [0.20ms]
(pass) createModelProfileComponent > #given a session_start that carries no provenance (senpi omits it on a --model run) #when it fires #then the profile does not touch the model [0.20ms]
(pass) createModelProfileComponent > #given two session_start events for one session id #when both fire #then the model is applied once [0.25ms]
(pass) createModelProfileComponent > #given a new session id after startup #when session_start fires again #then the profile applies to the new session too [0.24ms]
(pass) createModelProfileComponent > #given other events #when they fire #then the component never touches the model [0.23ms]

packages/omo-senpi/src/components/model-profile/resolve.test.ts:
(pass) resolveModelProfile > picks the first rung the registry can serve and names the skipped ones [0.39ms]
(pass) resolveModelProfile > resolves a rung through its second provider when the first is absent [0.17ms]
(pass) resolveModelProfile > treats a value carrying a slash as a literal pin [0.25ms]
(pass) resolveModelProfile > reports a pin the registry cannot serve as unavailable [0.16ms]
(pass) resolveModelProfile > lets a user entry replace a builtin of the same name wholesale [0.16ms]
(pass) resolveModelProfile > reports a label-only override as empty instead of falling back to the builtin chain [0.18ms]
(pass) resolveModelProfile > resolves a profile the user added [0.18ms]
(pass) resolveModelProfile > carries a reasoning suffix written on a user chain entry [0.14ms]
(pass) resolveModelProfile > reports an empty registry as unavailable and lists the chain [0.13ms]
(pass) resolveModelProfile > reports an unknown name once, with the known profiles sorted [0.14ms]
(pass) resolveModelProfile > reports a blank value as unknown rather than silently doing nothing [0.13ms]
(pass) builtin chain routing > keeps capable on the Claude subscription when an OpenCode Zen key serves the same model [0.13ms]
(pass) builtin chain routing > reports the removed simple-work profile as unknown instead of resolving it [0.13ms]
(pass) builtin chain routing > stops deep-work after GPT-6 Sol instead of falling to GPT-5.6 Sol [0.19ms]

packages/omo-senpi/src/components/model-profile/builtin-profiles.test.ts:
(pass) BUILTIN_MODEL_PROFILES > ships exactly the two intent profiles in picker order [0.26ms]
(pass) BUILTIN_MODEL_PROFILES > labels each profile by intent [0.19ms]
(pass) BUILTIN_MODEL_PROFILES > gives every rung at least one provider and a model id [0.34ms]
(pass) BUILTIN_MODEL_PROFILES > routes every rung through a provider/model pair the product already knows [0.18ms]
(pass) BUILTIN_MODEL_PROFILES > names no banned vendor [0.18ms]
(pass) BUILTIN_MODEL_PROFILES > lists no rung on the openai API lane so chatgpt-subscription is the only OpenAI lane [0.12ms]
(pass) BUILTIN_MODEL_PROFILES > heads every Claude rung with the anthropic-subscription lane [0.14ms]
(pass) BUILTIN_MODEL_PROFILES > orders the capable chain fable xhigh -> opus max -> kimi max -> glm max [0.16ms]
(pass) BUILTIN_MODEL_PROFILES > runs deep-work as astra high then gpt-6-sol medium and nothing after it [0.12ms]

packages/omo-senpi/src/components/git-master/index.test.ts:
(pass) omo-senpi git-master attribution component > #given default settings #when a git-master SKILL.md read result arrives #then the result is untouched [0.53ms]
(pass) omo-senpi git-master attribution component > #given the footer opted in #when a git-master SKILL.md read result arrives #then only the footer directive is appended [0.20ms]
(pass) omo-senpi git-master attribution component > #given both attribution settings disabled #when a git-master SKILL.md read result arrives #then the result is untouched [0.11ms]
(pass) omo-senpi git-master attribution component > #given a read of an unrelated file #when the result arrives #then the result is untouched [0.16ms]
(pass) omo-senpi git-master attribution component > #given a failed read of the git-master skill #when the result arrives #then the result is untouched [0.16ms]
(pass) omo-senpi git-master attribution component > #given a custom footer string #when a git-master SKILL.md read result arrives #then the custom footer replaces the builtin text [0.13ms]
(pass) omo-senpi git-master attribution component > #given the deprecated co-author flag enabled without the footer #when a git-master SKILL.md read result arrives #then the result is untouched [0.10ms]
(pass) omo-senpi git-master attribution component > #given a Windows-style skill path with the footer opted in #when the read result arrives #then the directive is still appended [0.11ms]

packages/omo-senpi/src/components/git-master/directive.test.ts:
(pass) omo-senpi git-master attribution directive > #given default git_master settings #when the senpi attribution directive is built #then it does not instruct a GitHub-resolvable co-author [0.15ms]
(pass) omo-senpi git-master attribution directive > #given default git_master settings #when the senpi attribution directive is built #then no directive is emitted at all [0.09ms]
(pass) omo-senpi git-master attribution directive > #given the deprecated include_co_authored_by opt-in #when the directive is built #then no Co-authored-by trailer is emitted [0.15ms]

packages/omo-senpi/src/components/x-search/auth.test.ts:
(pass) xAI auth > stored credential uses registry bearer [0.18ms]
(pass) xAI auth > stored credential failure fails closed [0.14ms]
(pass) xAI auth > no stored credential uses trimmed env [0.09ms]
(pass) xAI auth > neither source is undefined [0.09ms]
(pass) xAI auth > credential gate recognizes oauth and api_key [0.70ms]
(pass) xAI auth > gate handles missing, invalid, and unknown entries [0.54ms]
(pass) xAI auth > env gates missing file [0.09ms]

packages/omo-senpi/src/components/x-search/index.test.ts:
(pass) createXSearchComponent registration gate > #given a stored xai oauth entry #when registering #then x_search registers once and contributes the x-search skill path [0.86ms]
(pass) createXSearchComponent registration gate > #given a connected credential #when registering #then startup stays quiet and the outcome lands on the debug channel only [0.57ms]
(pass) createXSearchComponent registration gate > #given a packaged plugin layout #when resolving the skill path #then the conditional skills-conditional copy wins [0.68ms]
(pass) createXSearchComponent registration gate > #given a packaged plugin layout without skills-conditional #when resolving the skill path #then no path is advertised [0.37ms]
(pass) createXSearchComponent registration gate > #given a connected credential but no resolvable skill #when registering #then the tool registers, no skill path is contributed, and one warning names the gap [0.77ms]
(pass) createXSearchComponent registration gate > #given no xai entry and no XAI_API_KEY #when registering #then nothing is registered and startup stays quiet [0.47ms]
(pass) createXSearchComponent registration gate > #given no stored entry but XAI_API_KEY #when registering #then the tool registers [0.31ms]
(pass) createXSearchComponent registration gate > #given a malformed stored xai entry plus XAI_API_KEY #when registering #then the stored entry owns the decision and nothing registers [0.43ms]
(pass) createXSearchComponent registration gate > #given an invalid auth.json #when registering #then nothing registers [0.69ms]
(pass) createXSearchComponent registration gate > #given no agentDir option #when registering #then the agent home is resolved from the environment [0.73ms]
(pass) createXSearchComponent registered tool execution > #given the probe fixture #when the registered tool executes #then it formats results and reports the server queries [2.46ms]
(pass) createXSearchComponent registered tool execution > #given no resolvable bearer #when the registered tool executes #then it returns the AUTH error [0.88ms]

packages/omo-senpi/src/components/x-search/tool.test.ts:
(pass) createXSearchTool definition > #given the definition #when reading discovery metadata #then it is a lazily activatable search-exposed x-search tool [0.15ms]
(pass) createXSearchTool definition > #given the definition #when reading prompt fields #then no prompt tokens are carried before promotion [0.10ms]
(pass) createXSearchTool definition > #given the definition #when reading the description #then it condenses the four rules into four sentences [0.11ms]
(pass) createXSearchTool execute > #given a stored credential and the probe fixture #when executing #then the formatted text and details carry the server queries [0.61ms]
(pass) createXSearchTool execute > #given OMO_X_SEARCH_MODEL #when executing #then the carrier model is overridden [0.44ms]
(pass) createXSearchTool execute > #given no credential #when executing #then it returns the AUTH error without calling xAI [0.17ms]
(pass) createXSearchTool execute > #given invalid parameters #when executing #then validation short-circuits before any request [0.11ms]
(pass) createXSearchTool execute > #given an upstream rate limit #when executing #then the error code is surfaced in text and details [0.20ms]
(pass) createXSearchTool execute > #given a resolveBearer override #when executing #then the injected bearer is used [0.33ms]

packages/omo-senpi/src/components/x-search/params.test.ts:
(pass) validateXSearchParams > accepts a valid minimal payload and applies defaults [0.35ms]
(pass) validateXSearchParams > rejects a blank query as INVALID_PARAMS [0.10ms]
(pass) validateXSearchParams > rejects both handle lists as INVALID_FILTERS [0.09ms]
(pass) validateXSearchParams > rejects more than 20 handles as TOO_MANY_HANDLES [0.10ms]
(pass) validateXSearchParams > rejects impossible calendar dates as INVALID_DATE [0.10ms]
(pass) validateXSearchParams > rejects an inverted date range as INVALID_DATE_RANGE [0.10ms]
(pass) validateXSearchParams > rejects unknown properties as INVALID_PARAMS [0.14ms]

packages/omo-senpi/src/components/x-search/skill.test.ts:
(pass) x-search skill front matter > #given the skill file #when parsing front matter #then name is pinned to x-search [0.12ms]
(pass) x-search skill front matter > #given the skill file #when reading description #then it stays under 1024 chars [0.09ms]
(pass) x-search skill front matter > #given the skill file #when reading description #then it is ASCII only [0.12ms]

packages/omo-senpi/src/components/x-search/client.test.ts:
(pass) buildXSearchRequest > #given dates and allowed handles #when building the request #then the x_search tool carries only the set filters under the bounded envelope [0.24ms]
(pass) buildXSearchRequest > #given top mode with no filters #when building the request #then the tool has no filter keys and the prompt asks for Top [0.48ms]
(pass) buildXSearchRequest > #given excluded handles plus understanding flags on the reasoning carrier #when building the request #then flags and reasoning ride along [0.14ms]
(pass) buildXSearchRequest > #given the shipped defaults #when reading the frozen knobs #then v1 is the default variant on the fast carrier and v2 extends v1 [0.12ms]
(pass) performXSearch > #given a 200 JSON response #when performing the search #then the raw payload comes back with the bearer and JSON headers set [0.21ms]
(pass) performXSearch > #given HTTP 401 #when performing the search #then it fails closed as AUTH with no retry [0.14ms]
(pass) performXSearch > #given HTTP 403 #when performing the search #then it fails closed as AUTH with no retry [0.11ms]
(pass) performXSearch > #given HTTP 500 #when performing the search #then it fails closed as UPSTREAM with no retry [0.09ms]
(pass) performXSearch > #given HTTP 503 #when performing the search #then it fails closed as UPSTREAM with no retry [0.09ms]
(pass) performXSearch > #given HTTP 429 with Retry-After #when performing the search #then RATE_LIMITED carries the retryAfter seconds [0.12ms]
(pass) performXSearch > #given a caller-aborted request before the deadline #when performing the search #then it does not report TIMEOUT [0.25ms]
(pass) performXSearch > #given caller abort happens before deadline expiry #when both abort causes race #then the caller classification wins [16.33ms]
(pass) performXSearch > #given a deadline shorter than the response #when performing the search #then the request is aborted as TIMEOUT [5.41ms]
(pass) performXSearch > #given a 200 body that is not JSON #when performing the search #then it reports PROTOCOL [0.19ms]
(pass) normalizeXSearchResponse > #given the probe fixture #when normalized #then unique tweet ids, the server queries, and usage are recovered [0.44ms]
(pass) normalizeXSearchResponse > #given max_results 2 on the probe fixture #when normalized #then exactly two results survive the cap [0.18ms]
(pass) normalizeXSearchResponse > #given the fast-carrier fixture #when normalized #then annotation ids dedupe against the message-text URLs [0.16ms]
(pass) normalizeXSearchResponse > #given a citation that appears only in annotations #when normalized #then the annotations pass still recovers its id [0.12ms]
(pass) normalizeXSearchResponse > #given a payload with only top-level citations #when normalized #then the citation URLs become results with url titles [0.10ms]
(pass) normalizeXSearchResponse > #given citation titles that are bare indices or the URL itself #when normalized #then the URL is the title and a descriptive title survives [0.17ms]
(pass) normalizeXSearchResponse > #given a response with no X posts #when normalized #then results and queries are empty [0.11ms]
(pass) formatXSearchResult > #given two results #when formatted #then the text contract renders header, blocks, and the queries line [0.11ms]
(pass) formatXSearchResult > #given zero results #when formatted #then the empty contract renders [0.10ms]
(pass) formatXSearchError > #given the INVALID_PARAMS code #when formatted #then the single-line error contract renders [0.58ms]
(pass) formatXSearchError > #given the INVALID_FILTERS code #when formatted #then the single-line error contract renders [0.17ms]
(pass) formatXSearchError > #given the TOO_MANY_HANDLES code #when formatted #then the single-line error contract renders [0.10ms]
(pass) formatXSearchError > #given the INVALID_DATE code #when formatted #then the single-line error contract renders [0.09ms]
(pass) formatXSearchError > #given the INVALID_DATE_RANGE code #when formatted #then the single-line error contract renders [0.23ms]
(pass) formatXSearchError > #given the AUTH code #when formatted #then the single-line error contract renders [0.14ms]
(pass) formatXSearchError > #given the RATE_LIMITED code #when formatted #then the single-line error contract renders [0.14ms]
(pass) formatXSearchError > #given the UPSTREAM code #when formatted #then the single-line error contract renders [0.10ms]
(pass) formatXSearchError > #given the TIMEOUT code #when formatted #then the single-line error contract renders [0.09ms]
(pass) formatXSearchError > #given the PROTOCOL code #when formatted #then the single-line error contract renders [0.09ms]

packages/omo-senpi/src/components/skill-pointers/skill-pointers-companion.test.ts:
(pass) omo-senpi skill-pointers companion > #given a ulw-research invocation > #when research is mentioned #then the ultimate-browsing companion rides behind the research pointer [0.49ms]
(pass) omo-senpi skill-pointers companion > #given a ulw-research invocation > #when the prompt is a raw /skill:ulw-research command #then only the companion is injected [0.51ms]
(pass) omo-senpi skill-pointers companion > #given a ulw-research invocation > #when the prompt carries an expanded ulw-research block #then only the companion is injected [0.17ms]
(pass) omo-senpi skill-pointers companion > #given a ulw-research invocation > #when mass ulw research is mentioned #then the companion is injected once, after every keyword pointer [0.30ms]
(pass) omo-senpi skill-pointers companion > #given a ulw-research invocation > #when the prompt is queued mid-stream #then both pointers ride inside the transformed text [0.16ms]
(pass) omo-senpi skill-pointers companion > #given the companion is already loaded > #when the prompt carries an expanded ultimate-browsing block #then the companion is not re-injected [0.12ms]
(pass) omo-senpi skill-pointers companion > #given the companion is already loaded > #when the prompt is a raw /skill:ultimate-browsing command mentioning ulw research #then the companion is not injected [0.12ms]
(pass) omo-senpi skill-pointers companion > #given no ulw-research invocation > #when ultimate-browsing is mentioned on its own #then nothing is injected [0.13ms]
(pass) omo-senpi skill-pointers companion > #given no ulw-research invocation > #when only ulw-loop is mentioned #then no companion is injected [2.19ms]

packages/omo-senpi/src/components/skill-pointers/skill-pointers-suppression.test.ts:
(pass) omo-senpi skill-pointers suppression > #given quoted and relayed mentions > #when a mention is inside inline code #then no pointer is injected [0.33ms]
(pass) omo-senpi skill-pointers suppression > #given quoted and relayed mentions > #when a mention is inside a fenced code block #then no pointer is injected [0.89ms]
(pass) omo-senpi skill-pointers suppression > #given quoted and relayed mentions > #when a mention is inside a relayed pointer block #then no pointer is injected [0.46ms]
(pass) omo-senpi skill-pointers suppression > #given quoted and relayed mentions > #when code separates skill-name fragments #then removing it does not fabricate a match [0.13ms]
(pass) omo-senpi skill-pointers suppression > #given quoted and relayed mentions > #when a request follows a quoted mention #then only the requested skill matches [0.15ms]
(pass) omo-senpi skill-pointers suppression > #given quoted and relayed mentions > #when plain prose mentions a skill #then the pointer remains harmlessly conditional [0.13ms]
(pass) omo-senpi skill-pointers suppression > #given suppression conditions > #when the source is extension #then nothing is injected [0.10ms]
(pass) omo-senpi skill-pointers suppression > #given suppression conditions > #when the prompt is a raw /skill: command for the only matched skill #then nothing is injected [0.12ms]
(pass) omo-senpi skill-pointers suppression > #given suppression conditions > #when /skill:ulw-loop args mention ulw research #then the research pointer and its companion are injected, not ulw-loop's [0.12ms]
(pass) omo-senpi skill-pointers suppression > #given suppression conditions > #when the prompt carries an expanded skill block #then that skill is not re-injected [0.26ms]
(pass) omo-senpi skill-pointers suppression > #given suppression conditions > #when the component flag is disabled #then nothing is injected [0.27ms]
(pass) omo-senpi skill-pointers suppression > #given suppression conditions > #when the text has no keyword #then nothing is injected [0.13ms]

packages/omo-senpi/src/components/skill-pointers/skill-pointers.test.ts:
(pass) omo-senpi skill-pointers component > #given the keyword table > #when given mass-ulw trigger spellings #then mass-ulw matches [0.25ms]
(pass) omo-senpi skill-pointers component > #given the keyword table > #when given ulw-plan trigger spellings #then ulw-plan matches [0.13ms]
(pass) omo-senpi skill-pointers component > #given the keyword table > #when given ulw-loop trigger spellings #then ulw-loop matches [0.11ms]
(pass) omo-senpi skill-pointers component > #given the keyword table > #when given ulw-research trigger spellings #then ulw-research matches [0.12ms]
(pass) omo-senpi skill-pointers component > #given the keyword table > #when keywords overlap #then every mentioned skill matches in table order [0.13ms]
(pass) omo-senpi skill-pointers component > #given the keyword table > #when given near-miss spellings #then nothing matches [0.12ms]
(pass) omo-senpi skill-pointers component > #given a matching interactive prompt > #when the user requests a skill #then one hidden conditional pointer is injected [0.15ms]
(pass) omo-senpi skill-pointers component > #given a matching interactive prompt > #when the mass-ulw pointer is injected #then it points at the packaged skill [0.13ms]
(pass) omo-senpi skill-pointers component > #given a matching interactive prompt > #when ulw-loop and mass-ulw pointers are injected #then only ulw-loop teaches the eval SDK import [0.13ms]
(pass) omo-senpi skill-pointers component > #given a matching interactive prompt > #when overlapping keywords are mentioned #then one pointer per skill is injected in table order [0.13ms]
(pass) omo-senpi skill-pointers component > #given a matching interactive prompt > #when ulw plan is mentioned #then the plan pointer is injected [0.14ms]
(pass) omo-senpi skill-pointers component > #given a matching interactive prompt > #when research is mentioned #then the research pointer and its browsing companion are injected [0.13ms]

packages/omo-senpi/src/components/skill-pointers/skill-pointers-queue-scope.test.ts:
(pass) omo-senpi skill-pointers queued prompts and session scope > #given a queued prompt > #when streamingBehavior is set #then all pointers ride inside the same message [0.32ms]
(pass) omo-senpi skill-pointers queued prompts and session scope > #given ulw-loop session scope > #when the input session id is known #then the pointer carries its normalized scope [0.23ms]
(pass) omo-senpi skill-pointers queued prompts and session scope > #given ulw-loop session scope > #when a queued RPC input changes sessions #then the pointer uses that event's scope [0.17ms]
(pass) omo-senpi skill-pointers queued prompts and session scope > #given ulw-loop session scope > #when the input session id is unknown #then the pointer omits the session flag [0.11ms]

packages/omo-senpi/src/components/task/lead-poller-lifecycle.test.ts:
(pass) lead poller lifecycle > #given no shared coordinator #when team mail injects #then fallback is hidden custom steer [0.52ms]
(pass) lead poller lifecycle > #given owned and foreign teams #when ticks repeat #then only one owned poller is created and reused [0.23ms]
(pass) lead poller lifecycle > #given an owned lead without a captured session file #when the lifecycle ticks #then it does not reserve inbox delivery until persistence is possible [0.14ms]
(pass) lead poller lifecycle > #given a compacting parent #when the lifecycle ticks #then the owned poller is suspended [0.12ms]
(pass) lead poller lifecycle > #given an owned team whose members are suspended #when the lead session shuts down and resumes #then the same poller keeps the team [0.12ms]
(pass) lead poller lifecycle > #given ownership disappears #when the lifecycle reconciles #then the old poller shuts down and cannot resolve [0.14ms]
(pass) lead poller lifecycle > #given multiple owned teams #when no run id is resolved #then an explicit id is required [0.14ms]
(pass) lead poller lifecycle > #given multiple owned teams #when no run id is resolved #then the reason lists the owned runs [0.12ms]
(pass) lead poller lifecycle > #given one owned team #when resolveDefaultTeamRunId is called #then it resolves [0.12ms]
(pass) lead poller lifecycle > #given no owned team #when resolveDefaultTeamRunId is called #then it reports none [0.12ms]
(pass) lead poller lifecycle > #given multiple owned teams #when resolveDefaultTeamRunId is called #then it reports ambiguous with the owned runs [0.12ms]
(pass) lead poller lifecycle > #given a shared delivery journal #when the lifecycle creates a poller #then the journal reaches the poller deps [0.10ms]
(pass) lead poller lifecycle > #given coordinator delivery states #when an injection enqueues #then scheduling follows streaming idle and transition rules [0.14ms]
(pass) lead poller lifecycle > #given the component shuts down #when disposed #then the interval and every poller stop [0.13ms]
(pass) lead poller lifecycle > #given no owned teams #when the sync runs #then the poll stands down until kick re-arms it [0.17ms]

packages/omo-senpi/src/components/task/package-extensions.test.ts:
(pass) package extension inheritance > #given one managed host runner #when starting twice consecutively #then both starts use the same underlying instance [0.46ms]
(pass) package extension inheritance > #given no package-root override #when the real package lookup is empty or throws #then argv-only extensions still reach the runner [1.30ms]
(pass) package extension inheritance > #given argv entries and loaded package paths #when starting a child runner #then argv stays first and omo is not duplicated [0.17ms]
(pass) package extension inheritance > #given runtime captured after registration #when a task starts #then package extensions reach the runner [0.14ms]
(pass) package extension inheritance > #given a host runner #when contexts and installed packages change between spawns #then one runner is reused and caller extensions win [0.18ms]
(pass) package extension inheritance > #given a child-process runner #when contexts and installed packages change between spawns #then one runner is reused and caller extensions win [0.15ms]

packages/omo-senpi/src/components/task/builtin-agent-chain-parity.test.ts:
(pass) builtin curated agent chain parity > #given the senpi explore chain #when compared with model-core explore #then every rung matches modulo the anthropic-subscription head and the dropped openai lane [0.21ms]
(pass) builtin curated agent chain parity > #given the senpi librarian chain #when compared with model-core librarian #then every rung matches modulo the anthropic-subscription head and the dropped openai lane [0.10ms]
(pass) builtin curated agent chain parity > #given the senpi plan-consultant chain #when compared with model-core metis #then every rung matches modulo the anthropic-subscription head and the dropped openai lane [0.10ms]
(pass) builtin curated agent chain parity > #given the senpi plan-reviewer chain #when compared with model-core momus #then every rung matches modulo the anthropic-subscription head and the dropped openai lane [0.09ms]

packages/omo-senpi/src/components/task/team-service.test.ts:
(pass) createTeamService curated agent gating > #given a team member spec naming a curated read-only agent #when team_create validates members #then the curated rejection message surfaces [3.75ms]
(pass) createTeamService lead messaging > #given a mapped recipient task #when the lead sends #then the correlation event is persisted on the recipient task [10.21ms]
(pass) createTeamService lead messaging > #given an active runtime member without a sidecar entry #when the lead sends #then delivery succeeds without a correlation event [5.59ms]
(pass) createTeamService lead messaging > #given main and provider extensions #when a team member starts #then member tools load before inherited OMO extensions [47.54ms]
(pass) createTeamService named-team lookup > #given an unknown team_name with declared teams #when createTeam runs #then the error lists the declared teams [2.03ms]
(pass) createTeamService ownership guard > #given a team owned by another session #when scoped service methods are called #then they reject with an ownership error [7.13ms]
(pass) createTeamService ownership guard > #given the owning session #when scoped service methods are called #then they proceed [4.77ms]

packages/omo-senpi/src/components/task/event-bridge-session-lifecycle.test.ts:
(pass) event-bridge session_start recovery chain > #given a resumed session with a revived record #when session_start fires #then the chain runs in the planned order with the session id threaded [0.45ms]
(pass) event-bridge session_start recovery chain > #given no captured session id #when session_start fires #then the legacy sweep still runs with undefined while the scoped notification branch is skipped [0.14ms]
(pass) event-bridge session_start recovery chain > #given a terminal child persisted before restart #when reconcile returns no outcome #then session_start still re-observes it for liveness [0.13ms]
(pass) event-bridge session_start recovery chain > #given expired records #when session_start fires #then the awaited ttl cleanup runs after notification reconcile and logs deletions [0.28ms]
(pass) event-bridge session_start recovery chain > #given only a child session-dir override #when session_start fires #then parent recovery still reconciles [0.16ms]
(pass) event-bridge session_start recovery chain > #given the dedicated marker and a captured child session #when session_start fires #then child recovery still reconciles and redelivers notifications [0.14ms]
(pass) event-bridge session_start recovery chain > #given the dedicated marker and no captured session #when session_start fires #then parent recovery is skipped [0.11ms]
(pass) event-bridge session_shutdown > #given a session_shutdown with a reason and a captured session id #when the event fires #then it suspends with parentSessionId and reason [0.15ms]
(pass) event-bridge session_shutdown > #given a session_shutdown with no captured session id and no live handles #when the event fires #then nothing is suspended and nothing is warned [0.12ms]
(pass) event-bridge session_shutdown > #given a session_shutdown with no captured session id #when this engine holds live handles #then it suspends each owning parent session once and leaves foreign records alone [0.14ms]
(pass) event-bridge session_shutdown > #given a session_shutdown with a missing reason #when the event fires #then it warns and does not suspend [0.11ms]

packages/omo-senpi/src/components/task/dag-commands.test.ts:
(pass) registerDagCommands > #given the component registers commands #when inspecting the api #then /dag exists [0.19ms]
(pass) registerDagCommands > #given runs in two sessions #when /dag runs with no argument #then this session's runs print with statuses [0.28ms]
(pass) registerDagCommands > #given a diamond run #when /dag <id> runs #then waves group nodes with dependency annotations [0.28ms]
(pass) registerDagCommands > #given a diamond run #when /dag <id> runs #then per-node state, route, model, attempt, duration and error render [0.17ms]
(pass) registerDagCommands > #given a diamond run #when /dag <id> runs #then the critical path and bottleneck are marked [0.14ms]
(pass) registerDagCommands > #given a retried run #when /dag <id> runs #then only re-run nodes carry the xN badge and the failure line names its code [0.22ms]
(pass) registerDagCommands > #given an amended run #when /dag <id> runs #then the header carries an amended xN marker [0.16ms]
(pass) registerDagCommands > #given a run that was never amended #when /dag <id> runs #then no amended marker renders [1.07ms]
(pass) registerDagCommands > #given an unknown run id #when /dag <id> runs #then it notifies instead of throwing [0.24ms]
(pass) registerDagCommands > #given a session with zero runs #when /dag runs #then the empty state prints [0.17ms]
(pass) registerDagCommands > #given no session id #when /dag runs #then the empty state prints and the manager is never queried [0.14ms]

packages/omo-senpi/src/components/task/dag-reload-source.test.ts:
(pass) dag reload source > #given a running and a paused run #when live runs are read #then both are reported with their names [0.24ms]
(pass) dag reload source > #given only terminal runs #when live runs are read #then nothing is live [0.17ms]
(pass) dag reload source > #given no session id #when live runs are read #then it fails open with nothing live [0.10ms]
(pass) dag reload source > #given a run pruned between list and snapshot #when live runs are read #then it falls back to the run id [0.12ms]

packages/omo-senpi/src/components/task/dag-status-row-format.test.ts:
(pass) runRows node selection > #given fifteen nodes with the three running ones beyond the row budget #when rendering #then every running node is shown [1.04ms]
(pass) runRows node selection > #given more running nodes than the whole row budget #when rendering #then running rows are exempt from the cap [0.49ms]
(pass) runRows node selection > #given two running nodes declared latest-first #when rendering #then the earlier start leads [0.16ms]
(pass) runRows node selection > #given nodes across every settled bucket #when rendering #then running leads waiting, failed, completed, skipped [0.42ms]
(pass) runRows node elapsed > #given a running node with startedAt #when rendering at a fixed now #then the row carries elapsed since start [0.13ms]
(pass) runRows node elapsed > #given a completed node #when rendering now and later #then the settled duration is frozen [0.16ms]
(pass) runRows node elapsed > #given a pending node without startedAt #when rendering #then no elapsed token appears [0.13ms]
(pass) runRows width awareness > #given a 50-column terminal #when rendering #then activity is dropped while label route and elapsed stay [0.14ms]
(pass) runRows width awareness > #given a 120-column terminal #when rendering #then a long latest-activity line survives well past 40 characters [0.16ms]
(pass) runRows width awareness > #given a 120-column terminal and a short node #when rendering #then the row is not padded [0.14ms]
(pass) runRows paused run header honesty > #given a paused run whose lease holder is alive #when rendering #then the header reads resuming under the neutral icon [0.14ms]
(pass) runRows paused run header honesty > #given a paused run with no live lease and running nodes #when rendering #then the header reads suspended with the active count [0.16ms]
(pass) runRows paused run header honesty > #given a paused run with no live lease and no running nodes #when rendering #then the header still reads paused under the neutral icon [0.14ms]
(pass) runRows activity semantics > #given a running node with live activity #when rendering #then the row shows it after the route [0.13ms]
(pass) runRows activity semantics > #given a completed node with stale activity still known #when rendering #then no activity text shows [0.12ms]
(pass) runRows pending-phase liveness > #given a pending node with no startedAt #when rendered at two different clocks #then its waiting token advances [0.14ms]
(pass) runRows pending-phase liveness > #given pending, scheduled and blocked nodes #when rendered #then each carries a distinct icon [0.15ms]
(pass) runRows pending-phase liveness > #given a pending node carrying spawn activity #when rendered #then the activity text is surfaced [0.11ms]

packages/omo-senpi/src/components/task/dag-status-ui.test.ts:
(pass) createDagStatusUi.syncNow > #given a run transitioning across node states #when syncing after each transition #then the rows track the states [0.48ms]
(pass) createDagStatusUi.syncNow > #given a node re-run by retry #when syncing #then only the retried node carries an xN badge [0.18ms]
(pass) createDagStatusUi.syncNow > #given skipped and paused nodes #when syncing #then each state renders its own icon [0.17ms]
(pass) createDagStatusUi.syncNow > #given a run header #when syncing #then the header carries the node counts [0.17ms]
(pass) createDagStatusUi.syncNow > #given a non-tui run mode #when syncing #then nothing renders [0.12ms]
(pass) createDagStatusUi.syncNow > #given every run terminal #when syncing #then the widget is cleared [0.16ms]
(pass) createDagStatusUi.syncNow > #given a live run #when the widget renders #then it uses the dag key below the editor [0.16ms]
(pass) createDagStatusUi.syncNow > #given a terminal width seam #when rendering the same run at two widths #then the row adapts and the elapsed ticks against now [0.24ms]
(pass) createDagStatusUi.scheduleSync > #given a burst of scheduled syncs #when the debounce window elapses #then exactly one render happens [0.14ms]
(pass) createDagStatusUi.scheduleSync > #given a nonterminal run #when the refresh interval elapses without input #then the widget repaints [0.16ms]
(pass) createDagStatusUi.scheduleSync > #given a disposed widget #when timers advance #then no further render happens [0.13ms]
(pass) createDagStatusUi.onActivity > #given repeated activity for one node #when rendering #then only the latest activity shows [0.14ms]
(pass) createDagStatusUi.onActivity > #given a completed node #when its stale activity is still known #then the row shows no activity text [0.18ms]
(pass) createDagStatusUi.onActivity > #given an activity event for an unknown run #when it arrives #then it is ignored without throwing [0.12ms]
(pass) createDagStatusUi.onActivity > #given a run that disappears between list and snapshot #when syncing #then the run is skipped without throwing [0.22ms]
(pass) createDagStatusUi.onActivity > #given no session id #when syncing #then no run is queried and nothing renders [0.20ms]
(pass) createDagStatusUi live-run visibility > #given a live run whose snapshot throws #when syncing #then the widget is not cleared to undefined [0.15ms]

packages/omo-senpi/src/components/task/completion-reload-recovery.test.ts:
(pass) background completion survival across a reload > #given a child completing inside the batch window #when the reload retires the coordinator #then the rebuilt session redelivers the completion [6.66ms]
(pass) background completion survival across a reload > #given an already-retired coordinator #when a child completes #then the delivery is reported failed instead of notified [2.44ms]

packages/omo-senpi/src/components/task/engine-agents.test.ts:
(pass) task engine builtin agent overlay > #given no omo.json agents #when the engine resolves agents #then the builtin curated agents are present [1.06ms]
(pass) task engine builtin agent overlay > #given an omo.json model override for a builtin agent #when the engine resolves agents #then the model wins and the builtin prompt and allowlist survive [1.45ms]
(pass) task engine builtin agent overlay > #given an omo.json-only agent #when the engine resolves agents #then it is appended alongside the builtins [1.15ms]
(pass) task engine builtin agent overlay > #given a process override for a curated agent #when the engine resolves agents #then in-process execution remains pinned [1.10ms]
(pass) task engine builtin agent overlay > #given the daemon-backed auto default #when the engine resolves agents #then every curated read-only agent stays pinned in-process [0.97ms]
(pass) task engine builtin agent overlay > #given a process override for a reviewer agent #when the engine resolves agents #then in-process execution remains pinned [1.34ms]
(pass) task engine builtin agent overlay > #given a process-mode user agent #when the engine resolves agents #then its execution mode remains configurable [1.49ms]
(pass) task engine builtin agent overlay > #given the default engine agents #when the task tool description renders #then plain builtins are advertised and the plan-gated tier is classified separately [0.81ms]
(pass) task engine builtin agent overlay > #given agents.plan-reviewer.disable in omo.json #when the description renders #then plan-reviewer is hidden and the other agents stay listed [1.17ms]
(pass) task engine builtin agent overlay > #given the retired agents.momus key in omo.json #when the engine resolves agents #then it defines a momus agent and leaves plan-reviewer builtin [1.03ms]

packages/omo-senpi/src/components/task/member-liveness.test.ts:
(pass) team member liveness notifier > #given a SIGKILL member exit while the lead streams #when the terminal record is observed #then one structured liveness injection reaches the lead [0.37ms]
(pass) team member liveness notifier > #given an injected liveness message not yet persisted #when persistence checks run #then ack waits for the exact JSONL marker [1.05ms]
(pass) team member liveness notifier > #given a failed direct injection #when the delivery promise rejects #then local dedupe clears and a bounded retry sends again [0.17ms]
(pass) team member liveness notifier > #given a failed coordinator delivery #when its promise rejects #then the liveness injection is requeued and delivered on retry [0.18ms]
(pass) team member liveness notifier > #given a retired coordinator #when a liveness notice is queued #then the refusal fails the delivery and a retry is scheduled [0.12ms]
(pass) team member liveness notifier > #given the liveness epoch is already persisted #when a restarted notifier observes the terminal record #then it suppresses replay [0.10ms]
(pass) team member liveness notifier > #given a parked process member #when revived and later killed #then parking does not consume the death notification [0.11ms]
(pass) team member liveness notifier > #given a normal member completion #when observed #then no liveness event is injected [0.10ms]
(pass) team member liveness notifier > #given a completed resident process was later marked killed #when observed #then liveness preserves the completed turn as its last known state [0.13ms]
(pass) team member liveness notifier > #given an errored member record suspended between shutdown and revival #when observed #then no liveness death event is injected [0.11ms]

packages/omo-senpi/src/components/task/terminal-observers.test.ts:
(pass) task terminal observer ledger > #given a registered observer #when a terminal edge is notified #then it receives the edge exactly once [0.12ms]
(pass) task terminal observer ledger > #given an unsubscribed observer #when a terminal edge is notified #then it receives nothing [0.09ms]
(pass) task terminal observer ledger > #given an observer that throws #when a terminal edge is notified #then notify still returns and later observers run [0.13ms]
(pass) task terminal observer ledger > #given a ledger already on globalThis #when sharedTaskTerminalObservers is called again #then the same ledger is reused [0.30ms]
(pass) task terminal observer ledger > #given a foreign value squatting the ledger slot #when sharedTaskTerminalObservers is called #then a fresh ledger replaces it [0.11ms]

packages/omo-senpi/src/components/task/task-skill-loader.test.ts:
(pass) packagedSkillDirs > #given the source-tree layout #when packaged dirs resolve #then load_skills ["x-search"] resolves from plugin/skills-conditional [3.15ms]
(pass) packagedSkillDirs > #given the bundled runtime layout #when packaged dirs resolve #then load_skills ["x-search"] resolves from ../skills-conditional [1.75ms]
(pass) createTaskSkillLoader > #given canonical and packaged skill roots #when the loader resolves a collision #then canonical wins [1.61ms]
(pass) createTaskSkillLoader > #given default attribution settings #when the git-master skill is loaded #then the skill block stays untouched [1.26ms]
(pass) createTaskSkillLoader > #given the footer opted in #when the git-master skill is loaded #then only the footer directive rides the skill block [1.45ms]
(pass) createTaskSkillLoader > #given attribution disabled #when the git-master skill is loaded #then the skill block stays untouched [1.36ms]
(pass) createTaskSkillLoader > #given the footer opted in #when a non-git-master skill is loaded #then no directive is injected [1.54ms]

packages/omo-senpi/src/components/task/residency-registry.test.ts:
(pass) createManagerResidencyRegistry rpc teardown bridge > #given durable steering with no live handle #when the real manager registry checks #then durable pending work remains visible [4.24ms]
(pass) createManagerResidencyRegistry rpc teardown bridge > #given an otherwise eligible old resident #when a durable send is pending #then teardown is blocked until the queue is resolved [11.96ms]
(pass) createManagerResidencyRegistry rpc teardown bridge > #given a resident with a queued steering message #when pending sends are checked #then the registry reports true [0.18ms]
(pass) createManagerResidencyRegistry rpc teardown bridge > #given an rpc resident #when lifecycle terminates it #then process termination runs without aborting the turn [0.12ms]
(pass) createManagerResidencyRegistry rpc teardown bridge > #given a daemon-hosted resident #when the registry adapts it #then its kind comes from the handle, not from the absent pid [0.10ms]
(pass) createManagerResidencyRegistry rpc teardown bridge > #given a daemon-hosted resident #when lifecycle terminates it #then the session close reaches the handle instead of being a no-op [0.10ms]
(pass) createManagerResidencyRegistry rpc teardown bridge > #given an rpc resident without a terminate port #when lifecycle terminates it #then teardown rejects instead of leaking silently [0.10ms]

packages/omo-senpi/src/components/task/dag-runtime-skills.test.ts:
(pass) createDagRuntime skill wiring > #given a shared task skill loader #when a skilled node starts #then dispatch receives the materialized prompt [42.41ms]

packages/omo-senpi/src/components/task/index.test.ts:
(pass) omo-senpi task component wiring > #given an empty project #when the task component registers and the session starts without task activity #then no state directory is created [2.90ms]
(pass) omo-senpi task component wiring > #given an explicit team member process #when the task component registers #then no lead task surface is wired [0.14ms]
(pass) omo-senpi task component wiring > #given a fake ExtensionAPI boot #when the task component registers #then tools, commands, the completion renderer, and event handlers are wired [1.26ms]
(pass) omo-senpi task component wiring > #given task and DAG lifecycle handlers #when startup and shutdown dispatch #then task reconciliation precedes DAG resume while DAG pause precedes task suspension and DAG disposal [0.21ms]
(pass) omo-senpi task component wiring > #given a fake ExtensionAPI boot #when the task component registers #then only injection-driven lead team tools are wired [1.67ms]
(pass) omo-senpi task component wiring > #given the removed-tool hint capability #when the task component registers #then team_wait receives steer guidance [1.66ms]
(pass) omo-senpi task component wiring > #given the omo-task flag is false #when the component registers #then only the unconditional hygiene sweep handler is wired [0.17ms]
(pass) omo-senpi task component wiring > #given a malformed omo.json #when the component registers #then it boots with defaults and still wires the tools [2.23ms]
(pass) omo-senpi task component wiring > #given a wired bridge #when session_start fires repeatedly #then the team mailbox is reconciled on every start [4.55ms]
(pass) omo-senpi task component wiring > #given a session start #when reconciliation runs #then reattach, cleanup, mailbox reclaim, notification retry, and lead polling stay ordered [1.13ms]
(pass) omo-senpi task component wiring > #given a terminal member owned by lead A #when lead B reconciles then lead A reconciles #then only the owning lead receives replay [4.94ms]
(pass) omo-senpi task component wiring > #given a liveness send before host persistence #when the process crashes and restarts #then no early ack suppresses replay and agent_end later commits the exact persisted marker [7.81ms]
(pass) omo-senpi task component wiring > #given a captured ui #when session_before_switch fires #then the ui bridge is cleared [2.31ms]
(pass) omo-senpi task component wiring > #given a captured ui #when session_shutdown fires #then the ui bridge is cleared [2.54ms]
(pass) omo-senpi task component wiring > #given an ExtensionAPI missing registerMessageRenderer #when the component registers #then it skips with one warning and never crashes [0.18ms]

packages/omo-senpi/src/components/task/store-status-edge.test.ts:
(pass) store status-edge observation > #given a running record #when a reconciliation writes lost through replace #then exactly one terminal edge fires [1.90ms]
(pass) store status-edge observation > #given an already lost record #when a lost-to-lost reason update is written #then zero terminal edges fire [2.84ms]
(pass) store status-edge observation > #given a running record #when mutate writes a terminal status #then one terminal edge fires with the prior status [1.41ms]
(pass) store status-edge observation > #given a pending record #when a terminal transition applies #then one terminal edge fires [1.60ms]
(pass) store status-edge observation > #given a completed record #when a residency evict transition runs #then zero terminal edges fire [1.56ms]
(pass) store status-edge observation > #given a save of a fresh terminal record #when the wrapper observes it #then one terminal edge fires with no prior status [0.85ms]
(pass) store status-edge observation > #given an observer that throws #when a terminal write happens #then the store result is unaffected [1.52ms]
(pass) store status-edge observation > #given no observer ledger #when mutations run #then the debounced UI listener still fires for every write kind [3.46ms]

packages/omo-senpi/src/components/task/dag-status-ui-render-fault.test.ts:
(pass) createDagStatusUi render fault containment > #given a ui whose setWidget throws #when syncNow runs #then the fault is contained and logged once [0.28ms]
(pass) createDagStatusUi render fault containment > #given a debounced render whose widget write throws #when the timer fires #then the callback does not throw [0.13ms]

packages/omo-senpi/src/components/task/status-row-format.test.ts:
(pass) buildWidgetRows > #given active and completed records #when selecting rows #then only resident team members follow active rows before the cap [0.59ms]
(pass) buildWidgetRows > #given an active task #when building a row #then useful identity and execution context remain [0.18ms]
(pass) buildWidgetRows > #given a 137-column active task #when building its widget row #then it remains one physical line [0.15ms]
(pass) task_summary identity > #given a record with a task_summary #when building the widget row #then the summary leads over name and description [0.11ms]
(pass) task_summary identity > #given a record with a task_summary #when formatting the full row #then the summary is the identity [0.12ms]
(pass) backgroundWidgetRows > #given a wide terminal #when a live task row renders #then the longer summary and adjacent metadata remain visible [0.39ms]
(pass) backgroundWidgetRows > #given a narrow terminal #when a live task row renders #then it stays on one bounded physical line [0.17ms]
(pass) suspended residency labeling > #given a persisted_only record #when formatting a full row #then the status shows suspended [0.10ms]
(pass) suspended residency labeling > #given an rpc_detached record #when formatting a full row #then the status shows suspended [0.09ms]
(pass) suspended residency labeling > #given a resident record #when formatting a full row #then the status label is unchanged (regression pin) [0.09ms]
(pass) suspended residency labeling > #given a persisted_only record #when building a widget row #then it contains suspended [0.12ms]
(pass) suspended residency labeling > #given an rpc_detached record #when building a widget row #then it contains suspended [0.25ms]
(pass) suspended residency labeling > #given a persisted_only record #when building a background widget row #then it contains suspended [0.18ms]
(pass) formatTaskRow > #given resolved category metadata #when formatting #then the unified target carries the model and effort [0.12ms]
(pass) formatTaskRow > #given a description #when formatting #then the human label leads [0.10ms]
(pass) formatTaskRow > #given no resolved model #when formatting #then raw model remains [0.09ms]
(pass) formatTaskRow > #given empty resolved detail labels #when formatting #then they are omitted [0.10ms]
(pass) formatTaskRow > #given matching reasoning and variant #when formatting #then the effort renders once inside the target [0.10ms]
(pass) formatTaskRow > #given malformed running progress #when formatting #then the excerpt is width-safe [0.15ms]
(pass) backgroundWidgetRows not-yet-started grammar > #given a freshly spawned child with zero stats #when the live row renders #then it reads starting with no turn or cost token [0.17ms]
(pass) backgroundWidgetRows not-yet-started grammar > #given failed provider attempts #when the live row renders #then the failed counter replaces the turn token and the verb reads retrying [0.14ms]
(pass) backgroundWidgetRows not-yet-started grammar > #given an ordinary successful run #when the live row renders #then the turn and cost tokens stay exactly as before [0.15ms]
(pass) backgroundWidgetRows not-yet-started grammar > #given a child with no stats at all #when the live row renders #then the legacy running default holds [0.13ms]
(pass) backgroundWidgetRows not-yet-started grammar > #given the same stats #when both renderers draw them #then composeStatusLine and the live row emit the same stats tokens [0.24ms]

packages/omo-senpi/src/components/task/commands.test.ts:
(pass) registerTaskCommands > #given the component registers commands #when inspecting the api #then /tasks and /task-kill exist [0.23ms]
(pass) registerTaskCommands > #given tasks in two sessions #when /tasks runs #then only the current session's rows print [0.25ms]
(pass) registerTaskCommands > #given tasks in two sessions #when /tasks --all runs #then every session's rows print [0.13ms]
(pass) registerTaskCommands > #given a cancellable task #when /task-kill selects it and confirms #then cancelTask runs for that id [0.17ms]
(pass) registerTaskCommands > #given a task with a description #when /task-kill lists options #then the human label leads and the id trails [0.11ms]
(pass) registerTaskCommands > #given a multi-word description #when /task-kill selects and confirms #then cancelTask runs for the task id, not a word of the label [0.12ms]
(pass) registerTaskCommands > #given the selector is dismissed #when /task-kill runs #then nothing is cancelled [0.18ms]
(pass) registerTaskCommands > #given no cancellable tasks #when /task-kill runs #then it notifies and never opens the selector [0.13ms]

packages/omo-senpi/src/components/task/reload-guard.test.ts:
(pass) reload guard > #given a running resident child #when the veto is evaluated #then reload is cancelled with an actionable reason [0.20ms]
(pass) reload guard > #given running children #when labelled #then description wins over name over task id [0.16ms]
(pass) reload guard > #given only terminal residents #when the veto is evaluated #then reload is not blocked [0.10ms]
(pass) reload guard > #given no resident children #when the veto is evaluated #then reload is not blocked [0.10ms]
(pass) reload guard > #given a wired guard #when senpi emits session_before_reload #then the handler returns the cancel result [0.13ms]
(pass) reload guard > #given a running child #when the veto is consulted twice (senpi pre-check + internal check) #then both consultations return the identical result [0.18ms]
(pass) reload guard > #given a wired guard with no running children #when senpi emits session_before_reload #then reload proceeds [0.11ms]
(pass) reload guard > #given a live dag run and no running children #when the veto is evaluated #then reload is cancelled naming the run [0.11ms]
(pass) reload guard > #given only terminal dag runs #when the veto is evaluated #then reload is not blocked [0.09ms]
(pass) reload guard > #given both a running child and a live dag run #when the veto is evaluated #then the reason names both [0.10ms]
(pass) reload guard > #given a wired guard with a live dag run #when senpi emits session_before_reload #then the handler cancels the reload [0.14ms]

packages/omo-senpi/src/components/task/task-rpc-coalesce.test.ts:
(pass) task RPC bridge progress coalescing > #given a burst of distinct progress events in one window #when the coalesce timer fires #then exactly one snapshot emits carrying the last progress state [0.67ms]
(pass) task RPC bridge progress coalescing > #given progress events straddling two coalesce windows #when each window flushes #then two snapshots emit [0.25ms]
(pass) task RPC bridge progress coalescing > #given a pending coalesced flush #when the session shuts down #then no snapshot emits after teardown [0.23ms]
(pass) task RPC bridge progress coalescing > #given a queued progress flush #when session_start re-attaches #then the pending timer is cancelled and the attach snapshot emits synchronously [0.27ms]
(pass) task RPC bridge progress coalescing > #given a store mutation #when the bridge syncs #then the snapshot still emits synchronously without waiting on the coalesce timer [0.16ms]

packages/omo-senpi/src/components/task/dag-viewer-client.test.ts:
(pass) dag viewer reference consumer > #given a 200-event live run #when catch-up races live delivery #then application is gap-free and duplicate-free [412.17ms]

packages/omo-senpi/src/components/task/status-ui-background.test.ts:
(pass) createTaskStatusUi.background progress > #given a completed resident team member #when syncing #then its settled row remains without a refresh timer [0.48ms]
(pass) createTaskStatusUi.background progress > #given an idle parent with a running background task #when time advances quietly #then live status refreshes [0.44ms]
(pass) createTaskStatusUi.background progress > #given a live refresh timer #when the final background task completes #then the timer stops [0.44ms]
(pass) createTaskStatusUi.background progress > #given two background children #when latest events arrive #then rows show identity, model, stats, activity, and elapsed time [2.64ms]

packages/omo-senpi/src/components/task/dag-runtime-lease-recovery.test.ts:
(pass) DAG runtime recovery across a host handoff > #given a paused run whose previous host is still exiting on session start #when that host exits #then the run is claimed, resumed, and completes without another session start [83.62ms]
(pass) DAG runtime recovery across a host handoff > #given a lease watch armed on session start #when the runtime is disposed before the holder exits #then the poll is cancelled and the run is never claimed by the dead runtime [15.10ms]
(pass) DAG runtime recovery across a host handoff > #given a lease watch armed on session start #when the session switches away before the holder exits #then the poll is cancelled with the detach [15.95ms]
(pass) DAG runtime recovery when the same host reopens the session > #given a paused run whose previous host is THIS process and whose session runtime was disposed #when the same host reopens the session #then attach claims and resumes it without arming a lease watch [39.17ms]
(pass) DAG runtime recovery when the same host reopens the session > #given a running run paused by its own runtime #when that same runtime re-attaches in the same process #then the reclaim reuses the durable child and no second scheduler admits the node [43.69ms]
(pass) DAG runtime recovery when the same host reopens the session > #given a running run paused by its own runtime #when that same runtime re-attaches #then no lease watch is armed on this host's own pid and no handoff deferral is logged [43.25ms]

packages/omo-senpi/src/components/task/status-ui-render-fault.test.ts:
(pass) createTaskStatusUi render fault containment > #given a ui whose setWidget throws #when syncNow runs #then the fault is contained and logged once [0.28ms]
(pass) createTaskStatusUi render fault containment > #given a debounced render whose widget write throws #when the timer fires #then the callback does not throw [0.15ms]

packages/omo-senpi/src/components/task/team-service-delete.test.ts:
(pass) createTeamService team deletion boundary > #given canonical, foreign-owned, and uppercased run ids #when teams are deleted #then shape and ownership fences stay distinct [4.44ms]

packages/omo-senpi/src/components/task/dag-child-policy.test.ts:
(pass) DAG child rpc extension policy > #given DAG-owned and ordinary rpc tasks #when child spawn args are built #then only the DAG child drops omo-senpi [2.80ms]

packages/omo-senpi/src/components/task/task-rpc-launch-parity.test.ts:
(pass) task RPC launch profile parity > #given ambient PATH resolves a foreign senpi #when the catalog spawn is built #then it pins the package-local CLI [0.34ms]
(pass) task RPC launch profile parity > #given an explicit provider extension #when process model admission runs #then its model is visible without credentials [0.68ms]
(pass) task RPC launch profile parity > #given a model known only through parent resources #when its provider extension is not forwarded #then admission rejects before launch [0.48ms]

packages/omo-senpi/src/components/task/planner.test.ts:
(pass) createTaskChildPlanner > #given a category with model metadata #when planned #then resolved_model preserves display, variant, and reasoning effort [0.47ms]
(pass) createTaskChildPlanner > #given visual-engineering falls back to a variant-bearing model #when planned #then resolved_model keeps fallback variant metadata [0.21ms]
(pass) createTaskChildPlanner > #given an explicit provider model #when planned #then explicit metadata does not invent variant or reasoning effort [0.12ms]
(pass) createTaskChildPlanner > #given subagent_type naming a builtin agent #when planned against a registry serving its chain #then the plan carries the agent persona and an agent-sourced model [0.30ms]
(pass) createTaskChildPlanner > #given an explicit model with subagent_type and no registry #when planned #then the agent persona is kept and the model stays explicit [0.14ms]
(pass) createTaskChildPlanner > #given subagent_type naming a builtin agent with no registry #when planned #then it fails closed with the registry-unavailable error [0.13ms]
(pass) createTaskChildPlanner > #given subagent_type naming a category rather than an agent #when planned #then it is a typed error instead of a silent category model [0.20ms]
(pass) createTaskChildPlanner > #given subagent_type naming the architect category #when planned #then no cross-family category model is handed back [0.16ms]
(pass) createTaskChildPlanner > #given an unknown subagent_type carrying an explicit model #when planned #then the unknown agent name is still a typed error [0.12ms]
(pass) createTaskChildPlanner > #given a spec with no category, subagent_type or model #when planned #then it stays a typed invalid_target rejection [0.10ms]
(pass) createTaskChildPlanner > #given a disabled agent sharing a category name #when planned without an explicit model #then it is a typed error instead of a category fallthrough [0.17ms]
(pass) createTaskChildPlanner > #given a disabled agent and explicit model #when planned via subagent_type #then the model cannot bypass disablement [0.12ms]
(pass) createTaskChildPlanner > #given an unknown subagent_type #when planned #then the unknown-target error lists available agents and categories [0.19ms]
(pass) createTaskChildPlanner > #given subagent_type naming a builtin agent whose chain no registry model satisfies #when planned #then it reports model_unavailable with the agent list [0.19ms]
(pass) createTaskChildPlanner plan variant > #given a category with an explicit reasoning effort and a variant #when planned #then the applied variant is the reasoning effort [0.17ms]
(pass) createTaskChildPlanner plan variant > #given a category with reasoning effort only #when planned #then the public plan carries that effort [0.15ms]
(pass) createTaskChildPlanner plan variant > #given a category with variant only #when planned #then the public plan carries that variant [0.14ms]
(pass) createTaskChildPlanner plan variant > #given a category resolving a variant-bearing fallback without reasoning effort #when planned #then the applied variant is the resolved variant [0.15ms]
(pass) createTaskChildPlanner plan variant > #given an explicit provider model #when planned #then no variant is applied [0.10ms]
(pass) createTaskChildPlanner plan variant > #given plan-reviewer resolves a variant-bearing chain entry #when planned #then the applied variant matches the resolved model [0.22ms]
(pass) createTaskChildPlanner reviewer category routing > #given omo.json overrides categories.deep-high.model #when the gate reviewer is planned #then the override reaches the agent-sourced model [0.26ms]
(pass) createTaskChildPlanner reviewer category routing > #given a registry serving deep-high and unspecified-high #when the gate reviewer is planned #then the deep-high model wins and unspecified-high extends the runtime chain [0.26ms]
(pass) createTaskChildPlanner reviewer category routing > #given a registry without the deep-high gate model #when the gate reviewer is planned #then unspecified-high supplies the model [0.17ms]
(pass) createTaskChildPlanner parent independence > #given one child spec #when planned after parents routed to two different categories #then the child resolves the same model both times [0.38ms]
(pass) createTaskChildPlanner parent independence > #given a category child spec #when planned after parents routed to two different categories #then only the child's own category decides its model [0.44ms]

packages/omo-senpi/src/components/task/mass-ulw-protocol-doc.test.ts:
(pass) mass-ulw protocol doc > #given every backticked omo.dag.* name in the doc > #when checked against the shipped bridge and handler sources > #then each name exists as a string literal in the source [0.13ms]
(pass) mass-ulw protocol doc > #given every backticked omo.dag.* name in the doc > #when checked against the shipped bridge and handler sources > #then the doc covers all four channels and all four request methods [0.10ms]
(pass) mass-ulw protocol doc > #given every backticked dag.* journaled event type in the doc > #when compared with DAG_RUN_EVENT_TYPES > #then each doc type is a shipped type and every shipped type is documented [0.09ms]
(pass) mass-ulw protocol doc > #given the documented overflow payload fields > #when compared with the shipped event union > #then the field names match exactly [0.18ms]
(pass) mass-ulw protocol doc > #given the documented error codes > #when compared with DAG_RPC_ERROR_CODES > #then every shipped code appears in the doc [0.11ms]

packages/omo-senpi/src/components/task/config-generation-stamp.test.ts:
(pass) config generation stamping store > #given a known planning generation #when a fresh record is saved #then it persists that generation [1.14ms]
(pass) config generation stamping store > #given a record already carrying a generation #when it is saved #then the persisted generation is left alone [0.81ms]
(pass) config generation stamping store > #given no planning generation yet #when a record is saved #then no generation is persisted [1.09ms]
(pass) config generation stamping store > #given a claimed record whose in-memory copy lost the stamp #when it is replaced while a newer generation is current #then the persisted generation survives [1.54ms]
(pass) config generation stamping store > #given an existing record of unknown generation #when replace persists continuation bookkeeping #then it stays unknown [1.29ms]
(pass) config generation stamping store > #given an existing legacy record #when create-only save collides #then provenance and content stay unchanged [0.87ms]
(pass) config generation stamping store > #given a stamping store #when replace and transition run #then the record passes through unchanged apart from the transition [2.20ms]

packages/omo-senpi/src/components/task/dag-lint.test.ts:
(pass) dag definition lint > #given nodes carrying the full prompt contract #when linted #then no warnings [0.25ms]
(pass) dag definition lint > #given a node missing the TASK marker #when linted #then the warning names the node and the contract [0.10ms]
(pass) dag definition lint > #given a node missing STOP WHEN #when linted #then the warning names the node and the stop condition [0.09ms]
(pass) dag definition lint > #given a multi-node run without a verification node #when linted #then one run-level warning fires [0.12ms]
(pass) dag definition lint > #given a multi-node run whose verification lives in a node id #when linted #then no run-level warning [0.10ms]
(pass) dag definition lint > #given a single-node run without verification shape #when linted #then no run-level warning [0.09ms]
(pass) dag definition lint > #given a node targeting a retired curated agent id #when linted #then no deprecation warning fires [0.14ms]
(pass) dag definition lint > #given a node targeting the canonical agent id #when linted #then no deprecation warning fires [0.09ms]

packages/omo-senpi/src/components/task/category-unavailable-warning.test.ts:
(pass) createCategoryUnavailableWarningPlanner > #given a dead-chain model_unavailable #when planned #then it notifies and sends the custom message [0.44ms]
(pass) createCategoryUnavailableWarningPlanner > #given repeated dead-chain failures #when planned #then it warns exactly once per session per category [0.15ms]
(pass) createCategoryUnavailableWarningPlanner > #given a non-dead-chain model_unavailable #when planned #then it stays silent [0.12ms]
(pass) createCategoryUnavailableWarningPlanner > #given global suppression #when planned #then it stays silent [0.15ms]
(pass) createCategoryUnavailableWarningPlanner > #given a per-category opt-in over global suppression #when planned #then it warns [0.12ms]
(pass) createCategoryUnavailableWarningPlanner > #given a per-category opt-out over global default #when planned #then it stays silent [0.11ms]
(pass) createCategoryUnavailableWarningPlanner > #given a user-configured category with an explicit model #when a chain error arrives #then it stays silent [0.11ms]
(pass) createCategoryUnavailableWarningPlanner > #given no captured ui #when planned #then the custom message still fires [0.12ms]
(pass) createCategoryUnavailableWarningPlanner > #given the real child planner and a stripped registry #when a dead-chain category is planned #then the error carries chain details [0.21ms]

packages/omo-senpi/src/components/task/planner-model-name-boundary.test.ts:
(pass) task planner model-name boundary > #given an own safe model name #when category planning resolves #then the friendly name is preserved [0.29ms]
(pass) task planner model-name boundary > #given an inherited model name #when category planning resolves #then the inherited value is ignored [0.13ms]
(pass) task planner model-name boundary > #given a throwing model name accessor #when category planning resolves #then the accessor is never invoked [0.14ms]
(pass) task planner model-name boundary > #given terminal controls or an oversized model name #when category planning resolves #then unsafe names are ignored [0.15ms]

packages/omo-senpi/src/components/task/package-extensions-lifecycle.test.ts:
(pass) package extensions across the child lifecycle > #given a revived child that names no extensions #when the respawn runner starts it #then it inherits the same package paths an initial spawn gets [0.38ms]
(pass) package extensions across the child lifecycle > #given a revived child whose caller named an explicit list #when the respawn runner starts it #then that list is passed through untouched [0.13ms]
(pass) package extensions across the child lifecycle > #given package discovery that never settles #when a child starts #then the child still launches on argv extensions [5003.68ms]

packages/omo-senpi/src/components/task/event-bridge-rpc-snapshots.test.ts:
(pass) event-bridge native task RPC snapshots > #given current and foreign session tasks #when session_start completes #then it emits an initial omo.task.updated snapshot only for the captured parent session [0.64ms]
(pass) event-bridge native task RPC snapshots > #given an active captured session #when store mutations move its task through pending running and completed #then each lifecycle snapshot emits while foreign-session tasks stay excluded [0.41ms]
(pass) event-bridge native task RPC snapshots > #given a host without rpc emission #when session start and store mutation run #then task snapshot publication is a graceful no-op [0.20ms]
(pass) event-bridge native task RPC snapshots > #given an older host with emit but no request registration #when session_start fires #then snapshots still publish without handlers [0.22ms]

packages/omo-senpi/src/components/task/process-sweep.test.ts:
(pass) wireSessionStartProcessSweep() > #given the packaged daemon runtime #when session_start fires #then the stale-version sweep receives its version [0.29ms]
(pass) wireSessionStartProcessSweep() > #given a paired daemon override #when session_start sweeps stale versions #then the active override daemon is spared [2007.03ms]
(pass) wireSessionStartProcessSweep() > #given daemon runtime resolution fails #when session_start fires #then unrelated cleanup families still run [0.37ms]
(pass) wireSessionStartProcessSweep() > #given a wired sweep #when session_start fires #then the family sweep runs [0.18ms]
(pass) wireSessionStartProcessSweep() > #given the RPC child marker is set #when session_start fires #then the sweep is skipped [0.16ms]
(pass) wireSessionStartProcessSweep() > #given a never-resolving sweep #when session_start fires #then the handler returns without blocking [0.16ms]
(pass) wireSessionStartProcessSweep() > #given a failing sweep #when session_start fires #then the failure is logged and cannot propagate [0.18ms]
(pass) wireSessionStartProcessSweep() > #given a synchronously throwing sweep #when session_start fires #then the failure is logged and cannot propagate [0.14ms]

packages/omo-senpi/src/components/task/owned-member-liveness.test.ts:
(pass) owned member liveness > #given an errored member record suspended between shutdown and revival #when re-observed #then no death notification fires [2.58ms]
(pass) owned member liveness > #given a resident errored member record owned by this session #when observed #then the death notification still fires [2.62ms]

packages/omo-senpi/src/components/task/parent-notifier.test.ts:
(pass) createParentNotifier batched injection delivery > #given a completion #when enqueued through the coordinator #then hidden metadata is preserved [0.24ms]
(pass) createParentNotifier batched injection delivery > #given a completion accepted inside the batch window #when the coordinator retires before the flush #then the engine is told delivery failed [0.21ms]
(pass) createParentNotifier batched injection delivery > #given a retired coordinator #when a completion enqueues #then it throws instead of reporting a phantom delivery [0.21ms]
(pass) createParentNotifier batched injection delivery > #given one completion #when enqueued #then it defers through the coordinator and flushes as ONE steer [0.17ms]
(pass) createParentNotifier batched injection delivery > #given two near-simultaneous completions #when the batch window closes #then BOTH arrive in ONE steer injection [0.13ms]
(pass) createParentNotifier batched injection delivery > #given a re-enqueue of the same completion #when the batch window closes #then the key dedupes to one entry [0.14ms]
(pass) createParentNotifier batched injection delivery > #given an IDLE parent #when two completions land in the same tick #then one microtask steer carries both [0.14ms]
(pass) createParentNotifier batched injection delivery > #given no coordinator is wired #when a completion enqueues #then it falls back to a direct steer on the renderer channel [0.10ms]

packages/omo-senpi/src/components/task/completion-bridge.test.ts:
(pass) completion bridge live background promotion > #given a foreground start promoted before terminal #when completion applies #then the live manager flag delivers a notification [6.55ms]
(pass) completion bridge live background promotion > #given a genuinely foreground start #when completion applies without promotion #then sync-task notification suppression remains intact [3.98ms]

packages/omo-senpi/src/components/task/dag-fork-scope.test.ts:
(pass) fork-only DAG session-start scope > #given persistent ancestry #when reason=startup #then ordinary C leaves A untouched [25.10ms]
(pass) fork-only DAG session-start scope > #given persistent ancestry #when reason=new #then ordinary C leaves A untouched [27.73ms]
(pass) fork-only DAG session-start scope > #given persistent ancestry #when reason=resume #then ordinary C leaves A untouched [24.95ms]
(pass) fork-only DAG session-start scope > #given persistent ancestry #when reason=reload #then ordinary C leaves A untouched [24.50ms]
(pass) fork-only DAG session-start scope > #given a real-shaped fork event #when lifecycle wiring attaches C #then only own and eligible immediate source recover [66.00ms]
(pass) fork-only DAG session-start scope > #given a fork event without previousSessionFile #when C's header declares its parent #then the declared source recovers [37.82ms]
(pass) fork-only DAG session-start scope > #given a fork event naming an unrelated session file #when C forks #then that file never authorizes adoption [31.90ms]
(pass) fork-only DAG session-start scope > #given a fork with no declared parent #when C forks #then A stays untouched with a diagnostic [27.17ms]
(pass) fork-only DAG session-start scope > #given a fork with unknown session file #when C forks #then A stays untouched with a diagnostic [23.96ms]
(pass) fork-only DAG session-start scope > #given absent fork provenance #when C forks #then A stays untouched with a diagnostic [27.54ms]
(pass) fork-only DAG session-start scope > #given malformed fork provenance #when C forks #then A stays untouched with a diagnostic [24.99ms]
(pass) fork-only DAG session-start scope > #given empty-id fork provenance #when C forks #then A stays untouched with a diagnostic [26.23ms]
(pass) fork-only DAG session-start scope > #given wrong-type fork provenance #when C forks #then A stays untouched with a diagnostic [27.68ms]
(pass) fork-only DAG session-start scope > #given oversized fork provenance #when C forks #then A stays untouched with a diagnostic [25.00ms]
(pass) fork-only DAG session-start scope > #given directory fork provenance #when C forks #then A stays untouched with a diagnostic [27.08ms]
(pass) fork-only DAG session-start scope > #given a long transcript after a valid header #when C forks #then the immediate source is read without rewriting the transcript [24.01ms]
(pass) fork-only DAG session-start scope > #given a fork attachment #when another attach has no fork event #then source authorization is not retained [9.39ms]

packages/omo-senpi/src/components/task/status-ui-width.test.ts:
(pass) createTaskStatusUi terminal width > #given a 120-column terminal #when the production widget renders #then the row is bounded and keeps activity plus elapsed [0.34ms]

packages/omo-senpi/src/components/task/dag-tool.test.ts:
(pass) dag tool registration > #given the workflow tool factory #when a tool is created #then it registers exactly one tool named workflow [0.38ms]
(pass) dag tool start action > #given a valid definition #when start runs #then a run_id and snapshot round-trip through the DagManager [8.54ms]
(pass) dag tool start action > #given an identical definition #when start runs twice #then the second call reuses the same run [9.79ms]
(pass) dag tool start action > #given start without a definition #when the tool runs #then it rejects with invalid_definition [0.39ms]
(pass) dag tool definition validation > #given a cyclic definition #when start runs #then it is rejected with diagnostics and NO run is created [0.54ms]
(pass) dag tool definition validation > #given a node with both category and model #when start runs #then it is rejected with category_with_model [0.33ms]
(pass) dag tool definition validation > #given a node with both category and subagent_type #when start runs #then it is rejected with both_targets [0.29ms]
(pass) dag tool definition validation > #given a node with neither category nor subagent_type #when start runs #then it is rejected with no_target [0.36ms]
(pass) dag tool definition validation > #given a node with subagent_type and model #when start runs #then the explicit-model spawn is accepted [7.09ms]
(pass) dag tool attach and snapshot actions > #given a started run #when attach runs #then it round-trips the live snapshot [7.15ms]
(pass) dag tool attach and snapshot actions > #given a started run #when snapshot runs #then it returns the manager's projection [7.56ms]
(pass) dag tool attach and snapshot actions > #given an unknown run id #when snapshot runs #then it rejects with run_not_found [0.38ms]
(pass) dag tool attach and snapshot actions > #given a run owned by another session #when snapshot runs #then it rejects with run_not_owned [7.59ms]
(pass) dag tool wait action > #given a started run #when wait runs with detach disabled #then it blocks and resolves through the injected wait surface [8.16ms]
(pass) dag tool wait action > #given a started run #when wait runs with the default detach #then it returns a detached envelope without touching the wait surface [7.45ms]
(pass) dag tool wait action > #given a run that already settled #when wait runs with the default detach #then it still returns the final result through the wait surface [8.96ms]
(pass) dag tool wait action > #given no wait surface is wired #when wait runs #then ownership is still enforced before dispatch [0.58ms]
(pass) dag tool cancel action > #given a started run #when cancel runs #then the reason reaches the injected cancel seam [7.73ms]
(pass) dag tool cancel action > #given a run owned by another session #when cancel runs #then it rejects with run_not_owned and never dispatches [7.81ms]
(pass) dag tool start warnings > #given a definition violating the node prompt contract #when start runs #then the run starts AND the result carries advisory warnings [6.61ms]
(pass) dag tool start warnings > #given a contract-complete definition #when start runs #then warnings are empty [6.77ms]
(pass) dag tool start warnings > #given a node targeting the retired momus id #when start runs #then the route keeps the submitted id and no deprecation warning is emitted [6.84ms]
(pass) dag tool argument validation for the control verbs > #given retry without run_id #when the tool runs #then it rejects with run_not_found and never reaches the retry seam [0.37ms]
(pass) dag tool argument validation for the control verbs > #given retry with BOTH node_id and node_ids #when the tool runs #then it rejects with invalid_arguments and never reaches the retry seam [7.72ms]
(pass) dag tool argument validation for the control verbs > #given send without a message #when the tool runs #then it rejects with invalid_arguments and never reaches the send seam [7.88ms]
(pass) dag tool argument validation for the control verbs > #given send without a node_id #when the tool runs #then it rejects with invalid_arguments [6.59ms]
(pass) dag tool argument validation for the control verbs > #given amend without a definition #when the tool runs #then it rejects with invalid_arguments and never reaches the amend seam [6.78ms]
(pass) dag tool argument validation for the control verbs > #given a retry prompt override alongside node_ids #when the tool runs #then it rejects with invalid_arguments [7.67ms]
(pass) dag tool argument validation for the control verbs > #given an amend definition whose nodes carry an impossible target #when the tool runs #then node validation rejects it before the amend seam [7.63ms]
(pass) dag tool control verb dispatch > #given a retry seam #when retry runs with node_ids and a prompt #then the seam receives them and the snapshot round-trips [7.28ms]
(pass) dag tool control verb dispatch > #given retry with neither node selector #when retry runs #then the seam is called with no node ids (retry every failed node) [6.93ms]
(pass) dag tool control verb dispatch > #given a send seam #when send runs #then the delivery kind reaches the caller [6.90ms]
(pass) dag tool control verb dispatch > #given an amend seam #when amend runs #then the compiled definition reaches it and the amended snapshot returns [6.80ms]
(pass) dag tool control verb refusal vocabulary > #given the engine refuses with node_not_found #when the tool dispatches #then the code surfaces verbatim in the error envelope [8.54ms]
(pass) dag tool control verb refusal vocabulary > #given the engine refuses with node_not_retryable #when the tool dispatches #then the code surfaces verbatim in the error envelope [7.15ms]
(pass) dag tool control verb refusal vocabulary > #given the engine refuses with node_not_continuable #when the tool dispatches #then the code surfaces verbatim in the error envelope [7.41ms]
(pass) dag tool control verb refusal vocabulary > #given the engine refuses with run_still_active #when the tool dispatches #then the code surfaces verbatim in the error envelope [7.00ms]
(pass) dag tool control verb refusal vocabulary > #given the engine refuses with invalid_arguments #when the tool dispatches #then the code surfaces verbatim in the error envelope [7.40ms]
(pass) dag tool control verb refusal vocabulary > #given the engine refuses an amendment #when amend dispatches #then invalid_amendment surfaces verbatim [7.02ms]
(pass) dag tool control verb refusal vocabulary > #given the engine refuses to amend running nodes #when amend dispatches #then amend_running_node surfaces verbatim [6.91ms]
(pass) dag tool control verb refusal vocabulary > #given a run owned by another session #when retry dispatches #then run_not_owned is enforced before the retry seam [8.13ms]
(pass) dag tool control verb schema > #given the shipped tool #when its action union is read #then retry, send, and amend are offered with verb-teaching descriptions [0.33ms]

packages/omo-senpi/src/components/task/dag-snapshot-payload.test.ts:
(pass) dagUpdatedPayload > #given a node that failed and was retried > #when the payload is built #then the node carries its attempt and last_error [0.19ms]
(pass) dagUpdatedPayload > #given a node that failed and was retried > #when the node never failed #then last_error is absent rather than null [0.09ms]
(pass) dagUpdatedPayload > #given a node that failed and was retried > #when the engine error carries extra fields #then only code and message reach the wire [0.09ms]
(pass) dagUpdatedPayload > #given a run whose definition was amended > #when the payload is built #then amend_count reports the amend history length [0.09ms]
(pass) dagUpdatedPayload > #given a run whose definition was amended > #when the run was never amended #then amend_count is absent [0.09ms]
(pass) dagUpdatedPayload > #given a settled run that resumed after a retry > #when the payload is built #then completed_at is absent for the running run [0.09ms]
(pass) dagUpdatedPayload > #given a settled run that resumed after a retry > #when the run is terminal #then completed_at still reaches the wire [0.10ms]
(pass) dagUpdatedPayload > #given a paused run holding a resume lease > #when the payload is built #then lease_holder_pid reaches the wire [0.09ms]
(pass) dagUpdatedPayload > #given a paused run holding a resume lease > #when the run holds no lease #then lease_holder_pid is absent rather than null [0.08ms]
(pass) dagUpdatedPayload > #given the omo-desktop-app reducer contract > #when a plain run is serialized #then the existing field order and names are untouched [0.10ms]

packages/omo-senpi/src/components/task/dag-rpc-bridge.test.ts:
(pass) dag rpc bridge > #given a journal that fans out post-durability > #when events arrive #then every event is emitted exactly once on omo.dag.event in seq order [0.35ms]
(pass) dag rpc bridge > #given a journal that fans out post-durability > #when a run starts mid-session and sync runs #then its events reach the ledger too [0.21ms]
(pass) dag rpc bridge > #given a journal that fans out post-durability > #when the same seq is redelivered #then it is emitted once [0.17ms]
(pass) dag rpc bridge > #given a session that owns a live run > #when the heartbeat interval elapses #then omo.dag.heartbeat carries every live run head seq [0.23ms]
(pass) dag rpc bridge > #given a session that owns a live run > #when the run reaches a terminal status #then the heartbeat stops and no timer is left pending [0.21ms]
(pass) dag rpc bridge > #given a session that owns a live run > #when only terminal runs exist at attach #then no heartbeat is ever emitted [0.14ms]
(pass) dag rpc bridge > #given a session that owns a live run > #when the session shuts down mid-run #then the heartbeat timer is cleared [0.13ms]
(pass) dag rpc bridge > #given a session that owns a live run > #when a session switch detaches the bridge #then no further run events are emitted [0.13ms]
(pass) dag rpc bridge > #given unsequenced activity telemetry > #when a node bursts activity #then it coalesces to the latest payload on omo.dag.activity only [0.13ms]
(pass) dag rpc bridge > #given unsequenced activity telemetry > #when two nodes are active #then coalescing is per node [0.11ms]
(pass) dag rpc bridge > #given unsequenced activity telemetry > #when activity is published after detach #then nothing is emitted and no timer survives [0.10ms]
(pass) dag rpc bridge > #given the omo.dag.updated snapshot channel > #when the store mutates twice with identical state #then only one snapshot is emitted [0.19ms]
(pass) dag rpc bridge > #given the omo.dag.updated snapshot channel > #when a real mutation lands #then a fresh snapshot reflecting it is emitted [0.14ms]
(pass) dag rpc bridge > #given the omo.dag.updated snapshot channel > #when the payload is inspected #then it is snake_case and carries parent_session_id [0.12ms]
(pass) dag rpc bridge > #given the omo.dag.updated snapshot channel > #when more runs exist than the cap #then truncated_runs reports the overflow [0.92ms]
(pass) dag rpc bridge > #given the omo.dag.updated snapshot channel > #when the run count is at the cap #then truncated_runs is absent [0.64ms]
(pass) dag rpc bridge > #given the omo.dag.updated snapshot channel > #when mutations burst inside one debounce window #then they coalesce into a single emission [0.12ms]
(pass) dag rpc bridge > #given the omo.dag.updated snapshot channel > #when the session has no parent session id #then nothing is emitted on the snapshot channel [0.09ms]
(pass) dag rpc bridge > #given the omo.dag.updated snapshot channel > #when the bridge detaches #then a pending snapshot never lands and the fingerprint resets [0.11ms]
(pass) dag rpc bridge > #given the omo.dag.updated snapshot channel > #when the granular ledger emits #then the snapshot channel carries no per-event deltas [0.13ms]
(pass) dag rpc bridge > #given the retry, steer, and amend event vocabulary > #when the three new journaled types arrive #then the generic forward path emits each exactly once in seq order [0.12ms]
(pass) dag rpc bridge > #given the retry, steer, and amend event vocabulary > #when a retried node's attempt changes #then the whole-payload fingerprint redraws the snapshot channel [0.14ms]
(pass) dag rpc bridge > #given the retry, steer, and amend event vocabulary > #when only a node's last error changes #then the snapshot channel redraws [0.11ms]
(pass) dag rpc bridge > #given the retry, steer, and amend event vocabulary > #when the definition is amended #then amend_count reaches the wire and redraws [0.12ms]
(pass) dag rpc bridge > #given a configured heartbeat interval > #when task.dag.heartbeat_ms overrides the default #then beats follow the configured period [0.12ms]
(pass) dag rpc bridge > #given the run store stops being readable mid-session > #when the heartbeat tick hits the fault #then the tick survives, logs once, and beats resume when reads recover [0.18ms]
(pass) dag rpc bridge > #given the run store stops being readable mid-session > #when the debounced snapshot flush hits the fault #then the flush survives and no snapshot is emitted [0.12ms]

packages/omo-senpi/src/components/task/dag-wake.test.ts:
(pass) dag wake > #given one failed run and an idle parent #when its terminal event arrives #then exactly one dag-run steer contains counts and the first failure [0.39ms]
(pass) dag wake > #given two terminal runs in one window #when the fake timer flushes #then one coordinator steer carries both summaries [0.13ms]
(pass) dag wake > #given a terminal during compaction #when session_start resumes the same session #then the buffered notification is redelivered [0.13ms]
(pass) dag wake > #given mid-run wave and node events #when every fake timer runs #then wake call count remains exactly zero [0.10ms]
(pass) dag wake > #given a DAG terminal and task completion in one window #when flushed #then the task completion is ordered first [0.11ms]
(pass) dag wake > #given a run paused by session shutdown and an idle parent #when the pause event arrives #then one steer tells the main session the dag was paused [0.14ms]
(pass) dag wake > #given a pause during session shutdown #when the session starts again #then the buffered pause notice is redelivered [0.11ms]
(pass) dag wake > #given a terminal run event and an idle parent #when the injection is delivered #then its content carries the dag verification directive [0.11ms]
(pass) dag wake > #given a paused run event #when the injection is delivered #then its content omits the dag verification directive [0.10ms]
(pass) dag wake > #given a pause with no reason #when the event arrives #then the summary omits the reason clause [0.09ms]

packages/omo-senpi/src/components/task/session-cwd.test.ts:
(pass) task component session cwd anchoring > #given a host exposing the session cwd #when the component registers #then task state anchors at the session cwd, not the launch dir [1.52ms]
(pass) task component session cwd anchoring > #given a host that does not expose a session cwd #when the component registers #then it falls back to the process cwd [0.50ms]

packages/omo-senpi/src/components/task/skill-invocation-tracker-references.test.ts:
(pass) createSkillInvocationTracker - plan-artifact reference counting > #given three reads of plan A and one edit of plan B #when references are queried #then counts accumulate per path with the most-referenced first [0.34ms]
(pass) createSkillInvocationTracker - plan-artifact reference counting > #given apply_patch events mentioning plan paths #when they arrive #then each distinct path counts once per event [0.14ms]
(pass) createSkillInvocationTracker - plan-artifact reference counting > #given two plans touched once each #when references are queried #then the most recently touched wins the tie until one pulls ahead [0.13ms]
(pass) createSkillInvocationTracker - plan-artifact reference counting > #given plan touches followed by session shutdown #when references are queried #then the map is cleared [0.10ms]
(pass) createSkillInvocationTracker - plan-artifact reference counting > #given an unknown session id #when references are queried #then it reports none and no artifact [0.09ms]
(pass) createSkillInvocationTracker - plan-artifact reference counting > #given windows and posix spellings of the same plan path #when both arrive #then they merge into one normalized reference [0.10ms]
(pass) createSkillInvocationTracker - plan-artifact reference counting > #given the same plan suffix under two worktree roots #when both arrive #then the roots stay distinct [0.11ms]

packages/omo-senpi/src/components/task/engine-runners.test.ts:
(pass) task child memory tool exclusion > #given the ui-only tool names passed to the in-process runner #when inspected #then memory and both question tools are listed [0.12ms]
(pass) task child memory tool exclusion > #given shared parent tools including memory and question tools #when an in-process child starts #then the child tool set excludes them [1.03ms]
(pass) task child memory tool exclusion > #given the default runner factories #when the in-process runner is built #then construction succeeds with the ui-only names wired [0.35ms]

packages/omo-senpi/src/components/task/dag-fork-source.test.ts:
(pass) parseDagSessionStartEvent > #given payload undefined #when parsed #then it is rejected [0.11ms]
(pass) parseDagSessionStartEvent > #given payload null #when parsed #then it is rejected [0.08ms]
(pass) parseDagSessionStartEvent > #given payload a string #when parsed #then it is rejected [0.08ms]
(pass) parseDagSessionStartEvent > #given payload a number #when parsed #then it is rejected [0.08ms]
(pass) parseDagSessionStartEvent > #given payload an array #when parsed #then it is rejected [0.09ms]
(pass) parseDagSessionStartEvent > #given payload an empty object #when parsed #then it is rejected [0.09ms]
(pass) parseDagSessionStartEvent > #given payload a blank reason #when parsed #then it is rejected [0.09ms]
(pass) parseDagSessionStartEvent > #given payload a numeric reason #when parsed #then it is rejected [0.08ms]
(pass) parseDagSessionStartEvent > #given a fork payload with a blank previousSessionFile #when parsed #then the file is treated as absent [0.09ms]
(pass) readDagSessionHeader > #given a header line without a trailing newline #when read #then the identity and parent are returned [0.77ms]
(pass) readDagSessionHeader > #given a header larger than the read limit #when read #then it is rejected without reading the rest [0.67ms]
(pass) readDagSessionHeader > #given a blank parentSession #when read #then no parent is declared [0.56ms]
(pass) resolveDagForkSource > #given a non-fork reason #when resolved #then own-only without a diagnostic [0.41ms]
(pass) resolveDagForkSource > #given the declared parent is the forked session itself #when resolved #then own-only with a diagnostic [1.12ms]
(pass) resolveDagForkSource > #given a parent path spelled through a relative segment #when it resolves to the declared parent #then the source is accepted [1.00ms]

packages/omo-senpi/src/components/task/task-rpc-bridge-security.test.ts:
(pass) event-bridge task RPC security and bounds > #given a terminal record and a retained live tracker #when a snapshot emits #then durable terminal stats win [0.33ms]
(pass) event-bridge task RPC security and bounds > #given foreign and absent task ids #when controls run #then every response is the same generic not-found result [0.41ms]
(pass) event-bridge task RPC security and bounds > #given no attached parent session #when any task control runs #then every handler fails closed [0.12ms]
(pass) event-bridge task RPC security and bounds > #given oversized controls snapshots and status output #when RPC handles them #then every boundary rejects or truncates explicitly [1.52ms]
(pass) event-bridge task RPC security and bounds > #given more live tasks than the snapshot cap #when RPC emits #then only the newest live rows are retained [1.04ms]
(pass) event-bridge task RPC security and bounds > #given a live child and registered controls #when the session switches or shuts down #then old listeners and handlers are fenced [0.17ms]

packages/omo-senpi/src/components/task/runtime-context.test.ts:
(pass) TaskRuntimeContext session facts > #given a live session manager with its file #when captured #then the exact file path is retained [0.16ms]
(pass) TaskRuntimeContext session facts > #given a context exposing the effective tier #when captured #then the parent tier is the effective one [0.11ms]
(pass) TaskRuntimeContext session facts > #given an engine exposing only serviceTier #when captured #then that tier is used and later contexts replace it [0.10ms]
(pass) TaskRuntimeContext session facts > #given a context without tier fields or with a malformed tier #when captured #then no parent tier is recorded [0.10ms]

packages/omo-senpi/src/components/task/engine-runner-routing.test.ts:
(pass) task engine runner routing > #given an invalid event task id #when the adapter appends an audit event #then store rejection is contained [1.09ms]
(pass) task engine runner routing > #given a process-mode spawn #when the manager launches #then the process runner receives the spec and the in-process runner does not [4.65ms]
(pass) task engine runner routing > #given an in-process spawn #when the manager launches #then the in-process runner receives the spec and the process runner does not [4.56ms]

packages/omo-senpi/src/components/task/session-transition-bridge.test.ts:
(pass) createSessionTransitionBridge transition marking > #given a session about to switch #when onBeforeSwitch fires #then the runtime enters the switching transition [0.20ms]
(pass) createSessionTransitionBridge transition marking > #given a session about to compact #when onBeforeCompact fires #then the runtime enters the compacting transition [0.10ms]
(pass) createSessionTransitionBridge transition marking > #given a session shutting down #when onShutdown fires #then the runtime enters the shutdown transition [0.10ms]
(pass) createSessionTransitionBridge transition marking > #given no pending transition #when a fresh session starts #then no flush is attempted [0.11ms]
(pass) createSessionTransitionBridge buffered-completion round trip > #given a completion buffered during compaction #when the same session compacts through #then the buffered completion is flushed and delivered [0.38ms]
(pass) createSessionTransitionBridge buffered-completion round trip > #given a completion buffered before a switch #when a different session replaces it #then the completion is dropped, not delivered [0.16ms]
(pass) createSessionTransitionBridge buffered-completion round trip > #given a completion buffered before a switch #when the same session resumes #then the buffered completion is delivered [0.12ms]

packages/omo-senpi/src/components/task/dag-quiet-nodes.test.ts:
(pass) dag quiet node notice (#8674) > #given a running node quiet past the threshold #when the notice is built #then it names the node and the silence [0.12ms]
(pass) dag quiet node notice (#8674) > #given a running node active within the threshold #when the notice is built #then it stays empty [0.09ms]
(pass) dag quiet node notice (#8674) > #given completed nodes and a node with no activity clock #when the notice is built #then neither is reported as quiet [0.08ms]
(pass) dag quiet node notice (#8674) > #given several quiet nodes #when the notice is built #then every one is named in node order [0.09ms]

packages/omo-senpi/src/components/task/engine-terminal-observer.test.ts:
(pass) task engine terminal edge observation > #given a composed engine #when tasks reach completed, error, cancelled and interrupted #then exactly one ledger edge fires per task [19.98ms]
(pass) task engine terminal edge observation > #given a live model registry #when a task is planned and claimed #then the record carries the planning config generation [8.79ms]
(pass) task engine terminal edge observation > #given a resident record owned by a dead host #when the lifecycle reconciles it lost through replace #then exactly one ledger edge fires [22.19ms]

packages/omo-senpi/src/components/task/status-ui-spend.test.ts:
(pass) createTaskStatusUi spend > #given live solo and process-member rows with cost facts #when rendered #then cost sits before tps without cache rate [0.47ms]

packages/omo-senpi/src/components/task/dag-retention-sweep.test.ts:
(pass) DAG retention sweep runs from the production runtime > #given a terminal run older than retention_days #when the task runtime is constructed #then its checkpoint, event log and results are reclaimed [5.27ms]
(pass) DAG retention sweep runs from the production runtime > #given a terminal run inside retention_days #when the task runtime is constructed #then the run is kept [4.75ms]
(pass) DAG retention sweep runs from the production runtime > #given a paused run older than retention_days whose lease holder is alive #when the task runtime is constructed #then the run is kept [4.40ms]
(pass) DAG retention sweep runs from the production runtime > #given an expired run #when the task runtime is constructed with the shipped scheduler #then construction returns before the sweep touches the disk and the sweep still completes [9.79ms]

packages/omo-senpi/src/components/task/message-renderers.test.ts:
(pass) task-family custom message renderers > #given terminal control injection #when rendering task completion #then structured CJK details are sanitized [2.62ms]
(pass) task-family custom message renderers > #given structured completion details #when rendering #then user-facing task facts replace protocol tags [2.01ms]
(pass) task-family custom message renderers > #given a liveness event #when rendering #then member state and a sanitized crash reason are visible [1.75ms]
(pass) task-family custom message renderers > #given a completed team member with a long target #when rendering at 140 cells #then minute duration tools and tps remain visible [0.57ms]
(pass) task-family custom message renderers > #given a long completion continuation #when rendering at 54 cells #then the actual-width excerpt preserves English word boundaries [0.96ms]

packages/omo-senpi/src/components/task/shutdown-process.test.ts:
{"path":"park","pid":69590,"alive":false,"residency":"rpc_detached"}
cleanup pid=69590 exited=true
(pass) process resident is suspended after park [25.36ms]
{"path":"missing-session","pid":69591,"alive":false,"residency":"rpc_detached"}
cleanup pid=69591 exited=true
(pass) process resident is suspended after missing-session [35.48ms]
{"path":"normal","pid":69592,"alive":false,"residency":"rpc_detached"}
cleanup pid=69592 exited=true
(pass) process resident is suspended after normal [23.75ms]
{"path":"missing-session-running","pid":69593,"alive":false,"residency":"rpc_detached"}
cleanup pid=69593 exited=true
(pass) process resident is suspended after missing-session-running [21.86ms]

packages/omo-senpi/src/components/task/fast-mode-inheritance.test.ts:
(pass) delegated task inherits the parent's fast mode > #given a fast parent and an explicit base Codex model #when planned #then the child runs the -fast sibling [0.24ms]
(pass) delegated task inherits the parent's fast mode > #given a fast parent and a category resolving to a base model #when planned #then metadata survives the swap [0.30ms]
(pass) delegated task inherits the parent's fast mode > #given a parent that is not fast #when planned #then the child keeps the planned model [0.10ms]
(pass) delegated task inherits the parent's fast mode > #given a fast parent and a model with no priority sibling #when planned #then the child keeps the planned model [0.10ms]
(pass) delegated task inherits the parent's fast mode > #given a fast parent and a same-suffix model that is not a tier alias #when planned #then it is not swapped in [0.11ms]
(pass) delegated task inherits the parent's fast mode > #given a fast parent and a model already on -fast #when planned #then it is left untouched [0.09ms]

packages/omo-senpi/src/components/task/planner-runtime-fallback.test.ts:
(pass) createTaskChildPlanner runtime fallback > #given a category with configured runtime fallbacks #when planned #then requested and ordered fallback metadata are preserved [0.37ms]
(pass) createTaskChildPlanner runtime fallback > #given a builtin category whose chain head is unavailable #when planned #then the remaining chain rungs become fallback models [0.23ms]
(pass) createTaskChildPlanner runtime fallback > #given a user fallback that lands on a chain rung #when planned #then the user entry keeps priority and only later chain rungs append [0.53ms]

packages/omo-senpi/src/components/task/session-role-gating.test.ts:
(pass) task component session-role gating > #given a parent session #when the component registers #then the task tool family is available [1.60ms]
(pass) task component session-role gating > #given a plain child session on the shared daemon #when the component registers #then it keeps the task tool family [1.18ms]
(pass) task component session-role gating > #given a dag child session #when the component registers #then no task tool is registered [0.15ms]
(pass) task component session-role gating > #given a team member session #when the component registers #then the lead-only task engine stays out of it [0.11ms]
(pass) process sweep session-role gating > #given a child session on a daemon with no child env #when the session starts #then the sweep is skipped [0.13ms]
(pass) process sweep session-role gating > #given a parent session #when the session starts #then the sweep runs [0.13ms]

packages/omo-senpi/src/components/task/dag-runtime-config.test.ts:
(pass) assembled DAG runtime configuration > #given subscriber_ring is one #when the assembled runtime emits a burst #then the shipped RPC subscriber receives a durable overflow [56.34ms]

packages/omo-senpi/src/components/task/team-service-support.test.ts:
(pass) makeShutdownMessenger > #given a mapped running member #when a shutdown notice is sent #then the notice steers into the running turn [5.87ms]

packages/omo-senpi/src/components/task/planner-agent-effort.test.ts:
(pass) agent plans carrying configured effort > #given an agent model entry with effort #when planned #then the effort becomes the child variant [0.45ms]
(pass) agent plans carrying configured effort > #given an agent carrying both variant and effort #when planned #then effort wins exactly as it does for a category [0.18ms]
(pass) agent plans carrying configured effort > #given an agent level variant and a per entry effort #when planned #then the per entry effort still reaches the child [0.15ms]
(pass) agent plans carrying configured effort > #given an agent with plain string models #when planned #then no variant is invented [0.36ms]

packages/omo-senpi/src/components/task/resumption-channel-emitter.test.ts:
(pass) createResumptionChannelEmitter > #given a background child #when it spawns and then reaches a terminal state #then snapshots transition from one channel to zero [0.27ms]
(pass) createResumptionChannelEmitter > #given a foreground owned team member #when the snapshot is emitted #then the member counts as active [0.13ms]
(pass) createResumptionChannelEmitter > #given a foreground owned team member resolved through the real ownership helper #when the session snapshot is emitted #then the member counts as active [2.26ms]
(pass) createResumptionChannelEmitter > #given an active child count of one #when a store mutation preserves that count #then no duplicate snapshot is emitted [0.16ms]
(pass) createResumptionChannelEmitter > #given an ExtensionAPI without events #when the emitter lifecycle is driven #then registration and emissions are harmless no-ops [0.12ms]
(pass) createResumptionChannelEmitter > #given the local event contract #when the literal is inspected #then it exactly matches the harness event name [0.09ms]

packages/omo-senpi/src/components/task/task-rpc-bridge.test.ts:
(pass) event-bridge native task telemetry and controls > #given durable and live task facts #when session_start emits a snapshot #then RPC preserves every available fact without inventing fields [0.48ms]
(pass) event-bridge native task telemetry and controls > #given a live child subscription #when tool progress arrives #then RPC emits one updated live_progress snapshot [0.46ms]
(pass) event-bridge native task telemetry and controls > #given a modern Senpi RPC API #when the bridge wires #then output send and cancel handlers reuse session-scoped task semantics [0.43ms]
(pass) event-bridge native task telemetry and controls > #given a live child subscription #when the task settles #then the bridge unsubscribes and ignores later child events [0.20ms]
(pass) event-bridge native task telemetry and controls > #given a live child subscription #when the session shuts down #then every task RPC listener is disposed [0.15ms]

packages/omo-senpi/src/components/task/dag-runtime.test.ts:
(pass) assembled DAG runtime > #given a running DAG node #when its assembled child emits progress #then RPC and the live widget share one activity subscription that tears down [39.98ms]
(pass) assembled DAG runtime > #given an unknown node skill #when the assembled runtime creates the run #then snapshot records missing_skill and dispatch keeps the prompt [41.62ms]
(pass) assembled DAG runtime > #given a terminal wake buffered during compaction #when the assembled runtime attaches on session start #then it redelivers exactly once [37.04ms]
(pass) assembled DAG runtime > #given a live task component runtime #when a two-node dag runs #then scheduler, artifacts, rpc, widget, and one wake all observe the same run [117.34ms]
(pass) assembled DAG runtime > #given a live-shaped in-process child whose abort rejects #when the assembled runtime cancels #then no unhandled rejection escapes and a later run still completes [63.56ms]
(pass) assembled DAG runtime > #given an active run #when detach switches sessions before its task settles #then the old scheduler terminates without resolving ownership against the new session [28.52ms]
DAG runtime subscriber failed 683 |     cleanupRoots.push(cwd)
684 |     const runner = new ScriptedRunner()
685 |     const pi = Object.assign(new FakeExtensionAPI(), {
686 |       rpc: {
687 |         emit: (name: string) => {
688 |           if (name === "omo.dag.event") throw new Error("subscriber exploded")
                                                        ^
error: subscriber exploded
      at emit (/Users/cminseo/Developer/omo-model-latest/packages/omo-senpi/src/components/task/dag-runtime.test.ts:688:51)
      at emit (/Users/cminseo/Developer/omo-model-latest/packages/omo-senpi/src/components/task/dag-rpc-bridge.ts:70:13)
      at forward (/Users/cminseo/Developer/omo-model-latest/packages/omo-senpi/src/components/task/dag-rpc-bridge.ts:100:5)
      at deliverDurableEvent (/Users/cminseo/Developer/omo-model-latest/packages/omo-senpi/src/components/task/dag-runtime.ts:661:5)
      at publishDurableEvents (/Users/cminseo/Developer/omo-model-latest/packages/omo-senpi/src/components/task/dag-runtime.ts:652:58)
      at writeCheckpoint (/Users/cminseo/Developer/omo-model-latest/packages/omo-senpi/src/components/task/dag-runtime.ts:126:9)
      at <anonymous> (/Users/cminseo/Developer/omo-model-latest/packages/senpi-task/src/dag/journal.ts:122:21)
      at withLock (/Users/cminseo/Developer/omo-model-latest/packages/senpi-task/src/dag/store.ts:592:12)
      at appendPayload (/Users/cminseo/Developer/omo-model-latest/packages/senpi-task/src/dag/journal.ts:98:32)
      at <anonymous> (/Users/cminseo/Developer/omo-model-latest/packages/senpi-task/src/dag/manager.ts:442:13)

DAG runtime subscriber failed 683 |     cleanupRoots.push(cwd)
684 |     const runner = new ScriptedRunner()
685 |     const pi = Object.assign(new FakeExtensionAPI(), {
686 |       rpc: {
687 |         emit: (name: string) => {
688 |           if (name === "omo.dag.event") throw new Error("subscriber exploded")
                                                        ^
error: subscriber exploded
      at emit (/Users/cminseo/Developer/omo-model-latest/packages/omo-senpi/src/components/task/dag-runtime.test.ts:688:51)
      at emit (/Users/cminseo/Developer/omo-model-latest/packages/omo-senpi/src/components/task/dag-rpc-bridge.ts:70:13)
      at forward (/Users/cminseo/Developer/omo-model-latest/packages/omo-senpi/src/components/task/dag-rpc-bridge.ts:100:5)
      at deliverDurableEvent (/Users/cminseo/Developer/omo-model-latest/packages/omo-senpi/src/components/task/dag-runtime.ts:661:5)
      at publishSchedulerEvent (/Users/cminseo/Developer/omo-model-latest/packages/omo-senpi/src/components/task/dag-runtime.ts:173:65)
      at deliver (/Users/cminseo/Developer/omo-model-latest/packages/senpi-task/src/dag/journal.ts:258:11)
      at drain (/Users/cminseo/Developer/omo-model-latest/packages/senpi-task/src/dag/journal.ts:246:13)
      at <anonymous> (/Users/cminseo/Developer/omo-model-latest/packages/senpi-task/src/dag/journal.ts:228:12)

DAG runtime subscriber failed 683 |     cleanupRoots.push(cwd)
684 |     const runner = new ScriptedRunner()
685 |     const pi = Object.assign(new FakeExtensionAPI(), {
686 |       rpc: {
687 |         emit: (name: string) => {
688 |           if (name === "omo.dag.event") throw new Error("subscriber exploded")
                                                        ^
error: subscriber exploded
      at emit (/Users/cminseo/Developer/omo-model-latest/packages/omo-senpi/src/components/task/dag-runtime.test.ts:688:51)
      at emit (/Users/cminseo/Developer/omo-model-latest/packages/omo-senpi/src/components/task/dag-rpc-bridge.ts:70:13)
      at forward (/Users/cminseo/Developer/omo-model-latest/packages/omo-senpi/src/components/task/dag-rpc-bridge.ts:100:5)
      at deliverDurableEvent (/Users/cminseo/Developer/omo-model-latest/packages/omo-senpi/src/components/task/dag-runtime.ts:661:5)
      at publishSchedulerEvent (/Users/cminseo/Developer/omo-model-latest/packages/omo-senpi/src/components/task/dag-runtime.ts:173:65)
      at deliver (/Users/cminseo/Developer/omo-model-latest/packages/senpi-task/src/dag/journal.ts:258:11)
      at drain (/Users/cminseo/Developer/omo-model-latest/packages/senpi-task/src/dag/journal.ts:246:13)

DAG runtime subscriber failed 683 |     cleanupRoots.push(cwd)
684 |     const runner = new ScriptedRunner()
685 |     const pi = Object.assign(new FakeExtensionAPI(), {
686 |       rpc: {
687 |         emit: (name: string) => {
688 |           if (name === "omo.dag.event") throw new Error("subscriber exploded")
                                                        ^
error: subscriber exploded
      at emit (/Users/cminseo/Developer/omo-model-latest/packages/omo-senpi/src/components/task/dag-runtime.test.ts:688:51)
      at emit (/Users/cminseo/Developer/omo-model-latest/packages/omo-senpi/src/components/task/dag-rpc-bridge.ts:70:13)
      at forward (/Users/cminseo/Developer/omo-model-latest/packages/omo-senpi/src/components/task/dag-rpc-bridge.ts:100:5)
      at deliverDurableEvent (/Users/cminseo/Developer/omo-model-latest/packages/omo-senpi/src/components/task/dag-runtime.ts:661:5)
      at publishSchedulerEvent (/Users/cminseo/Developer/omo-model-latest/packages/omo-senpi/src/components/task/dag-runtime.ts:173:65)
      at deliver (/Users/cminseo/Developer/omo-model-latest/packages/senpi-task/src/dag/journal.ts:258:11)
      at drain (/Users/cminseo/Developer/omo-model-latest/packages/senpi-task/src/dag/journal.ts:246:13)

DAG runtime subscriber failed 683 |     cleanupRoots.push(cwd)
684 |     const runner = new ScriptedRunner()
685 |     const pi = Object.assign(new FakeExtensionAPI(), {
686 |       rpc: {
687 |         emit: (name: string) => {
688 |           if (name === "omo.dag.event") throw new Error("subscriber exploded")
                                                        ^
error: subscriber exploded
      at emit (/Users/cminseo/Developer/omo-model-latest/packages/omo-senpi/src/components/task/dag-runtime.test.ts:688:51)
      at emit (/Users/cminseo/Developer/omo-model-latest/packages/omo-senpi/src/components/task/dag-rpc-bridge.ts:70:13)
      at forward (/Users/cminseo/Developer/omo-model-latest/packages/omo-senpi/src/components/task/dag-rpc-bridge.ts:100:5)
      at deliverDurableEvent (/Users/cminseo/Developer/omo-model-latest/packages/omo-senpi/src/components/task/dag-runtime.ts:661:5)
      at publishSchedulerEvent (/Users/cminseo/Developer/omo-model-latest/packages/omo-senpi/src/components/task/dag-runtime.ts:173:65)
      at deliver (/Users/cminseo/Developer/omo-model-latest/packages/senpi-task/src/dag/journal.ts:258:11)
      at drain (/Users/cminseo/Developer/omo-model-latest/packages/senpi-task/src/dag/journal.ts:246:13)
      at <anonymous> (/Users/cminseo/Developer/omo-model-latest/packages/senpi-task/src/dag/journal.ts:228:12)

DAG runtime subscriber failed 683 |     cleanupRoots.push(cwd)
684 |     const runner = new ScriptedRunner()
685 |     const pi = Object.assign(new FakeExtensionAPI(), {
686 |       rpc: {
687 |         emit: (name: string) => {
688 |           if (name === "omo.dag.event") throw new Error("subscriber exploded")
                                                        ^
error: subscriber exploded
      at emit (/Users/cminseo/Developer/omo-model-latest/packages/omo-senpi/src/components/task/dag-runtime.test.ts:688:51)
      at emit (/Users/cminseo/Developer/omo-model-latest/packages/omo-senpi/src/components/task/dag-rpc-bridge.ts:70:13)
      at forward (/Users/cminseo/Developer/omo-model-latest/packages/omo-senpi/src/components/task/dag-rpc-bridge.ts:100:5)
      at deliverDurableEvent (/Users/cminseo/Developer/omo-model-latest/packages/omo-senpi/src/components/task/dag-runtime.ts:661:5)
      at publishSchedulerEvent (/Users/cminseo/Developer/omo-model-latest/packages/omo-senpi/src/components/task/dag-runtime.ts:173:65)
      at deliver (/Users/cminseo/Developer/omo-model-latest/packages/senpi-task/src/dag/journal.ts:258:11)
      at drain (/Users/cminseo/Developer/omo-model-latest/packages/senpi-task/src/dag/journal.ts:246:13)

DAG runtime subscriber failed 683 |     cleanupRoots.push(cwd)
684 |     const runner = new ScriptedRunner()
685 |     const pi = Object.assign(new FakeExtensionAPI(), {
686 |       rpc: {
687 |         emit: (name: string) => {
688 |           if (name === "omo.dag.event") throw new Error("subscriber exploded")
                                                        ^
error: subscriber exploded
      at emit (/Users/cminseo/Developer/omo-model-latest/packages/omo-senpi/src/components/task/dag-runtime.test.ts:688:51)
      at emit (/Users/cminseo/Developer/omo-model-latest/packages/omo-senpi/src/components/task/dag-rpc-bridge.ts:70:13)
      at forward (/Users/cminseo/Developer/omo-model-latest/packages/omo-senpi/src/components/task/dag-rpc-bridge.ts:100:5)
      at deliverDurableEvent (/Users/cminseo/Developer/omo-model-latest/packages/omo-senpi/src/components/task/dag-runtime.ts:661:5)
      at publishSchedulerEvent (/Users/cminseo/Developer/omo-model-latest/packages/omo-senpi/src/components/task/dag-runtime.ts:173:65)
      at deliver (/Users/cminseo/Developer/omo-model-latest/packages/senpi-task/src/dag/journal.ts:258:11)
      at drain (/Users/cminseo/Developer/omo-model-latest/packages/senpi-task/src/dag/journal.ts:246:13)

DAG runtime subscriber failed 683 |     cleanupRoots.push(cwd)
684 |     const runner = new ScriptedRunner()
685 |     const pi = Object.assign(new FakeExtensionAPI(), {
686 |       rpc: {
687 |         emit: (name: string) => {
688 |           if (name === "omo.dag.event") throw new Error("subscriber exploded")
                                                        ^
error: subscriber exploded
      at emit (/Users/cminseo/Developer/omo-model-latest/packages/omo-senpi/src/components/task/dag-runtime.test.ts:688:51)
      at emit (/Users/cminseo/Developer/omo-model-latest/packages/omo-senpi/src/components/task/dag-rpc-bridge.ts:70:13)
      at forward (/Users/cminseo/Developer/omo-model-latest/packages/omo-senpi/src/components/task/dag-rpc-bridge.ts:100:5)
      at deliverDurableEvent (/Users/cminseo/Developer/omo-model-latest/packages/omo-senpi/src/components/task/dag-runtime.ts:661:5)
      at publishSchedulerEvent (/Users/cminseo/Developer/omo-model-latest/packages/omo-senpi/src/components/task/dag-runtime.ts:173:65)
      at deliver (/Users/cminseo/Developer/omo-model-latest/packages/senpi-task/src/dag/journal.ts:258:11)
      at drain (/Users/cminseo/Developer/omo-model-latest/packages/senpi-task/src/dag/journal.ts:246:13)

DAG runtime subscriber failed 683 |     cleanupRoots.push(cwd)
684 |     const runner = new ScriptedRunner()
685 |     const pi = Object.assign(new FakeExtensionAPI(), {
686 |       rpc: {
687 |         emit: (name: string) => {
688 |           if (name === "omo.dag.event") throw new Error("subscriber exploded")
                                                        ^
error: subscriber exploded
      at emit (/Users/cminseo/Developer/omo-model-latest/packages/omo-senpi/src/components/task/dag-runtime.test.ts:688:51)
      at emit (/Users/cminseo/Developer/omo-model-latest/packages/omo-senpi/src/components/task/dag-rpc-bridge.ts:70:13)
      at forward (/Users/cminseo/Developer/omo-model-latest/packages/omo-senpi/src/components/task/dag-rpc-bridge.ts:100:5)
      at deliverDurableEvent (/Users/cminseo/Developer/omo-model-latest/packages/omo-senpi/src/components/task/dag-runtime.ts:661:5)
      at publishSchedulerEvent (/Users/cminseo/Developer/omo-model-latest/packages/omo-senpi/src/components/task/dag-runtime.ts:173:65)
      at deliver (/Users/cminseo/Developer/omo-model-latest/packages/senpi-task/src/dag/journal.ts:258:11)
      at drain (/Users/cminseo/Developer/omo-model-latest/packages/senpi-task/src/dag/journal.ts:246:13)

(pass) assembled DAG runtime > #given a throwing durable-event subscriber #when a run publishes checkpoints #then the scheduler and other subscribers still reach completion [36.56ms]
(pass) assembled DAG runtime > #given a live adapter DAG #when shutdown pauses it and a later adapter starts #then the paused event is durable and the run is claimed, resumed, and completed [41.29ms]
(pass) assembled DAG runtime > #given a paused run and a non-default subscriber ring #when the assembled runtime resumes it #then the overflow is journaled and shipped RPC receives the recovered snapshot [102.35ms]
(pass) assembled DAG runtime > #given a paused adapter DAG whose lease holder is a live FOREIGN pid #when another adapter starts in this process #then it never claims or resumes the run [17.14ms]
(pass) dag runtime node spawn policy > #given a runtime with a denying node spawn policy #when an agent-routed node is admitted #then the node fails with the denial and no child starts [21.27ms]
(pass) assembled DAG runtime control verbs > #given a control verb re-registered a controller after the shutdown pause #when the committed shutdown detaches #then the run is retired, not cancelled, and stays reclaimable [65.32ms]
(pass) assembled DAG runtime control verbs > #given a failed node #when the runtime retry entry point runs #then a fresh scheduler re-registers and the run completes [224.53ms]
(pass) assembled DAG runtime control verbs > #given a run paused for shutdown and resumed in the SAME process #when a node is retried #then admission is un-latched and the retry completes [212.41ms]
(pass) assembled DAG runtime control verbs > #given a run resumed by retry #when attach re-runs the schedulable gate #then the re-registered scheduler is reused instead of a second one starting the node twice [108.95ms]
(pass) assembled DAG runtime control verbs > #given a running node #when the runtime send entry point runs #then the message is steered to its child [110.35ms]
(pass) assembled DAG runtime control verbs > #given a settled run #when the runtime amend entry point edits a node #then only the changed node re-runs and the run re-enters [152.39ms]

packages/omo-senpi/src/components/task/dag-wake-source.test.ts:
(pass) createDagWakeSource > #given one live run #when the run starts #then it emits activeCount 1 carrying that run as a channel [0.36ms]
(pass) createDagWakeSource > #given a live run #when a second run starts #then the emission aggregates both channels as activeCount 2 [0.14ms]
(pass) createDagWakeSource > #given two live runs #when both reach a terminal status #then the last emission clears the state with activeCount 0 [0.12ms]
(pass) createDagWakeSource > #given a run left paused #when the session shuts down #then the final emission clears the state so no stale wake source outlives the session [0.13ms]
(pass) createDagWakeSource > #given a run that starts, goes terminal and outlives shutdown #when every lifecycle hook fires #then the module never injects a message and never triggers a turn [0.12ms]
(pass) createDagWakeSource > #given no resolvable session #when a run start is reported #then it still emits a cleared state rather than going silent [0.11ms]
(pass) createDagWakeSource > #given a run pruned between list and snapshot #when the state is republished #then the surviving run still reports as live [0.14ms]

packages/omo-senpi/src/components/task/skill-invocation-tracker.test.ts:
(pass) createSkillInvocationTracker > #given a read of an ulw-plan SKILL.md #when the tool result arrives #then the session has invoked ulw-plan [0.26ms]
(pass) createSkillInvocationTracker > #given a read of a ulw-execute SKILL.md #when the tool result arrives #then the session has invoked ulw-execute [0.11ms]
(pass) createSkillInvocationTracker > #given a read of a non-skill file #when the tool result arrives #then nothing is recorded [0.11ms]
(pass) createSkillInvocationTracker > #given a failed read of a skill file #when the tool result arrives #then nothing is recorded [0.11ms]
(pass) createSkillInvocationTracker > #given a non-read tool result naming a skill path #when it arrives #then nothing is recorded [0.10ms]
(pass) createSkillInvocationTracker > #given a slash skill input #when the input arrives #then the named skill is recorded [0.14ms]
(pass) createSkillInvocationTracker > #given a plain input mentioning a skill #when the input arrives #then nothing is recorded [0.14ms]
(pass) createSkillInvocationTracker > #given an invocation in session A #when session B is queried #then it stays locked [0.11ms]
(pass) createSkillInvocationTracker > #given an invocation followed by session shutdown #when the session is queried #then the state is dropped [0.12ms]
(pass) createSkillInvocationTracker > #given a windows-style skill path #when the tool result arrives #then the skill is recorded [0.10ms]
(pass) createSkillInvocationTracker - user-request channel > #given a plain user input asking for ulw plan #when it arrives #then it is recorded as a user request but not an invocation [0.41ms]
(pass) createSkillInvocationTracker - user-request channel > #given a slash skill input #when it arrives #then it counts as both an invocation and a user request [0.10ms]
(pass) createSkillInvocationTracker - user-request channel > #given an ulw-plan mention only inside an ultrawork-mode block #when the input arrives #then no user request is recorded [0.11ms]
(pass) createSkillInvocationTracker - user-request channel > #given an ulw-plan mention only inside a system-reminder block #when the input arrives #then no user request is recorded [0.11ms]
(pass) createSkillInvocationTracker - plan-artifact channel > #given a write into a worktree .omo/plans file #when the tool result arrives #then the session has a plan artifact [0.12ms]
(pass) createSkillInvocationTracker - plan-artifact channel > #given an edit of a relative .omo/plans path #when the tool result arrives #then the artifact is recorded [0.10ms]
(pass) createSkillInvocationTracker - plan-artifact channel > #given a read of a plan file written by a planning child #when the tool result arrives #then the artifact is recorded [0.11ms]
(pass) createSkillInvocationTracker - plan-artifact channel > #given an apply_patch whose patch body touches .omo/plans #when the tool result arrives #then the artifact is recorded [0.12ms]
(pass) createSkillInvocationTracker - plan-artifact channel > #given non-plan writes and failed plan writes #when the tool results arrive #then no artifact is recorded [0.10ms]
(pass) createSkillInvocationTracker - plan-artifact channel > #given a recorded request and artifact followed by session shutdown #when queried #then all state is dropped [0.12ms]
(pass) createSkillInvocationTracker - own-words plan request > #given the user asks in their own words (plan this before coding) #when the input arrives #then it counts as a user request [0.12ms]
(pass) createSkillInvocationTracker - own-words plan request > #given the user asks in their own words (make a plan first) #when the input arrives #then it counts as a user request [0.10ms]
(pass) createSkillInvocationTracker - own-words plan request > #given the user asks in their own words (계획부터 세워줘) #when the input arrives #then it counts as a user request [0.10ms]
(pass) createSkillInvocationTracker - own-words plan request > #given the user asks in their own words (작업 계획을 먼저 세우자) #when the input arrives #then it counts as a user request [0.09ms]
(pass) createSkillInvocationTracker - own-words plan request > #given the user asks in their own words (before you code, write a work plan) #when the input arrives #then it counts as a user request [0.09ms]
(pass) createSkillInvocationTracker - own-words plan request > #given an ordinary work instruction with no plan request #when the input arrives #then no user request is recorded [0.12ms]
(pass) createSkillInvocationTracker - own-words plan request > #given a pasted transcript merely mentioning plan writing #when the input arrives #then no user request is recorded [0.10ms]
(pass) createSkillInvocationTracker - own-words plan request > #given an explicit korean request to write the plan #when the input arrives #then it counts as a user request [2.14ms]
(pass) createSkillInvocationTracker - own-words plan request > #given a plan request inside an injected ultrawork block #when the input arrives #then no user request is recorded [0.21ms]
(pass) createSkillInvocationTracker - expanded skill block channel > #given an expanded ulw-plan skill block #when the input arrives #then it counts as invocation and user request [0.14ms]
(pass) createSkillInvocationTracker - expanded skill block channel > #given an expanded block for an unrelated skill whose body mentions ulw-plan #when it arrives #then the gate is not armed [0.13ms]
(pass) createSkillInvocationTracker - expanded skill block channel > #given another skill block followed by an own-words plan request #when it arrives #then both are recorded [0.12ms]
(pass) createSkillInvocationTracker - expanded skill block channel > #given an unrelated skill block whose body mentions ulw-plan and no trailing request #when it arrives #then the gate stays closed [0.12ms]
(pass) createSkillInvocationTracker - expanded skill block channel > #given an expanded ulw-execute skill block #when it arrives #then ulw-execute counts as invoked for the forbids check [0.11ms]
(pass) createSkillInvocationTracker - agent-manufacturable sources stay closed > #given an extension-sourced input naming ulw-plan #when it arrives #then no user request is recorded [0.10ms]
(pass) createSkillInvocationTracker - agent-manufacturable sources stay closed > #given an extension-sourced expanded skill block #when it arrives #then the gate is not armed [0.09ms]
(pass) createSkillInvocationTracker - agent-manufacturable sources stay closed > #given an interactive input with no explicit source #when it arrives #then it is treated as user input [0.12ms]

packages/omo-senpi/src/components/task/dag-e2e-lifecycle.test.ts:
(pass) assembled DAG lifecycle end to end > #given a live run #when its session compacts #then events continue without a pause and the TUI refreshes after the post-compact event [69.17ms]
(pass) assembled DAG lifecycle end to end > #given a pending adapter run #when shutdown persists a pause and a fresh adapter attaches #then it claims, resumes, and completes the run [92.09ms]
(pass) assembled DAG lifecycle end to end > #given a paused run whose owner session is gone #when its fork attaches over a dead lease #then it adopts, re-homes, and completes the run [50.38ms]
(pass) assembled DAG lifecycle end to end > #given a paused run recovering on session start #when the bridge emits its first dag snapshot #then it reflects the recovered run, never the pre-recovery pause [44.21ms]
(pass) assembled DAG lifecycle end to end > #given an eval-cell waiter that is abandoned #when a later cell re-attaches and calls done #then the shipped handle returns the result [32.57ms]
(pass) assembled DAG lifecycle end to end > #given a shipped handle for a live child #when it cancels the run #then no abort rejection escapes and a later handle settles [41.58ms]
(pass) assembled DAG lifecycle end to end > #given two terminal DAG notifications in one streaming flush window #when the window flushes #then exactly one batched steer is delivered [86.33ms]
(pass) assembled DAG lifecycle end to end > #given a live run #when the dag TOOL waits with the default detach #then it returns immediately and the settle still delivers the terminal wake [171.18ms]
(pass) assembled DAG lifecycle end to end > #given the reference viewer attached to a live adapter run #when the run completes #then catch-up and live delivery contain zero gaps and zero duplicates [140.22ms]
(pass) assembled DAG lifecycle end to end > #given bursty adapter mutations with an identical final state #when the snapshot window flushes #then omo.dag.updated emits that state once [42.16ms]
(pass) assembled DAG retry lifecycle end to end > #given a diamond run whose middle node fails #when the dag TOOL retries it #then wait settles completed and the untouched nodes keep their original children [179.09ms]

packages/omo-senpi/src/components/task/host-runner-selection.test.ts:
(pass) process child runner selection > #given the shipped defaults on a posix host #when the process runner is built #then children run as daemon sessions [11.47ms]
(pass) process child runner selection > #given task.process_runner child-process #when the process runner is built #then the per-child runner is used [0.40ms]
(pass) process child runner selection > #given win32 #when the process runner is built #then the per-child runner is used even with process_runner host [0.32ms]
(pass) host execution mode gate > #given a daemon advertising session context and generation handoff #when the gate resolves #then process mode is the effective default [0.23ms]
(pass) host execution mode gate > #given a daemon without generation_handoff #when the gate resolves #then in-process is the effective default and one capability notice is recorded [0.15ms]
(pass) host execution mode gate > #given an ensure that refuses for capability #when the gate resolves #then in-process wins and exactly one token is recorded [0.45ms]
(pass) host execution mode gate > #given win32 or the child-process runner #when the gate resolves #then the daemon is never ensured [0.41ms]
(pass) host notices > #given the same fallback reason twice #when recorded #then the notice list holds exactly one entry [0.16ms]

packages/omo-senpi/src/components/task/dag-rpc-handlers.test.ts:
(pass) dag rpc handlers > #given a session that owns dag runs > #when omo.dag.list is called #then it returns session-scoped summaries newest first [27.82ms]
(pass) dag rpc handlers > #given a session that owns dag runs > #when omo.dag.list requests a limit above the maximum #then the limit clamps to 256 [11.66ms]
(pass) dag rpc handlers > #given a session that owns dag runs > #when omo.dag.list filters by status #then only matching runs come back [8.63ms]
(pass) dag rpc handlers > #given a session that owns dag runs > #when omo.dag.snapshot is called #then the run snapshot round-trips [9.20ms]
(pass) dag rpc handlers > #given a session that owns dag runs > #when omo.dag.history pages a run #then it walks the ledger with an exclusive sinceSeq [30.31ms]
(pass) dag rpc handlers > #given a session that owns dag runs > #when omo.dag.history requests a limit above the maximum #then the limit clamps to 1000 [11.27ms]
(pass) dag rpc handlers > #given a session that owns dag runs > #when events are appended while a bounded page walk is in flight #then the page set does not shift [71.69ms]
(pass) dag rpc handlers > #given a session that owns dag runs > #when omo.dag.subscribe is called #then highWaterSeq is captured before the page is read [18.64ms]
(pass) dag rpc handlers > #given a session that owns dag runs > #when subscribe is followed by bounded history paging #then applied seqs are contiguous to the high water mark [29.68ms]
(pass) dag rpc handlers > #given a session that owns dag runs > #when history filters by lane and type #then the filters reach the ledger read [16.93ms]
(pass) dag rpc handlers > #given a request the engine must reject > #when a foreign session asks for a run #then every run-scoped handler answers run_not_owned [8.86ms]
(pass) dag rpc handlers > #given a request the engine must reject > #when the run id is unknown #then the envelope carries run_not_found instead of throwing [0.56ms]
(pass) dag rpc handlers > #given a request the engine must reject > #when params are malformed #then the envelope carries invalid_arguments [9.27ms]
(pass) dag rpc handlers > #given a request the engine must reject > #when the ledger read fails #then the envelope carries history_unavailable [7.80ms]
(pass) dag rpc handlers > #given a request the engine must reject > #when no session is active #then run queries answer run_not_owned and never touch the engine [8.36ms]
(pass) dag rpc handlers > #given the extension surface > #when handlers are registered #then exactly the four dag query methods are bound once each [0.41ms]

packages/omo-senpi/src/components/task/planner-config-generation.test.ts:
(pass) category config generations at the planner seam > #given an unchanged effective category map #when two tasks are planned #then the same generation is reused [1.14ms]
(pass) category config generations at the planner seam > #given a registry whose model availability changes between plans #when two tasks are planned #then the second carries a new generation [0.71ms]
(pass) category config generations at the planner seam > #given a category map #when canonicalized #then unresolvable categories encode as unavailable and disabled ones as disabled [0.29ms]
(pass) category config generations at the planner seam > #given a resolved category #when canonicalized #then the value encodes provider, model and reasoning [0.35ms]
(pass) category config generations at the planner seam > #given an injected masking function #when a category resolves to an unknown provider #then the canonical value is masked [0.34ms]
(pass) category config generations at the planner seam > #given an unresolvable target #when planned #then the planner error passes through untouched and no generation is recorded [0.13ms]
(pass) category config generations at the planner seam > #given no live registry #when planned #then observation is skipped and the plan error survives [0.11ms]

packages/omo-senpi/src/components/task/task-component.test.ts:
(pass) OMO Senpi task component fallback completion > #given duplicate terminal delivery #when the task component notifies the lead #then it reports model fallback once at terminal completion [0.49ms]

packages/omo-senpi/src/components/task/status-ui.test.ts:
(pass) createTaskStatusUi.syncNow > #given a list-only manager #when a static running row renders #then no animation timer starts [0.32ms]
(pass) createTaskStatusUi.syncNow > #given two running tasks in the current session #when syncing #then footer and two widget rows render scoped to the session [0.15ms]
(pass) createTaskStatusUi.syncNow > #given controls across a stale malformed running record #when syncing #then rows sanitize controls without damaging CJK [0.20ms]
(pass) createTaskStatusUi.syncNow > #given no captured ui context #when syncing #then it is a no-op [0.10ms]
(pass) createTaskStatusUi.syncNow > #given a non-tui mode #when syncing #then UI is skipped [0.09ms]
(pass) createTaskStatusUi.syncNow > #given a completed non-resident team record #when syncing #then the stale widget row is cleared [0.12ms]
(pass) createTaskStatusUi.scheduleSync > #given a just-started background child #when scheduling #then it subscribes before debounce fires [0.11ms]
(pass) createTaskStatusUi.scheduleSync > #given several rapid schedule calls #when debounce fires #then syncNow runs once [0.13ms]
(pass) createTaskStatusUi.scheduleSync > #given a pending debounce #when disposed #then the timer clears without rendering [0.11ms]

packages/omo-senpi/src/components/post-mutation/post-mutation.test.ts:
(pass) shared post-mutation primitives > extracts all files from an apply_patch result and centralizes mutation names [0.19ms]
(pass) shared post-mutation primitives > coalesces duplicate in-flight paths [0.12ms]
(pass) shared post-mutation primitives > tracks one notice per session and resets on a new session [0.11ms]

packages/omo-senpi/src/components/telemetry/omo-native-parallel-summary.test.ts:
(pass) omo-native parallelism summary emission > #given one session with overlapping non-eval tool calls > #when the session shuts down > #then exactly one parallelism_summary carries the session's wave metrics [0.65ms]
(pass) omo-native parallelism summary emission > #given one session with overlapping non-eval tool calls > #when the session shuts down > #then every emitted key is inside the parallelism_summary allowlist [0.19ms]
(pass) omo-native parallelism summary emission > #given one session with overlapping non-eval tool calls > #when the session shuts down > #then dropped_calls, incomplete_calls and clock_anomalies are all carried through [0.18ms]
(pass) omo-native parallelism summary emission > #given eval-only and mixed waves alongside non-eval waves > #when the summary is built > #then non_eval metrics exclude both the eval-only and the mixed wave [0.20ms]
(pass) omo-native parallelism summary emission > #given eval-only and mixed waves alongside non-eval waves > #when the summary is built > #then the mixed wave's savings never leak into modeled_wallclock_saved_ms [0.14ms]
(pass) omo-native parallelism summary emission > #given the wave size histogram > #when waves of several sizes are summarized > #then it is positionally encoded, unlabelled, and short enough to survive truncation [0.16ms]
(pass) omo-native parallelism summary emission > #given more tool calls than MAX_TRACKED_CALLS > #when the capped session is summarized > #then dropped_calls exposes the refused calls and the four-sink accounting closes [8.80ms]
(pass) omo-native parallelism summary emission > #given a session with nothing worth reporting > #when it shuts down > #then an idle session emits no event [0.22ms]
(pass) omo-native parallelism summary emission > #given a session with nothing worth reporting > #when it shuts down > #then a session whose only calls are incomplete or anomalous emits no event [0.16ms]
(pass) omo-native parallelism summary emission > #given a session with nothing worth reporting > #when it shuts down > #then a turn with no tool calls at all emits no event [0.17ms]
(pass) omo-native parallelism summary emission > #given repeated and interleaved session lifecycles > #when shutdown fires more than once or for two sessions > #then a second shutdown for the same session emits nothing [0.16ms]
(pass) omo-native parallelism summary emission > #given repeated and interleaved session lifecycles > #when shutdown fires more than once or for two sessions > #then two sessions each emit their own payload and never mix [0.16ms]
(pass) omo-native parallelism summary emission > #given repeated and interleaved session lifecycles > #when shutdown fires more than once or for two sessions > #then a shutdown mid turn still emits the completed calls exactly once [0.13ms]
(pass) omo-native parallelism summary emission > #given repeated and interleaved session lifecycles > #when shutdown fires more than once or for two sessions > #then a shutdown without a resolvable session emits nothing and spares live sessions [0.13ms]

packages/omo-senpi/src/components/telemetry/telemetry.test.ts:
(pass) omo-senpi telemetry daily activity > #given no daily stamp #when session_start fires #then first session emits daily-active telemetry [4.30ms]
(pass) omo-senpi telemetry daily activity > #given a same-day stamp #when session_start fires again #then second same-day session does not emit [1.46ms]
(pass) omo-senpi telemetry daily activity > #given product disable opt-out #when session_start fires #then opt-out suppresses emission and stamp writes [0.56ms]
(pass) omo-senpi telemetry daily activity > #given product anonymous telemetry opt-out #when session_start fires #then opt-out suppresses emission and stamp writes [0.32ms]
(pass) omo-senpi telemetry daily activity > #given global opt-out #when session_start fires #then opt-out suppresses emission and stamp writes [0.33ms]
(pass) omo-senpi telemetry daily activity > #given SENPI_CODING_AGENT_DIR #when telemetry records #then stamp file location respects the isolated senpi agent dir [1.62ms]

packages/omo-senpi/src/components/telemetry/omo-native-delegation.test.ts:
(pass) omo-native delegation capture > #given a terminal edge for a task with two steered and one steer_queued event at the current run_epoch #when captured #then task_send_running_count is 2 and task_send_queued_count is 1 and prior-epoch events are ignored [0.98ms]
(pass) omo-native delegation capture > #given a missing task event log #when a terminal edge fires #then the counters are zero and the event still ships [0.37ms]
(pass) omo-native delegation capture > #given a task that completes then is revived and errors #when both terminals are captured #then two events share task_seq with run_epoch 0 and 1 and the second carries start_reason "revive_after_completed" [0.85ms]
(pass) omo-native delegation capture > #given a revive after an errored run #when the next terminal is captured #then the reason names recovery, not re-query [0.77ms]
(pass) omo-native delegation capture > #given a lost-to-lost reason update and a residency evict on a terminal record #when observed #then zero events are captured [0.33ms]
(pass) omo-native delegation capture > #given a transport that throws and one that never resolves #when a terminal edge fires #then the store transition still returns and the diagnostics logger receives the failure [0.40ms]
(pass) omo-native delegation capture > #given a resumed task whose parent_session_id differs from the live session #when captured #then the event uses the parent hash [0.32ms]
(pass) omo-native delegation capture > #given a disposed capture #when a later terminal edge fires #then nothing is captured [0.28ms]

packages/omo-senpi/src/components/telemetry/omo-native-notice.test.ts:
(pass) OmO Native telemetry notice > #given telemetry registration #when commands are inspected #then no telemetry audit command is exposed [0.34ms]
(pass) OmO Native telemetry notice > #given enabled telemetry #when two consecutive session_start events fire #then the notice is sent exactly once [1.43ms]
(pass) OmO Native telemetry notice > #given the unconfigured project key #when session_start fires #then no first-run notice is sent [0.33ms]
(pass) OmO Native telemetry notice > #given DO_NOT_TRACK=1 #when session_start fires #then no notice is sent [0.29ms]
(pass) OmO Native telemetry notice > #given telemetry.enabled false #when session_start fires #then no notice or marker is created [1.85ms]
(pass) OmO Native telemetry notice > #given an unwritable marker directory #when session_start fires twice #then notice is skipped with one diagnostic and no crash [0.83ms]
(pass) OmO Native telemetry notice > #given a stale marker #when a later registration starts a session #then the notice stays suppressed [0.85ms]
(pass) OmO Native telemetry notice > #given two racing session_start events #when both attempt the first notice #then the marker admits only one notification [0.94ms]
(pass) OmO Native telemetry notice > #given the first notification send throws #when another session starts #then the persisted marker prevents a retry [2.04ms]

packages/omo-senpi/src/components/telemetry/omo-native-session.test.ts:
(pass) OmO Native session telemetry > #given DO_NOT_TRACK #when session_start fires #then native and legacy telemetry both emit nothing [1.42ms]
(pass) OmO Native session telemetry > #given omo.json telemetry.enabled false #when session_start fires #then native and legacy telemetry both emit nothing [1.70ms]
(pass) OmO Native session telemetry > #given no config file #when session_start loads config #then telemetry matches the resolved setting [3.48ms]
(pass) OmO Native session telemetry > #given telemetry enabled false #when session_start loads config #then telemetry matches the resolved setting [1.56ms]
(pass) OmO Native session telemetry > #given telemetry enabled true #when session_start loads config #then telemetry matches the resolved setting [4.66ms]
(pass) OmO Native session telemetry > #given malformed existing config #when session_start loads config #then telemetry is disabled and a diagnostic is emitted [2.16ms]
(pass) OmO Native session telemetry > #given unreadable existing config #when session_start loads config #then telemetry is disabled and a diagnostic is emitted [2.10ms]
(pass) OmO Native session telemetry > #given enabled telemetry #when two clients start today and one starts tomorrow #then native daily_active emits once per UTC day [5.54ms]
(pass) OmO Native session telemetry > #given real-shape providers/defaultProvider/defaultModel fixtures #when session_started emits #then inventory is masked and the key set is exact [3.53ms]
(pass) OmO Native session telemetry > #given an injected IANA time zone #when session_started is captured #then timezone is present, at most 64 characters, and category_config is captured once afterwards with the same $session_id [4.98ms]
(pass) OmO Native session telemetry > #given a host context without a model registry #when session_start fires #then session_started still ships and no category_config is captured [4.13ms]
(pass) OmO Native session telemetry > #given a throwing time zone provider #when session_start fires #then session_started ships without a timezone property [3.28ms]
(pass) OmO Native session telemetry > #given an existing same-day legacy marker #when the native session path runs #then its bytes stay unchanged and native uses its separate marker [2.85ms]
(pass) OmO Native session telemetry > #given corrupt models.json #when session_start fires #then counts are zero, defaults are omitted, and one diagnostic is reported [3.35ms]
(pass) OmO Native session telemetry > #given absent inventory #when session_start fires #then counts are zero, defaults are omitted, and one diagnostic is reported [4.02ms]
(pass) OmO Native session telemetry > #given an empty providers dictionary #when session_start fires #then inventory is valid and empty without a diagnostic [3.68ms]
(pass) OmO Native session telemetry > #given a host that defers startup work #when session_start fires #then nothing is captured on the dispatch path and the deferred tick captures it [2.58ms]
(pass) OmO Native session telemetry > #given a session that shuts down before the deferred tick #when the tick runs #then no telemetry client is created behind the closed session [0.59ms]
(pass) OmO Native session telemetry > #given an injected timer #when session_shutdown fires #then the native client flushes once and uses the 1000ms bound [2.70ms]

packages/omo-senpi/src/components/telemetry/omo-native-parallel.test.ts:
(pass) omo-native parallel telemetry > #given overlapping tool execution start and end pairs on one session > #when the session snapshot is assembled > #then the observations form a single concurrency wave with the injected span [0.35ms]
(pass) omo-native parallel telemetry > #given overlapping tool execution start and end pairs on one session > #when the session snapshot is assembled > #then only the tool call id and name are retained [0.13ms]
(pass) omo-native parallel telemetry > #given sequential tool executions > #when the session snapshot is assembled once > #then every call forms its own wave [0.11ms]
(pass) omo-native parallel telemetry > #given a turn that starts with its own timestamp and ends without one > #when the turn end arrives at a stamped clock reading > #then the measured turn duration accumulates across turns [0.11ms]
(pass) omo-native parallel telemetry > #given a turn that starts with its own timestamp and ends without one > #when the turn end arrives at a stamped clock reading > #then a turn end without a preceding start contributes nothing [0.10ms]
(pass) omo-native parallel telemetry > #given a turn that starts with its own timestamp and ends without one > #when the turn end arrives at a stamped clock reading > #then a turn end stamped before the turn start is not counted as negative time [0.11ms]
(pass) omo-native parallel telemetry > #given an injected clock instead of the real one > #when tool executions are observed > #then every recorded timestamp comes from the injected clock [0.18ms]
(pass) omo-native parallel telemetry > #given two independent sessions dispatching interleaved observations > #when each session snapshot is assembled > #then neither session sees the other session's calls [0.28ms]
(pass) omo-native parallel telemetry > #given a session that has recorded observations > #when session_shutdown is dispatched > #then the session state is dropped and nothing leaks [0.16ms]
(pass) omo-native parallel telemetry > #given a session that has recorded observations > #when session_shutdown is dispatched > #then only the shutting-down session is dropped [0.20ms]
(pass) omo-native parallel telemetry > #given a session that has recorded observations > #when session_shutdown is dispatched > #then a shutdown mid sequence and a repeated shutdown are both safe [0.30ms]
(pass) omo-native parallel telemetry > #given a session that has recorded observations > #when session_shutdown is dispatched > #then a late end or turn end does not resurrect the cleared session [0.23ms]
(pass) omo-native parallel telemetry > #given malformed or unknown event payloads > #when they are dispatched to the subscribed handlers > #then no handler throws and no observation is recorded [0.23ms]
(pass) omo-native parallel telemetry > #given malformed or unknown event payloads > #when they are dispatched to the subscribed handlers > #then events without a resolvable session are ignored [0.14ms]
(pass) omo-native parallel telemetry > #given a start whose end never arrives > #when the session snapshot is assembled > #then the call is counted as incomplete rather than paired [0.13ms]

packages/omo-senpi/src/components/telemetry/omo-native-category-config.test.ts:
(pass) omo-native category config capture > #given a config with one builtin override and two user categories #when the snapshot is captured #then cat_architect matches the exact composed string, user_category_count is 2, builtin_overridden_count is 1, and combo_fingerprint is stable across property-order permutations [1.95ms]
(pass) omo-native category config capture > #given a disabled category and an unresolvable one #when encoded #then the values are exactly "disabled" and "unavailable" and every value is at most 64 characters [0.41ms]
(pass) omo-native category config capture > #given a category configured with an unknown user model #when encoded #then only custom leaves the machine [0.34ms]
(pass) omo-native category config capture > #given an unchanged effective map #when observed twice #then only one row ships with a reused generation, and a changed map ships a new generation [1.46ms]
(pass) omo-native category config capture > #given a registry that throws #when observed #then nothing is captured and no error escapes [0.17ms]

packages/omo-senpi/src/components/telemetry/wave-assembler.test.ts:
(pass) wave assembler > #given tool executions that overlap in time > #when the observations are assembled > #then all three calls join one wave carrying a span [0.22ms]
(pass) wave assembler > #given tool executions that never overlap > #when the observations are assembled > #then every call forms its own single-call wave [0.11ms]
(pass) wave assembler > #given a mix of overlapping and sequential executions > #when the observations are assembled > #then the overlap forms one wave and the isolated call forms another [0.11ms]
(pass) wave assembler > #given a chained wave where the first and last calls never overlap > #when the observations are assembled > #then one wave reports the full span and a concurrency of two [0.11ms]
(pass) wave assembler > #given a start observation whose end never arrives > #when the observations are assembled > #then the call is counted as incomplete and excluded from waves [0.09ms]
(pass) wave assembler > #given an end observation that precedes its start > #when the observations are assembled > #then the call is counted as a clock anomaly and excluded from waves [0.09ms]
(pass) wave assembler > #given more tool calls than the session tracking cap > #when the observations are assembled > #then per-call detail is dropped while the counters keep accruing [2.22ms]
(pass) wave assembler > #given every start arriving before any end beyond the tracking cap > #when the observations are assembled > #then resident detail is bounded regardless of arrival order [1.46ms]
(pass) wave assembler > #given unmatched starts beyond the tracking cap > #when the observations are assembled > #then pending detail is bounded and every start is still accounted for [0.59ms]
(pass) wave assembler > #given malformed observations with unusable identifiers and timestamps > #when the observations are assembled > #then nothing throws and the valid pair alone reaches the metrics [0.22ms]
(pass) wave assembler > #given two independent sessions assembled one after another > #when the second session is assembled > #then no state from the first session leaks into the second [0.13ms]
(pass) wave assembler > #given observations that arrive out of chronological order > #when the observations are assembled > #then waves are ordered by start time regardless of arrival order [0.09ms]
(pass) wave assembler > #given a zero-length execution touching a neighbour boundary > #when the observations are assembled > #then touching intervals share a wave and concurrency stays honest [0.12ms]

packages/omo-senpi/src/components/telemetry/telemetry.payload.test.ts:
(pass) omo-senpi telemetry payloads > #given telemetry component and telemetry-core builder #when session_start captures through injected transport #then payload equivalence holds [2.11ms]
(pass) omo-senpi telemetry payloads > #given missing env and empty session payload #when session_start fires #then defaults are safe and no exception escapes [1.26ms]
(pass) omo-senpi telemetry payloads > #given a hanging transport #when session_start fires #then send failure does not block the session_start path [1.16ms]

packages/omo-senpi/src/components/telemetry/omo-native-component.test.ts:
(pass) OmO Native telemetry component integration > #given the real component list #when composed #then telemetry input classification registers before ultrawork [0.18ms]
(pass) OmO Native telemetry component integration > #given an enabled composed component #when the full host sequence dispatches #then the exact event stream is captured in order [3.96ms]
(pass) OmO Native telemetry component integration > #given a settled kibitzer wake #when the real component shuts the session down #then kibitzer_summary still reaches the transport [4.57ms]
(pass) OmO Native telemetry component integration > #given a delegation capture carrying a foreign $session_id #when forwarded #then state.sessionHash is unchanged and only session_start may set it [3.98ms]
(pass) OmO Native telemetry component integration > #given a composed component that shut its session down #when a later terminal edge fires #then nothing is captured [3.29ms]
(pass) OmO Native telemetry component integration > #given the telemetry disable flag #when the full component is composed #then native and legacy capture zero events [0.84ms]
(pass) OmO Native telemetry component integration > #given the real component registration order #when a session with overlapping tool calls shuts down #then exactly one non-empty parallelism_summary is captured [3.32ms]
(pass) OmO Native telemetry component integration > #given shutdown and restart plus repeated interruption #when sessions cycle #then client state is fresh and shutdown never throws [3.84ms]

packages/omo-senpi/src/components/telemetry/omo-native-kibitzer-summary.test.ts:
(pass) kibitzer summary snapshot > #given wakes and buffered offers #when the session is summarized #then nudge counts, cadence, cost and outcome mix are reported [0.34ms]
(pass) kibitzer summary snapshot > #given a private model id on the dominant rung #when the summary is built #then the model is masked to custom and never exported verbatim [0.13ms]
(pass) kibitzer summary snapshot > #given a known model id #when it is the dominant rung #then it survives masking [0.10ms]
(pass) kibitzer summary snapshot > #given a session that only buffered offers #when it is summarized #then the event still reports the blocked cadence [0.13ms]
(pass) kibitzer summary snapshot > #given a session the sidecar never touched #when shutdown asks for a snapshot #then nothing is recorded and no event is built [0.10ms]
(pass) kibitzer summary snapshot > #given every summary property #when it is checked against the schema #then each one is declared in the kibitzer_summary allowlist [0.20ms]
(pass) registerOmoNativeKibitzerSummary > #given a settled wake on the observer seam #when the session shuts down #then exactly one event is captured and a second shutdown emits nothing [0.19ms]
(pass) registerOmoNativeKibitzerSummary > #given two sessions on one process #when each shuts down #then their counts never mix [0.64ms]
(pass) registerOmoNativeKibitzerSummary > #given a session with no sidecar activity #when it shuts down #then no event is spent [0.11ms]
(pass) registerOmoNativeKibitzerSummary > #given the registration is detached #when a later wake arrives #then nothing is recorded [0.10ms]

packages/omo-senpi/src/components/telemetry/omo-native-eval.test.ts:
(pass) omo-native eval execution event parser > #given one valid full v1 event #when parsed #then only fixed scalar rollups remain [0.27ms]
(pass) omo-native eval execution event parser > #given forty calls but thirty enriched details #when parsed #then toolCallCount stays authoritative [0.12ms]
(pass) omo-native eval execution event parser > #given aggregate overflow #when parsed #then named and overflow totals close exactly [0.10ms]
(pass) omo-native eval execution event parser > #given malformed correlated payloads #when parsed #then they reject without partial totals [0.15ms]
(pass) omo-native eval execution event parser > #given values without a usable cell id #when parsed #then they are ignored [0.10ms]
(pass) omo-native eval execution event parser > #given two accepted events #when rollups are added #then every scalar is summed [0.13ms]

packages/omo-senpi/src/components/telemetry/omo-native-turns.test.ts:
(pass) OmO Native turn telemetry > #given provider and model identities #when masked #then each field is decided independently [0.31ms]
(pass) OmO Native turn telemetry > #given an assistant turn #when it ends #then exactly one allowlisted turn_completed payload is emitted [0.18ms]
(pass) OmO Native turn telemetry > #given reasoning is absent #when the assistant turn ends #then reasoning is zero and not added to total [0.12ms]
(pass) OmO Native turn telemetry > #given a non-assistant AgentMessage #when turn_end fires #then no event is emitted [0.10ms]
(pass) OmO Native turn telemetry > #given missing usage #when the assistant turn ends #then zero values and one diagnostic are emitted [0.15ms]
(pass) OmO Native turn telemetry > #given malformed usage #when the assistant turn ends #then invalid values become zero with one diagnostic [0.10ms]
(pass) OmO Native turn telemetry > #given successive assistant turns #when emitted #then turn_index follows the host monotonically [0.11ms]

packages/omo-senpi/src/components/telemetry/savings-math.test.ts:
(pass) parallel savings math > #given a simultaneously started batch of four calls > #when the modeled wall clock saving is computed > #then it reports the summed duration minus the wave span [0.20ms]
(pass) parallel savings math > #given a long-tail batch where one call dominates > #when the modeled and upper bound values are computed > #then the modeled saving stays honest and differs from the upper bound [0.10ms]
(pass) parallel savings math > #given a wave holding a single call > #when the savings are computed > #then both the modeled and upper bound values are zero [0.09ms]
(pass) parallel savings math > #given a wave holding no calls at all > #when the savings are computed > #then every metric is zero rather than NaN [0.09ms]
(pass) parallel savings math > #given a wave whose reported span exceeds the summed durations > #when the modeled saving is computed > #then the negative result is surfaced instead of clamped to zero [0.09ms]
(pass) parallel savings math > #given a chained wave where A overlaps B and B overlaps C > #when the modeled saving is computed > #then it uses the wave span and never the longest single duration [0.08ms]
(pass) parallel savings math > #given a chained wave where A overlaps B and B overlaps C > #when the saved round trips are counted > #then it follows max concurrency rather than the call count [0.09ms]
(pass) parallel savings math > #given several waves in one session > #when the saved round trips are summed > #then single-call waves contribute nothing and concurrent waves contribute their peak minus one [0.09ms]
(pass) parallel savings math > #given malformed timings inside a wave > #when the savings are computed > #then non-finite and reversed intervals are skipped without leaking NaN [0.09ms]
(pass) parallel savings math > #given a malformed wave span or concurrency > #when the metrics are computed > #then a non-finite span or concurrency yields zero instead of throwing [0.08ms]
(pass) parallel savings math > #given calls listed out of chronological order > #when the modeled saving is computed > #then the result matches the same calls listed in order [0.09ms]
(pass) parallel savings math > #given the same wave evaluated repeatedly > #when the metrics are recomputed > #then every run returns identical values with no hidden state [0.12ms]

packages/omo-senpi/src/components/telemetry/product-identity.test.ts:
(pass) OmO Native product identity > #given the native product #when config is created #then identity derivation and effective geoip settings are fixed [0.32ms]
(pass) OmO Native product identity > #given an explicit agent directory #when the native state path is resolved #then it is nested under omo-senpi [0.38ms]
(pass) OmO Native product identity > #given a machine state directory #when session ids are hashed #then the persisted salt is stable and raw ids stay distinct [0.96ms]
(pass) OmO Native product identity > #given a deleted salt #when another session id is hashed #then the salt is recreated without throwing [0.89ms]
(pass) OmO Native product identity > #given an unwritable state path #when a session id is hashed #then fallback identity stays stable without throwing [0.23ms]
(pass) OmO Native product identity > #given a known provider with an unknown custom model #when masked #then only model_id becomes custom [0.12ms]
(pass) OmO Native product identity > #given the senpi Claude subscription lane #when masked #then it exports as itself with the anthropic vocabulary [0.10ms]
(pass) OmO Native product identity > #given a publicly known model routed through an unknown gateway provider #when masked #then the model id is exported while the provider stays custom [0.10ms]
(pass) OmO Native product identity > #given a private or fine-tuned model name #when masked #then it never leaves the machine regardless of provider [0.13ms]
(pass) OmO Native product identity > #given every provider and model rung in CATEGORY_FALLBACK_CHAINS #when masked #then no shipped rung collapses to custom, while an arbitrary user provider and model still mask to custom [0.20ms]
(pass) OmO Native product identity > #given senpi-task builtins #when telemetry allowlists are loaded #then names exactly match imported sources [0.12ms]
(pass) OmO Native product identity > #given the tracked-call cap #when the widest wave histogram is encoded #then it stays inside the 64 character privacy limit [0.12ms]
(pass) OmO Native product identity > #given the native event schemas #when inspected #then delegation_completed and category_config exist with exactly the planned property sets and enum vocabularies [0.15ms]
(pass) OmO Native product identity > #given the shared schema version #when the native clients are configured #then one exported constant carries it [0.09ms]
(pass) OmO Native product identity > #given no env attribution #when attribution is resolved #then surface is cli and a 64-hex install id is persisted once [0.86ms]
(pass) OmO Native product identity > #given a desktop host env #when attribution is resolved #then the env pin wins over the local file [1.25ms]
(pass) OmO Native product identity > #given a product config #when attribution is attached #then additionalProperties carry it and existing product extras survive [0.39ms]
(pass) OmO Native product identity > #given static telemetry inventories #when inspected #then they and every property allowlist are frozen [0.28ms]

packages/omo-senpi/src/components/telemetry/eval-classifier.test.ts:
(pass) eval tool bucket classification > #given a wave with no eval calls #when classified #then it lands in non_eval [0.18ms]
(pass) eval tool bucket classification > #given a wave of only eval calls #when classified #then it lands in eval_only [0.09ms]
(pass) eval tool bucket classification > #given a wave with both eval and non-eval calls #when classified #then it lands in mixed [0.09ms]
(pass) eval tool bucket classification > #given eval naming variants #when detected #then only true eval names match [0.11ms]
(pass) eval tool bucket classification > #given a mixed wave #when aggregated #then it never leaks into the non_eval totals [0.12ms]
(pass) eval tool bucket classification > #given eval_only and mixed waves #when tool-call counters are aggregated #then only the non_eval domain is counted [0.14ms]
(pass) eval tool bucket classification > #given eval waves #when summarized #then their count and duration are reported in their own buckets [0.10ms]
(pass) eval tool bucket classification > #given wave sizes across every histogram bucket #when encoded #then counts are positional without labels [0.15ms]
(pass) eval tool bucket classification > #given malformed waves #when classified #then no throw and no misclassification [0.14ms]
(pass) eval tool bucket classification > #given repeated summaries of the same input #when compared #then the classifier holds no cross-call state [0.14ms]

packages/omo-senpi/src/components/telemetry/delegation-projection.test.ts:
(pass) delegation_completed projection > #given a TaskRecord carrying final_response, error_message, name, description and continuation_hint #when projected #then the property key set equals the delegation_completed allowlist exactly and no free text appears in the serialized payload [0.39ms]
(pass) delegation_completed projection > #given a terminal record on a known provider #when projected #then identity, shape and stats fields carry the record's values [0.17ms]
(pass) delegation_completed projection > #given a publicly known model on an unknown provider #when projected #then the provider is "custom" while the model id survives [0.10ms]
(pass) delegation_completed projection > #given a privately named model on an unknown provider #when projected #then provider and model_id are both "custom" [0.09ms]
(pass) delegation_completed projection > #given a record whose run_stats has no cost #when projected #then cost_usd is absent and cost_status is "unavailable", and #given a reported zero cost #then cost_usd is 0 with cost_status "reported" [0.12ms]
(pass) delegation_completed projection > #given a record reconciled to lost with no run_stats #when projected #then stats are unavailable and the duration falls back to wall clock [0.10ms]
(pass) delegation_completed projection > #given a backwards wall clock and no stats #when projected #then the duration is unavailable rather than negative [0.09ms]
(pass) delegation_completed projection > #given dag-owned and team-member records #when projected #then owner_kind separates them from plain children [0.12ms]
(pass) delegation_completed projection > #given a custom category, custom agent and absent ordinals #when projected #then closed vocabularies and safe defaults are used [0.11ms]
(pass) delegation_completed projection > #given a record with no category and no agent #when projected #then both read none [0.10ms]

packages/omo-senpi/src/components/telemetry/schema-doc.test.ts:
(pass) OmO Native telemetry schema documentation > #given the product allowlists #when the reference is checked #then the generated schema block is byte exact [2.61ms]
(pass) OmO Native telemetry schema documentation > #given an empty property schema #when generation is attempted #then no corrupt block is emitted [0.17ms]

packages/omo-senpi/src/components/telemetry/omo-native-tools.test.ts:
(pass) OmO Native tool telemetry > #given a builtin SKILL.md #when a namespaced Read result arrives #then the exact builtin skill is emitted [1.28ms]
(pass) OmO Native tool telemetry > #given outside, custom, traversal, symlink, and injected skill paths #when read results arrive #then no skill name is emitted [2.18ms]
(pass) OmO Native tool telemetry > #given canonical Windows paths #when builtin paths vary by case or namespace #then the builtin skill is matched [0.13ms]
(pass) OmO Native tool telemetry > #given canonical Windows paths outside the builtin root #when matched #then no skill name is emitted [0.10ms]
(pass) OmO Native tool telemetry > #given a background category batch of three #when task completes #then every item uses the batch bucket [0.60ms]
(pass) OmO Native tool telemetry > #given subagent and unknown category spawns #when task completes #then allowlisted names pass and unknown names are custom [0.51ms]
(pass) OmO Native tool telemetry > #given a retired curated agent id spawn #when task completes #then the delegation reports it as custom, like any unknown name [0.53ms]
(pass) OmO Native tool telemetry > #given feature tools across two sessions #when repeated #then each feature emits once per session [0.55ms]
(pass) OmO Native tool telemetry > #given a session shutdown #when the same id starts using features again #then stale dedup state is cleared [0.51ms]
(pass) OmO Native tool telemetry > #given tool_result without input #when handled #then it is ignored with a diagnostic [0.53ms]
(pass) OmO Native tool telemetry > #given all tool telemetry events #when captured #then payload keys exactly match the product allowlists [1.00ms]

packages/omo-senpi/src/components/telemetry/omo-native-prompt.test.ts:
(pass) OmO Native prompt telemetry > #given canonical ultrawork prompts #when dispositions arrive #then pre-mutation classifications and buckets are emitted [0.44ms]
(pass) OmO Native prompt telemetry > #given no-keyword and extension source cases #when submitted #then extension prompts stay non-real [0.41ms]
(pass) OmO Native prompt telemetry > #given quoted and embedded keywords #when submitted #then telemetry matches the arming filter [0.32ms]
(pass) OmO Native prompt telemetry > #given queued steering and duplicate dispositions #when handled #then queue semantics emit exactly once [0.14ms]
(pass) OmO Native prompt telemetry > #given telemetry snapshots before the mutating handler #when arming changes before disposition #then first arm is preserved [0.13ms]
(pass) OmO Native prompt telemetry > #given every disposition and prompt size boundary #when emitted #then queue, length, and ordinal buckets are stable per session [0.16ms]
(pass) OmO Native prompt telemetry > #given pending input at shutdown #when shutdown flushes then a late disposition arrives #then one other-mode event remains [0.13ms]
(pass) OmO Native prompt telemetry > #given malformed and adversarial inputs #when dispatched #then valid text emits without retaining text and missing ids are ignored [0.39ms]

packages/omo-senpi/src/components/telemetry/identity-invariants.test.ts:
(pass) telemetry identity is stable across the OmO Native wording rename > #given the legacy daily-active event #when its name is read #then it is unchanged [0.19ms]
(pass) telemetry identity is stable across the OmO Native wording rename > #given the anonymous machine id #when its prefix is read #then it is unchanged [0.17ms]
(pass) telemetry identity is stable across the OmO Native wording rename > #given the product config #when read #then platform and productName are unchanged [0.11ms]

packages/omo-senpi/src/components/telemetry/omo-native-parallel-eval.test.ts:
(pass) omo-native eval execution correlation > #given an event-capable host #when telemetry registers #then exactly one eval event handler is installed [0.26ms]
(pass) omo-native eval execution correlation > #given a correlated eval cell #when its event settles #then exact nested rollups belong to that session [0.27ms]
(pass) omo-native eval execution correlation > #given a detached eval whose outer call ended #when it later settles #then correlation remains alive [0.17ms]
(pass) omo-native eval execution correlation > #given a cell that already settled #when the event is duplicated #then it is counted once [0.13ms]
(pass) omo-native eval execution correlation > #given one cell id owned by two sessions #when it settles #then attribution fails closed [0.12ms]
(pass) omo-native eval execution correlation > #given a correlated malformed event #when consumed #then it increments rejected once and discards correlation [0.16ms]
(pass) omo-native eval execution correlation > #given an older host without pi.events #when eval runs #then wave telemetry remains available with zero eval rollup [0.12ms]
(pass) omo-native eval execution correlation > #given pending eval correlation #when the session shuts down #then a late event cannot resurrect state [0.26ms]

packages/omo-senpi/src/components/telemetry/omo-native-parallel-summary-v2.test.ts:
(pass) omo-native parallelism v2 summary > #given one eval-only wrapper with two nested tools #when shutdown fires #then nested counts stay outside wave savings [0.33ms]
(pass) omo-native parallelism v2 summary > #given overlapping eval and direct calls #when summarized #then mixed direct and outer eval counts are separate [0.15ms]
(pass) omo-native parallelism v2 summary > #given an older host without events #when eval completes #then v2 emits explicit unavailable zero defaults [0.19ms]
(pass) omo-native parallelism v2 summary > #given a correlated invalid event #when shutdown fires #then rejection is visible without partial totals [0.16ms]
(pass) omo-native parallelism v2 summary > #given a valid eval event but an incomplete outer wrapper #when shutdown fires #then the event still justifies one summary [0.29ms]

packages/omo-senpi/src/components/fallback-architect/detection.test.ts:
(pass) fallback-architect detection > #given an assistant message that the classifier stopped > #when stopDetails marks a refusal > #then reports the message as refusal-like [0.20ms]
(pass) fallback-architect detection > #given an assistant message that the classifier stopped > #when stopDetails marks sensitive content > #then reports the message as refusal-like [0.09ms]
(pass) fallback-architect detection > #given a provider policy rejection carried only in errorMessage > #when the error text matches the Anthropic usage policy wording > #then reports the message as refusal-like for an error stop [0.11ms]
(pass) fallback-architect detection > #given a provider policy rejection carried only in errorMessage > #when the error text matches the Anthropic usage policy wording > #then reports the message as refusal-like for a toolUse stop [0.09ms]
(pass) fallback-architect detection > #given the host demoted an empty tool-use turn to stop > #when the demoted turn kept its refusal details > #then the diagnostic admits it as refusal-like [0.14ms]
(pass) fallback-architect detection > #given the host demoted an empty tool-use turn to stop > #when the demoted turn carries no refusal signal > #then it stays a continuable stop [0.12ms]
(pass) fallback-architect detection > #given the host demoted an empty tool-use turn to stop > #when a plain stop carries refusal details without the demotion diagnostic > #then the stop reason still wins [0.10ms]
(pass) fallback-architect detection > #given messages that are not refusals > #when the stop is an ordinary transient failure > #then reports the message as not refusal-like [0.14ms]
(pass) fallback-architect detection > #given messages that are not refusals > #when the message completed normally > #then reports the message as not refusal-like [0.12ms]
(pass) fallback-architect detection > #given messages that are not refusals > #when the message is not from the assistant > #then reports the message as not refusal-like [0.08ms]
(pass) fallback-architect detection > #given messages that are not refusals > #when an aborted message still carries stale refusal details > #then the stop reason wins and the message is not refusal-like [0.09ms]
(pass) fallback-architect detection > #given messages that are not refusals > #when the payload is malformed > #then returns false instead of throwing [0.08ms]
(pass) fallback-architect detection > #given a formatted model selector > #when the id is any fable 5 release > #then matches regardless of provider or dotted release [0.09ms]
(pass) fallback-architect detection > #given a formatted model selector > #when the id is another model > #then does not match [0.08ms]
(pass) fallback-architect detection > #given raw extension payloads > #when the payload is a well formed model_select event > #then the guard accepts it [0.16ms]
(pass) fallback-architect detection > #given raw extension payloads > #when the payload is missing required fields > #then the guard rejects it without throwing [0.09ms]
(pass) fallback-architect detection > #given raw extension payloads > #when the payload is a well formed message_end event > #then the guard accepts it and rejects junk [0.09ms]

packages/omo-senpi/src/components/fallback-architect/fallback-architect.test.ts:
(pass) fallback-architect component > #given a classifier refusal on claude-fable-5 > #when the session falls back to a weaker model > #then it injects exactly one hidden directive naming both models [0.38ms]
(pass) fallback-architect component > #given a classifier refusal on claude-fable-5 > #when the session falls back to a weaker model > #then it also shows exactly one visible notice with structured model details [0.13ms]
(pass) fallback-architect component > #given a classifier refusal on claude-fable-5 > #when the session falls back to a weaker model > #then it registers a renderer for the visible notice message [0.10ms]
(pass) fallback-architect component > #given a provider policy rejection with no stopDetails > #when the session falls back > #then it still injects the directive [0.18ms]
(pass) fallback-architect component > #given a fallback that no refusal preceded > #when a transient failure moves the session off fable 5 > #then nothing is injected [0.12ms]
(pass) fallback-architect component > #given a fallback that no refusal preceded > #when a successful answer precedes the fallback > #then the stale refusal flag does not survive [0.10ms]
(pass) fallback-architect component > #given a refusal on a dotted fable release the old gate missed > #when the session falls back > #then it injects the directive naming both models [0.13ms]
(pass) fallback-architect component > #given a refusal on a dotted fable release the old gate missed > #when the session falls back > #then the directive keeps the same-model caveat for the fable family [0.10ms]
(pass) fallback-architect component > #given a refusal on a model outside the fable family > #when the session falls back > #then it still injects the directive and the notice [0.10ms]
(pass) fallback-architect component > #given a refusal on a model outside the fable family > #when the session falls back > #then the directive drops the same-model caveat instead of claiming Fable 5 refused [0.11ms]
(pass) fallback-architect component > #given a refusal on a model outside the fable family > #when the session falls back > #then returning to the refused model stops the reminder [0.13ms]
(pass) fallback-architect component > #given a refusal on a model outside the fable family > #when a fallback carries no previous model > #then nothing is injected [0.09ms]
(pass) fallback-architect component > #given a second refusal on the fallback model > #when the chain steps down again > #then a fresh directive names the new pair [0.12ms]
(pass) fallback-architect component > #given the architect category is unavailable > #when a refusal fallback happens > #then nothing is injected [0.11ms]
(pass) fallback-architect component > #given the default gate and a live model registry in the event context > #when a refusal fallback happens > #then the gate receives the registry from the event context [0.12ms]
(pass) fallback-architect component > #given the default gate and a live model registry in the event context > #when a refusal fallback happens > #then a context without a registry still gates on config alone [0.12ms]
(pass) fallback-architect component > #given the component is disabled by flag > #when a refusal fallback happens and the user prompts again > #then neither the directive nor a reminder is injected [0.11ms]
(pass) fallback-architect component > #given an active refusal fallback > #when the user sends further prompts > #then each prompt carries exactly one reminder and the input is never rewritten [0.12ms]
(pass) fallback-architect component > #given an active refusal fallback > #when the prompt was queued while the agent was streaming > #then the reminder still rides as a hidden message and the typed text is never rewritten [0.12ms]
(pass) fallback-architect component > #given an active refusal fallback > #when a refusal fallback follows an aborted message carrying stale refusal details > #then nothing is injected [0.10ms]
(pass) fallback-architect component > #given an active refusal fallback > #when the input came from an extension rather than the user > #then no reminder is injected [0.13ms]
(pass) fallback-architect component > #given an active refusal fallback > #when the chain falls back a second time from the weaker model > #then no second directive is injected and the state stays active [0.12ms]
(pass) fallback-architect component > #given an active refusal fallback > #when fable 5 becomes the active model again > #then the reminder stops [0.11ms]
(pass) fallback-architect component > #given an active refusal fallback > #when the fallback is reverted by senpi > #then the reminder stops [0.10ms]
(pass) fallback-architect component > #given malformed host payloads > #when they reach the handlers > #then the component ignores them without throwing [0.09ms]

packages/omo-senpi/src/components/fallback-architect/directive.test.ts:
(pass) fallback-architect directive > #given the custom message types > #when a consumer reads them > #then they are the wire values senpi persists [0.19ms]
(pass) fallback-architect directive > #given a refusal driven fallback between two models > #when the full directive is built > #then it names both models [0.09ms]
(pass) fallback-architect directive > #given a refusal driven fallback between two models > #when the full directive is built > #then it routes the model to the architect category [0.09ms]
(pass) fallback-architect directive > #given a refusal driven fallback between two models > #when the full directive is built > #then it keeps the same-model caveat because a fable release refused [0.09ms]
(pass) fallback-architect directive > #given a refusal driven fallback between two models > #when the refusing model is outside the fable family > #then it still names the architect consultant [0.09ms]
(pass) fallback-architect directive > #given a refusal driven fallback between two models > #when the refusing model is outside the fable family > #then it does not claim the consultant is the model that just refused [0.09ms]
(pass) fallback-architect directive > #given a refusal driven fallback between two models > #when the compact reminder is built > #then it names the refused model and the architect route [0.08ms]

packages/omo-senpi/src/components/fallback-architect/notice.test.ts:
(pass) fallback-architect notice > #given a refusal driven fallback off fable 5 > #when the directive arms > #then exactly one visible upgrade notice carries structured details [0.45ms]
(pass) fallback-architect notice > #given a refusal driven fallback off fable 5 > #when the directive arms > #then a TUI renderer is registered for the notice type [0.12ms]
(pass) fallback-architect notice > #given a refusal driven fallback off fable 5 > #when the chain falls back a second time from the weaker model > #then no second notice is emitted [0.14ms]
(pass) fallback-architect notice > #given structured fallback details > #when rendered #then the notice uses the custom-message background block [0.37ms]
(pass) fallback-architect notice > #given known and unknown model selectors > #when friendly names are derived > #then known models map to display names and unknown ones keep their id [0.11ms]

packages/omo-senpi/src/components/fallback-architect/tip-message.test.ts:
(pass) fallback-architect tip message > #given the custom message type > #when a consumer reads it > #then it is the wire value senpi persists [0.22ms]
(pass) fallback-architect tip message > #given a refusal fallback from fable 5 to a weaker model > #when the tip text is built > #then it names the actual fallback model [0.19ms]
(pass) fallback-architect tip message > #given a refusal fallback from fable 5 to a weaker model > #when the tip text is built > #then it says the refusal should not wear the user down because the essence is still reasoned through [0.10ms]
(pass) fallback-architect tip message > #given a refusal fallback from fable 5 to a weaker model > #when the tip text is built > #then it points at the architect category for fable-5-grade depth [0.10ms]
(pass) fallback-architect tip message > #given a refusal fallback from fable 5 to a weaker model > #when the tip text is built > #then it ends with a pointer line containing give-me-tips [0.10ms]
(pass) fallback-architect tip message > #given a persisted tip message > #when the renderer draws it > #then the notice carries the fallback architect title [0.11ms]
(pass) fallback-architect tip message > #given a persisted tip message > #when the renderer draws it > #then every line is dimmed through the theme [0.15ms]
(pass) fallback-architect tip message > #given a persisted tip message > #when the renderer draws it > #then collapsed content keeps the explanation and gates the final detail [0.11ms]
(pass) fallback-architect tip message > #given a persisted tip message > #when the renderer draws it > #then every rendered line carries customMessageBg styling [0.10ms]

packages/omo-senpi/src/components/fallback-architect/architect-gate.test.ts:
(pass) architect gate > #given a project config that declares the architect category > #when the gate is evaluated > #then the category counts as active [2.04ms]
(pass) architect gate > #given a project config that disables the architect category > #when the gate is evaluated > #then the category does not count as active [1.71ms]
(pass) architect gate > #given a project config without an architect category > #when the gate is evaluated > #then the category does not count as active [1.81ms]
(pass) architect gate > #given no omo config at all > #when the gate is evaluated > #then it returns false instead of throwing [1.12ms]
(pass) architect gate > #given no user architect entry but a live registry exposing the gate model > #when the gate is evaluated with that registry > #then the builtin architect category counts as active [1.46ms]
(pass) architect gate > #given no user architect entry and a live registry without the gate model > #when the gate is evaluated with that registry > #then the category does not count as active [1.37ms]
(pass) architect gate > #given a config that disables architect and a registry that exposes the gate model > #when the gate is evaluated > #then the explicit disable still wins over the runtime listing [1.28ms]
(pass) architect gate > #given no user architect entry and a registry whose getAvailable throws > #when the gate is evaluated > #then it degrades to the ungated runtime list instead of throwing [1.23ms]

packages/omo-senpi/src/components/builtin-mcps/index.test.ts:
(pass) createBuiltinMcpsComponent > #given no CONTEXT7_API_KEY #when registered #then declares the anonymous lazy context7 and grep_app HTTP servers [0.24ms]
(pass) createBuiltinMcpsComponent > #given a real CONTEXT7_API_KEY #when registered #then context7 authenticates through bearerTokenEnv without inlining the token [0.23ms]
(pass) createBuiltinMcpsComponent > #given a empty placeholder CONTEXT7_API_KEY #when registered #then context7 stays anonymous [0.11ms]
(pass) createBuiltinMcpsComponent > #given a whitespace placeholder CONTEXT7_API_KEY #when registered #then context7 stays anonymous [0.09ms]
(pass) createBuiltinMcpsComponent > #given a angle-bracketed placeholder CONTEXT7_API_KEY #when registered #then context7 stays anonymous [0.11ms]
(pass) createBuiltinMcpsComponent > #given a hyphenated placeholder CONTEXT7_API_KEY #when registered #then context7 stays anonymous [0.10ms]
(pass) createBuiltinMcpsComponent > #given a spaced and quoted placeholder CONTEXT7_API_KEY #when registered #then context7 stays anonymous [0.09ms]
(pass) createBuiltinMcpsComponent > #given a host without registerMcpServer #when registered #then skips cleanly and logs once [0.11ms]
(pass) createBuiltinMcpsComponent > #given omo-senpi-builtin-mcps-disabled #when composed #then no builtin MCP server is declared [0.19ms]

packages/omo-senpi/src/components/builtin-mcps/host-declaration-contract.test.ts:
(pass) builtin-mcps host declaration contract > #given the anonymous declarations #when the installed senpi validator runs #then every declaration is accepted [0.56ms]
(pass) builtin-mcps host declaration contract > #given the bearer declarations #when the installed senpi validator runs #then every declaration is accepted [0.11ms]

packages/omo-senpi/src/components/thread/prompt-routing.test.ts:
(pass) PromptRouter > answer-here delivers the request to the driving session and accepts its response [0.22ms]
(pass) PromptRouter > leave-to-own-client delivers only to the target session [0.12ms]
(pass) PromptRouter > answer-here is immutable while in flight [0.14ms]
(pass) PromptRouter > leave-to-own-client is immutable while in flight [0.33ms]
(pass) PromptRouter > auto-cancel and timeout resolve with cancellation, never an answer [16.58ms]
(pass) PromptRouter > host close cancels pending prompts with a printed reason [0.17ms]

packages/omo-senpi/src/components/thread/live-surface.test.ts:
(pass) live thread socket discovery > #given the thread surface and the task daemon #when the socket names are compared #then both read the ONE shared list [0.23ms]
(pass) live thread socket discovery > operator override wins [0.14ms]
(pass) live thread socket discovery > #given the desktop's OMO_RPC_SOCKET_PATH #when no engine RPC_SOCKET is set #then the desktop host socket is used [0.10ms]
(pass) live thread socket discovery > #given brand and legacy RPC_SOCKET names #when several are set #then the brand name wins and blanks are skipped [0.10ms]
(pass) live thread socket discovery > canonical and env branches resolve through resolveAgentHome [0.20ms]
(pass) live thread socket discovery > resolveAgentHome supports flat and standalone fallback [0.13ms]
(pass) live thread socket discovery > always constructs a surface when the socket is absent at registration [0.10ms]
(pass) live thread socket discovery > returns typed host_unavailable when the socket is absent at call time [0.17ms]
(pass) live thread session-control RPCs > setSessionName writes set_session_name and accepts a success frame without data [4.84ms]
(pass) live thread session-control RPCs > setModel writes provider and modelId and reads the full model response [1.10ms]
(pass) live thread session-control RPCs > getAvailableModels writes get_available_models and projects the catalog [0.79ms]
(pass) live thread session-control RPCs > setThinkingLevel writes only wire-supported scope for %s [0.66ms]
(pass) live thread session-control RPCs > setThinkingLevel writes only wire-supported scope for session [0.57ms]
(pass) live thread session-control RPCs > setThinkingLevel writes only wire-supported scope for turn [0.59ms]
(pass) live thread session-control RPCs > getAvailableThinkingLevels writes get_available_thinking_levels and unwraps levels [0.57ms]
(pass) live thread session-control RPCs > set_thinking_level unsupported failure frames become classified errors [0.63ms]
(pass) live thread session-control RPCs > unrelated set_thinking_level failures are not mislabeled as unsupported [0.55ms]
(pass) live thread request correlation > #given an open_session admission notice ahead of the reply #when openSession runs #then the queued frame is skipped and the correlated response is returned [1.49ms]
(pass) live thread request correlation > #given connection-wide broadcasts ahead of the reply #when listSessions runs #then only the frame carrying the request id settles it [0.82ms]
(pass) live thread request correlation > #given an open_session reply carrying only the routing id #when openSession runs #then the durable id from the session list is returned as the address [0.86ms]
(pass) live thread request correlation > #given a requested name #when openSession runs #then the name is applied through set_session_name and echoed back [1.12ms]
(pass) live thread request correlation > #given a failure response for a different request id #when a request is pending #then it is ignored rather than settling the pending call [0.87ms]

packages/omo-senpi/src/components/thread/receipts.test.ts:
(pass) durable thread receipts > derives an explicit key and a stable fallback key [0.17ms]
(pass) durable thread receipts > persists prepared before side effect and replays one committed result [2.86ms]
(pass) durable thread receipts > reports conflicts and in-progress duplicates [2.20ms]
(pass) durable thread receipts > turns a prepared receipt into uncertain after a restart and never retries [2.47ms]
(pass) durable thread receipts > execute leaves a prepared receipt when the crash hook fires after native accept [2.10ms]
(pass) durable thread receipts > degrades to uncertain when the side effect throws and never retries it [2.26ms]
(pass) durable thread receipts > records the failing side effect note on the durable uncertain receipt [2.38ms]
(pass) durable thread receipts > retains receipts for thirty days and expires older records [2.31ms]

packages/omo-senpi/src/components/thread/addressing.test.ts:
(pass) resolveTarget exact ladder > #given a durable thread_id #when resolved in the caller's workspace #then it wins immediately as an id resolution [22.18ms]
(pass) resolveTarget exact ladder > #given an id that also equals another thread's name #when resolved #then the id hit wins, never the name [21.26ms]
(pass) resolveTarget exact ladder > #given a unique name differing only by case, surrounding space, and internal whitespace #when resolved #then normalization matches it as a name resolution [20.27ms]
(pass) resolveTarget exact ladder > #given two visible threads sharing a normalized name #when resolved #then ambiguous_target returns both candidates and never picks one [20.56ms]
(pass) resolveTarget exact ladder > #given an ambiguous_target candidate #when inspected #then it is ThreadCandidate-shaped with all six fields [21.81ms]
(pass) resolveTarget exact ladder > #given twelve visible threads sharing a name #when resolved #then ambiguous_target caps the candidate list at the ten most recently updated [21.07ms]
(pass) resolveTarget exact ladder > #given a name that only a thread outside the default scope carries #when resolved #then the answer is not_found because scope_denied is reserved for id hits [40.09ms]
(pass) resolveTarget exact ladder > #given no entries at all #when an address is resolved #then it is not_found, never a throw [0.14ms]
(pass) resolveTarget workspace scope > #given an exact id hit outside the caller's workspace #when resolved without all_scope #then it returns scope_denied and never degrades to not_found [40.59ms]
(pass) resolveTarget workspace scope > #given all_scope true #when the same out-of-workspace id and name are resolved #then both widen to the daemon-wide scope [0.15ms]
(pass) resolveTarget workspace scope > #given all_scope true without any caller root #when an address is resolved #then the widened scope alone makes every entry visible [0.09ms]
(pass) resolveTarget workspace scope > #given no caller workspace root and no all_scope #when an address is resolved #then the call reports caller_context_missing as data [0.11ms]
(pass) resolveTarget workspace scope > #given a git repository where the entry cwd is a subdirectory of the caller root #when resolved #then the canonical git root makes them one workspace even though the paths differ [72.29ms]
(pass) resolveTarget workspace scope > #given two different git repositories #when an id hit lives in the other repo #then it is out of scope [104.08ms]
(pass) resolveTarget workspace scope > #given a symlinked cwd for a directory that is not a git work tree #when scope is computed #then realpath equality, not raw-path equality, decides visibility [108.11ms]
(pass) resolveTarget malformed input > #given an empty string target #when resolved #then it is invalid_arguments data, never a throw [0.21ms]
(pass) resolveTarget malformed input > #given a whitespace-only target, including NFKC-folded spaces #when resolved #then it is invalid_arguments [0.20ms]
(pass) resolveTarget malformed input > #given a target with embedded control characters #when resolved #then it is invalid_arguments and never matches anything [0.10ms]
(pass) NFKC name normalization > #given a composed name and a decomposed target #when resolved #then NFKC composition makes them one name [23.63ms]
(pass) NFKC name normalization > #given a fullwidth latin target and an ascii name #when resolved #then NFKC compatibility folding matches them [21.83ms]
(pass) NFKC name normalization > #given a composed name and a decomposed duplicate #when resolved #then NFKC also unifies the ambiguity path [20.42ms]
(pass) NFKC name normalization > #given normalizeThreadName #when composed, spaced, and cased input arrives #then it NFKC-normalizes, trims, lowercases, and collapses whitespace [0.12ms]
(pass) fuzzyMatch trigram dice > #given a top score of 0.75 with a 0.10 margin #when fuzzy-matched #then the leader is accepted with its score and basis [0.21ms]
(pass) fuzzyMatch trigram dice > #given a best score of 0.70, under the 0.72 floor #when fuzzy-matched #then it is rejected as not_found [0.11ms]
(pass) fuzzyMatch trigram dice > #given a leader at 0.80 with a runner-up at 0.75, a 0.05 margin under the 0.08 bar #when fuzzy-matched #then it is ambiguous_target with both candidates [0.12ms]
(pass) fuzzyMatch trigram dice > #given a preview that matches the query exactly while the name does not #when fuzzy-matched #then the preview term accepts at its 0.85 weight [0.13ms]
(pass) fuzzyMatch trigram dice > #given only a cwd basename equal to the query #when fuzzy-matched #then the 0.70 weighted term stays under the 0.72 floor and cannot accept alone [0.10ms]
(pass) fuzzyMatch trigram dice > #given a query of exactly three normalized characters #when fuzzy-matched against an identical name #then it still accepts at score 1 [0.11ms]
(pass) fuzzyMatch trigram dice > #given queries shorter than three normalized characters #when fuzzy-matched #then they are rejected as invalid_arguments data [0.17ms]
(pass) fuzzyMatch trigram dice > #given a query with control characters #when fuzzy-matched #then it is invalid_arguments, never a throw [0.10ms]
(pass) fuzzyMatch trigram dice > #given no entries #when fuzzy-matched #then it is not_found, never a throw [0.10ms]
(pass) fuzzyMatch scan cap > #given 501 candidate threads #when fuzzy-matched #then the scan cap returns an ambiguous_target narrowing error before any scoring [0.22ms]
(pass) fuzzyMatch scan cap > #given exactly 500 candidate threads #when fuzzy-matched #then the boundary scans and still resolves a clear leader [1.54ms]
(pass) checkNameConflict > #given a name no visible thread uses #when checked #then it is ok [0.12ms]
(pass) checkNameConflict > #given a name colliding after normalization #when checked #then it returns name_conflict data with the conflicting candidate, never an auto-suffix [0.11ms]
(pass) checkNameConflict > #given a decomposed name colliding with a composed stored name #when checked #then NFKC unifies them into a name_conflict [0.10ms]
(pass) checkNameConflict > #given an empty, whitespace-only, or control-character name #when checked #then it is invalid_arguments, never ok [0.10ms]
(pass) checkNameConflict > #given an empty entry list #when a name is checked #then any well-formed name is ok [0.09ms]
(pass) error recovery wording (R7) > #given every error this module can return #when inspected #then each next_action names thread_list [84.65ms]

packages/omo-senpi/src/components/thread/mailbox.test.ts:
(pass) ordered delivery mailbox > serializes concurrent sends and returns monotonic sequence order [4.44ms]
(pass) ordered delivery mailbox > requires an active expected turn for steer and reports a stale turn without delivery [1.93ms]
(pass) ordered delivery mailbox > retains retryable host pushback on disk and redelivers in order when the host accepts [59.04ms]
(pass) ordered delivery mailbox > settles behind-queue sends as queued and drains via the armed retry timer once the turn ends [3.35ms]
(pass) ordered delivery mailbox > does not wedge a follow_up accept when the turn settles between pump's and accept's snapshot reads [52.62ms]
(pass) ordered delivery mailbox > does not wedge a follow_up accept when the port's snapshot read rejects once then recovers [54.51ms]
(pass) ordered delivery mailbox > returns message_too_large for one message over the byte budget [0.55ms]
(pass) ordered delivery mailbox > persists pending messages and enforces count and byte caps [54.66ms]

packages/omo-senpi/src/components/thread/discovery.test.ts:
(pass) thread tool discovery through the real tool-search service > bare names leave thread_send unranked for a message query [0.89ms]
(pass) thread tool discovery through the real tool-search service > each intent phrase ranks its intended tool first [3.00ms]
(pass) thread tool discovery through the real tool-search service > a spawn-worker query ranks the task competitor above every thread tool [0.41ms]
(pass) thread tool discovery through the real tool-search service > no keyword string repeats across the family [0.10ms]
(pass) thread tool discovery through the real tool-search service > every tool carries 4 to 6 keywords [0.10ms]
(pass) thread tool discovery through the real tool-search service > the family policy lives in exactly one guidelines entry [0.11ms]
(pass) thread tool discovery through the real tool-search service > indexed text contains no negated-use wording [0.16ms]
(pass) thread family metadata shape > the family carries nine entries with unique names [0.12ms]
(pass) thread family metadata shape > every label leads with its verb, pinned literally [0.09ms]
(pass) thread family metadata shape > every entry is search-exposed and lazily activatable [0.09ms]

packages/omo-senpi/src/components/thread/address-book.test.ts:
(pass) assembleAddressBook > merges live sessions from two reachable hosts [0.24ms]
(pass) assembleAddressBook > a killed host flips its disk-backed session to resumable with the same durable id while another stays live [0.15ms]
(pass) assembleAddressBook > distinguishes host error, explicit down, and an empty reachable list without throwing [0.11ms]
(pass) assembleAddressBook > includes disk-only sessions, live wins duplicates, and absent names remain null [0.12ms]
(pass) assembleAddressBook > sorts newest updated_at first and durable id ascending for ties [0.10ms]
(pass) scanDiskSessions > scans encoded cwd directories and derives durable metadata from JSONL [1.02ms]

packages/omo-senpi/src/components/thread/reader.test.ts:
(pass) readTranscript tail mode > returns the last N entries in file order and marks the jsonl source [0.85ms]
(pass) readTranscript tail mode > defaults to the last 60 items and never exceeds the 200 cap [1.93ms]
(pass) readTranscript tail mode > a tail shorter than the transcript is not a truncation of the byte budget [0.36ms]
(pass) readTranscript status mode > reports metadata without returning items [0.32ms]
(pass) readTranscript page mode > walks every item exactly once across cursor-driven pages [1.15ms]
(pass) readTranscript page mode > a page starting past the end returns zero items and no cursor [0.63ms]
(pass) readTranscript byte budget > truncates at the budget and the next_cursor resumes exactly after the cut item [1.09ms]
(pass) readTranscript byte budget > defaults to the 128 KiB budget and rejects a request above the 1 MiB hard cap [0.50ms]
(pass) readTranscript byte budget > a single item larger than the budget is still returned so a page always advances [0.46ms]
(pass) readTranscript byte budget > the 1 MiB hard cap bounds a transcript far larger than the cap [6.89ms]
(pass) readTranscript empty and missing sources > an empty, unflushed session file reads as an empty result, not an error [0.45ms]
(pass) readTranscript empty and missing sources > a header-only session file reads as one item [0.38ms]
(pass) readTranscript empty and missing sources > a missing file is not_found with recovery guidance [0.32ms]
(pass) readTranscript cursor handling > a malformed cursor string is cursor_invalid, never a throw [0.69ms]
(pass) readTranscript cursor handling > a cursor whose revision moved is cursor_stale (file appended under it) [0.63ms]
(pass) readTranscript cursor handling > a cursor into a file truncated underneath it is cursor_stale [0.77ms]
(pass) readTranscript cursor handling > a middle-entry rewrite with the same count and final entry is cursor_stale [0.62ms]
(pass) readTranscript cursor handling > an unchanged file keeps the cursor valid across repeated reads [0.63ms]
(pass) readTranscript malformed input tolerance > malformed JSONL lines are skipped and counted, never crash the read [0.36ms]
(pass) readTranscript malformed input tolerance > a non-object JSON line is skipped like a malformed one [0.31ms]
(pass) readTranscript malformed input tolerance > non-UTF8 bytes in the file do not crash the read [0.31ms]
(pass) readTranscript argument validation > a negative, zero, fractional, or huge tail_items is invalid_arguments [0.29ms]
(pass) readTranscript argument validation > a non-positive or fractional max_bytes is invalid_arguments [0.26ms]
(pass) readTranscript argument validation > an unknown mode is invalid_arguments [0.25ms]
(pass) readTranscript source reporting > a live host source answers as live_host and is never source_incomplete [0.11ms]
(pass) readTranscript source reporting > a live provider that yields nothing is an empty result, not an error [0.10ms]
(pass) readTranscript source reporting > the jsonl path reports source_incomplete when no live host holds the session [0.32ms]
(pass) readTranscript source reporting > live and jsonl sources over the same entries return identical items [0.31ms]
(pass) readTranscript source reporting > items are the raw JSONL entry objects, not restyled [0.28ms]

packages/omo-senpi/src/components/thread/tools.test.ts:
(pass) thread tool registration > registers exactly the nine contract tools with search metadata [1.09ms]
(pass) thread tool registration > #given live threads in two workspaces #when thread_list runs in the default scope #then only the caller's workspace is listed and all_scope widens it [85.92ms]
(pass) thread tool registration > unknown targets return the typed not_found result [25.07ms]
(pass) thread session controls > rename trims the name and routes by the live id while returning the durable id [42.25ms]
(pass) thread session controls > rename rejects another visible thread's trimmed case-insensitive name [46.75ms]
(pass) thread session controls > rename allows keeping its own name [46.53ms]
(pass) thread session controls > rename rejects whitespace-only names without a host mutation [24.25ms]
(pass) thread session controls > rename conflict checks only visible threads unless all_scope widens visibility [65.78ms]
(pass) thread session controls > set_model resolves a unique id or display-name pattern GPT-X [25.14ms]
(pass) thread session controls > set_model resolves a unique id or display-name pattern gPt X [22.71ms]
(pass) thread session controls > set_model reports no match with at most twenty available provider/id values [23.52ms]
(pass) thread session controls > set_model reports two matches as ambiguous rather than choosing the first [23.54ms]
(pass) thread session controls > set_model ambiguity details contain at most ten candidates [31.14ms]
(pass) thread session controls > set_model gives exact reference openai/gpt-x priority over fragments [23.14ms]
(pass) thread session controls > set_model gives exact reference gpt-x priority over fragments [21.85ms]
(pass) thread session controls > set_model provider narrows a fragment shared across providers [23.38ms]
(pass) thread session controls > set_model refuses a cross-workspace id until all_scope is supplied [48.30ms]
(pass) thread session controls > set_reasoning passes and echoes scope %s [25.72ms]
(pass) thread session controls > set_reasoning passes and echoes scope session [24.05ms]
(pass) thread session controls > set_reasoning passes and echoes scope turn [24.60ms]
(pass) thread session controls > set_reasoning classifies unsupported levels with the host's supported list and replays the rejection [24.72ms]
(pass) thread session controls > unclassified reasoning failures remain internal_error data [22.59ms]
(pass) thread session controls > thread_rename resolves self from the fifth-argument caller durable id [43.02ms]
(pass) thread session controls > thread_set_model resolves self from the fifth-argument caller durable id [22.03ms]
(pass) thread session controls > thread_set_reasoning resolves self from the fifth-argument caller durable id [22.80ms]
(pass) thread session controls > thread_read resolves self from the fifth-argument caller durable id [23.12ms]
(pass) thread session controls > thread_send resolves self from the fifth-argument caller durable id [22.95ms]
(pass) thread session controls > thread_interrupt resolves self from the fifth-argument caller durable id [26.48ms]
(pass) thread session controls > thread_handoff resolves self from the fifth-argument caller durable id [43.67ms]
(pass) thread session controls > self without a known caller fails closed instead of matching a thread named self [2.49ms]
(pass) thread session controls > self uses the callerSessionId fallback when no execution context is supplied [48.38ms]
(pass) thread session controls > the unknown-caller placeholder is an absent identity, not an addressable id [2.09ms]
(pass) thread session controls > thread_rename receipts replay for one caller but remain isolated between execution contexts [86.17ms]
(pass) thread session controls > thread_set_model receipts replay for one caller but remain isolated between execution contexts [45.13ms]
(pass) thread session controls > thread_set_reasoning receipts replay for one caller but remain isolated between execution contexts [49.20ms]
(pass) thread session controls > fuzzy handoff excludes the caller even when its own name is the strongest match [24.07ms]
(pass) thread session controls > fuzzy handoff cannot select the caller when it is the only candidate [2.27ms]
(pass) thread session controls > thread_list returns host failures as data rather than rejecting [2.12ms]

packages/omo-senpi/src/components/thread/addressing.windows-console.test.ts:
(pass) thread addressing win32 console suppression > #given a workspace scope check that resolves the git worktree root > #when git is invoked > #then node:child_process receives windowsHide: true [1.47ms]

packages/omo-senpi/src/components/thread/component.test.ts:
(pass) thread component production registration > registers all nine tools when a test host is supplied [0.62ms]
(pass) thread component production registration > registers the family regardless of the context flag [0.15ms]
(pass) thread component production registration > registers all nine tools when a test host is supplied and no host flag exists [0.12ms]

packages/omo-senpi/src/components/thread/contracts.test.ts:
(pass) thread tool param schemas > #given the nine thread tools #when the family is inspected #then every verb token is unique behind the shared thread_ prefix (R1) [0.25ms]
(pass) thread tool param schemas > #given a valid sample per tool #when parsed #then every schema accepts it and returns the value unchanged [0.52ms]
(pass) thread tool param schemas > #given an explicit steer send #when parsed #then it needs no auto-only fields and validates [0.14ms]
(pass) thread tool param schemas > #given the delivery mode field #when inspected #then it is a three-state enum, not a boolean (R6) [0.10ms]
(pass) thread_rename params > #given a thread and a new label #when parsed #then the payload validates [0.12ms]
(pass) thread_rename params > #given a rename payload missing name #when parsed #then it returns invalid_arguments as data [0.56ms]
(pass) thread_set_model params > #given a thread and a bare model id #when parsed #then the payload validates [0.11ms]
(pass) thread_set_model params > #given a model fragment plus a provider #when parsed #then the payload validates [0.11ms]
(pass) thread_set_model params > #given a set_model payload missing model #when parsed #then it returns invalid_arguments as data [0.15ms]
(pass) thread_set_reasoning params > #given a thread and a thinking level #when parsed #then the payload validates [0.12ms]
(pass) thread_set_reasoning params > #given a level scoped to the current turn #when parsed #then the payload validates [0.12ms]
(pass) thread_set_reasoning params > #given an off-catalog level #when parsed #then it returns invalid_arguments as data [0.24ms]
(pass) thread_set_reasoning params > #given an off-catalog scope #when parsed #then it returns invalid_arguments as data [0.20ms]
(pass) thread_set_reasoning params > #given the level field #when inspected #then it is exactly the seven wire thinking levels [0.10ms]
(pass) parseThreadParams data-error contract > #given a thread_send payload missing thread #when parsed #then it returns a DATA error object, never a throw [0.17ms]
(pass) parseThreadParams data-error contract > #given a deeply malformed thread_send payload #when parsed #then it still returns the same DATA error code [0.16ms]
(pass) parseThreadParams data-error contract > #given a wrongly typed thread_create payload #when parsed #then it returns a DATA error [0.13ms]
(pass) thread error taxonomy > #given the taxonomy #when inspected #then it is exactly the spec's code list with no duplicates [0.11ms]
(pass) thread error taxonomy > #given every taxonomy code #when a failure is constructed #then it is a ThreadToolFailure carrying the code and the next action [0.12ms]
(pass) thread error taxonomy > #given an off-taxonomy code #when constructed #when guarded #then the guard rejects it and the factory refuses it [0.49ms]
(pass) schema wording lint (R3) > #given every description string in every schema #when scanned #then none contains a negated-use phrase [16.59ms]

packages/omo-senpi/src/components/agent-home/resolve-agent-home.test.ts:
(pass) resolveAgentHome > #given an explicitly configured agent directory > #when several prefixes are set > #then the branded name wins over the legacy names [0.30ms]
(pass) resolveAgentHome > #given an explicitly configured agent directory > #when several prefixes are set > #then each legacy name still works on its own [0.12ms]
(pass) resolveAgentHome > #given an explicitly configured agent directory > #when several prefixes are set > #then a blank value is ignored [0.11ms]
(pass) resolveAgentHome > #given no configured directory > #when the branded home holds engine state > #then the flat branded home is used [0.13ms]
(pass) resolveAgentHome > #given no configured directory > #when only the engine layout exists > #then the legacy agent directory is used [0.10ms]
(pass) resolveAgentHome > #given the canonical branded agent directory holds engine state > #when no directory is configured > #then it wins over the legacy flat home [0.10ms]

packages/omo-senpi/src/components/onboarding/state.test.ts:
(pass) claimOnboarding > #given a fresh state dir #when claiming onboarding #then it succeeds and writes the marker [0.68ms]
(pass) claimOnboarding > #given an already-claimed state dir #when claiming again #then it returns false [0.80ms]
(pass) claimOnboarding > #given a corrupted marker file #when checking isOnboardingComplete #then it still returns true (existence-only) [0.69ms]
(pass) claimOnboarding > #given two concurrent child processes #when both call claimOnboarding after release #then exactly one wins [29.77ms]
(pass) claimOnboarding > #given a child waiting on IPC #when test cleanup stops it #then the exit is observed [18.62ms]
(pass) getOnboardingMarkerMtime > #given a missing marker file #when getting mtime #then it returns null [0.35ms]
(pass) getOnboardingMarkerMtime > #given an existing marker file #when getting mtime #then it returns a number [0.66ms]
(pass) writeGlobalDecline / isGloballyDeclined > #given a fresh state dir #when writing global decline #then it is globally declined [0.59ms]
(pass) writeProjectDecline / isProjectDeclined > #given a fresh state dir and repoHash #when writing project decline #then it is project declined for that hash [0.69ms]
(pass) writeProjectDecline / isProjectDeclined > #given a project decline for one repo #when checking a different repo #then it is not declined [0.60ms]
(pass) writeCooldown / isCoolingDown > #given a cooldown written for a repo #when checking within the cooldown period #then it is cooling down [0.59ms]
(pass) writeCooldown / isCoolingDown > #given a cooldown written for a repo #when checking after the cooldown period #then it is not cooling down [0.55ms]
(pass) writeCooldown / isCoolingDown > #given no cooldown file #when checking #then it returns false [0.31ms]
(pass) writeCooldown / isCoolingDown > #given a corrupted cooldown file #when checking #then it returns false [0.76ms]
(pass) writeCooldown / isCoolingDown > #given a cooldown file with non-number until #when checking #then it returns false [0.74ms]
(pass) writeCooldown / isCoolingDown > #given a cooldown file with extra fields #when checking #then it still works (extra fields accepted) [0.68ms]

packages/omo-senpi/src/components/onboarding/component.test.ts:
(pass) createOnboardingComponent > #given a startup session #when session_start fires #then onboarding is claimed before bootstrap injection [0.43ms]
(pass) createOnboardingComponent > #given reason new #when session_start fires #then onboarding is not injected [0.13ms]
(pass) createOnboardingComponent > #given reason reload #when session_start fires #then onboarding is not injected [0.13ms]
(pass) createOnboardingComponent > #given reason resume #when session_start fires #then onboarding is not injected [0.14ms]
(pass) createOnboardingComponent > #given reason fork #when session_start fires #then onboarding is not injected [0.15ms]
(pass) createOnboardingComponent > #given the onboarding component is disabled #when startup fires #then onboarding is not injected [0.45ms]
(pass) createOnboardingComponent > #given force onboarding and an existing marker #when startup fires twice #then force injects only once per process [0.17ms]
(pass) createOnboardingComponent > #given a headless session #when startup fires #then onboarding is neither claimed nor injected [0.12ms]
(pass) createOnboardingComponent > #given a headless session with force #when startup fires #then onboarding is still not injected [0.11ms]
(pass) createOnboardingComponent > #given an existing marker without force #when startup fires #then claim blocks onboarding injection [0.12ms]

packages/omo-senpi/src/components/todo-fanout-reminder/index.test.ts:
(pass) omo-senpi todo-fanout-reminder component > #given an ultrawork-armed session #when the first todo init result arrives #then exactly one system-reminder is appended with the fan-out decision and todo-freshness directives [0.35ms]
(pass) omo-senpi todo-fanout-reminder component > #given an armed session already reminded #when more todo results arrive #then no duplicate reminder is appended [0.16ms]
(pass) omo-senpi todo-fanout-reminder component > #given a session without ultrawork armed #when the first todo init result arrives #then no reminder is appended [0.13ms]
(pass) omo-senpi todo-fanout-reminder component > #given an armed session #when the todo result is an error #then no reminder is appended [0.12ms]
(pass) omo-senpi todo-fanout-reminder component > #given an armed session #when a non-todo tool result arrives #then no reminder is appended [0.11ms]
(pass) omo-senpi todo-fanout-reminder component > #given an armed session whose first todo op only views #when a task-adding op follows #then the reminder fires on the adding op [0.11ms]
(pass) omo-senpi todo-fanout-reminder component > #given a reminded session #when an accepted compaction arrives #then the gate resets and a later task-adding op reminds again [0.13ms]
(pass) omo-senpi todo-fanout-reminder component > #given a reminded session #when the session shuts down #then the gate is cleared [0.13ms]
(pass) omo-senpi todo-fanout-reminder component > #given a host exposing no session id #when todo results arrive #then the reminder fires once on the anonymous slot [0.11ms]
(pass) omo-senpi todo-fanout-reminder component > #given the component disabled flag #when an armed session adds todos #then no reminder is appended [0.24ms]

packages/omo-senpi/src/components/memory/palace/people.test.ts:
(pass) palace people graph > #given committed people cards #when the graph is collected #then nodes carry slug, name and kind from card frontmatter [849.48ms]
(pass) palace people graph > #given RELATIONSHIP card lines #when the graph is collected #then edges match those lines and resolve to known slugs [776.52ms]
(pass) palace people graph > #given a card line that is not a RELATIONSHIP #when the graph is collected #then it produces no edge [888.88ms]
(pass) palace people graph > #given an uncommitted people card #when the graph is collected #then the node is labelled as absent from the system prompt [1071.08ms]
(pass) palace people graph > #given a repo without a people directory #when the graph is collected #then only the primary human node is present and no edges are derived [754.60ms]
(pass) palace people graph > #given people.enabled false #when the graph is collected #then no people section is produced [731.21ms]
(pass) palace people graph > #given a card whose entry exceeds the configured limit #when the graph is collected #then the diagnostic is surfaced with its card path [866.30ms]
(pass) palace people graph > #given people.enabled true #when the palace is generated #then the inline payload carries the derived graph [1324.30ms]
(pass) palace people graph > #given people.enabled false #when the palace is generated #then the panel and its tab are absent [1389.02ms]
(pass) palace people graph > #given a people card carrying a script-breakout payload #when the palace is generated #then the raw payload never reaches the document [1063.07ms]

packages/omo-senpi/src/components/memory/palace/command.test.ts:
(pass) palace command > #given a bound identity #when the palace command is registered #then it exposes a description and handler [0.27ms]
(pass) palace command > #given darwin without remote-session env #when /palace runs #then the generated file is opened with open [1406.53ms]
(pass) palace command > #given linux and win32 hosts #when /palace runs #then the platform opener is used [2112.28ms]
(pass) palace command > #given a tmux or ssh session #when /palace runs #then the path is printed instead of opened [2277.16ms]
(pass) palace command > #given a headless context #when /palace runs #then the path is returned as command output text [1090.55ms]
(pass) palace command > #given no bound memory identity #when /palace runs #then it reports the unbound state without generating a file [0.24ms]

packages/omo-senpi/src/components/memory/palace/collectors.test.ts:
(pass) collectors preserves the established palace collector exports [0.28ms]

packages/omo-senpi/src/components/memory/palace/entry-collector.test.ts:
(pass) palace entry collector > #given a committed memory repo #when core entries are collected #then system files carry projection paths and bodies [1328.26ms]
(pass) palace entry collector > #given committed binary and text assets #when external entries are collected #then binaries report size only and never content [1391.80ms]
(pass) palace entry collector > #given a dirty working tree #when core entries are collected #then uncommitted files are labelled as absent from the system prompt [1062.85ms]

packages/omo-senpi/src/components/memory/palace/history-collector.test.ts:
(pass) palace history collector > #given reflection and ordinary commits #when history is collected #then reflection commits are tagged and caps are declared [1320.73ms]
(pass) palace history collector > #given merge and chore reflection subjects #when matched against the reflection pattern #then only reflection-scoped commits match [0.16ms]

packages/omo-senpi/src/components/memory/palace/reflection-collector.test.ts:
(pass) palace reflection collector > #given journal state and completion records #when reflection data is collected #then cursor state and recent outcomes are returned newest first [1032.49ms]
(pass) palace reflection collector > #given more completion records than the limit #when reflection data is collected #then only the newest N are kept [746.27ms]

packages/omo-senpi/src/components/memory/palace/generator.test.ts:
(pass) palace generator machine gate > #given a fixture memory repo #when the palace is generated #then inline data pins the persona entry, HEAD sha and identity metadata [864.98ms]
(pass) palace generator machine gate > #given the default people gate #when the palace markup is parsed #then every tab has a matching panel [910.56ms]
(pass) palace generator machine gate > #given people collection disabled #when the palace markup is parsed #then only the four always-on tabs remain [1024.00ms]
(pass) palace generator machine gate > #given the viewers runtime directory #when the palace is written #then the file is 0600 inside a 0700 directory [1001.22ms]
(pass) palace generator machine gate > #given memory content carrying a script-breakout payload #when the palace is generated #then the raw payload never appears and the escaped form does [2023.11ms]
(pass) palace generator machine gate > #given line-separator characters in memory content #when the palace is generated #then U+2028 and U+2029 are escaped in the inline payload [1895.46ms]
(pass) palace generator machine gate > #given a self-contained requirement #when the palace html is inspected #then it references no external fonts or CDNs [816.03ms]
(pass) palace generator machine gate > #given a committed binary asset #when the palace is generated #then the external tab lists name and size but no binary body [781.59ms]

packages/omo-senpi/src/components/memory/kibitzer/observability.test.ts:
(pass) kibitzer observability contract > #given accepted nudges #when steer wake and prompt deliver #then each trace records its via [14.64ms]

packages/omo-senpi/src/components/memory/kibitzer/index.test.ts:
(pass) kibitzerSidecarSessionDir > #given distinct parent session ids #when their sidecar directories are derived #then each is URL-safe base64 of the id, unpadded, under recall/sidecars [0.46ms]
(pass) createKibitzerComposition > #given two main sessions bound to one identity #when their hooks fire #then each session owns exactly one resident sidecar and the identity owns none [22.86ms]
(pass) createKibitzerComposition > #given recall disabled or an unbound session #when hooks fire #then no sidecar is created and nothing is collected [1.16ms]
(pass) createKibitzerComposition > #given a host that disposes the ctx when each handler returns (disposed context) #when prompt, tool_call and tool_result fire #then every event was captured synchronously and the seed carries all of them [6.47ms]
(pass) createKibitzerComposition > #given a resident child that nudges #when its turn settles #then the nudge is ledger-marked, steered into the running turn once, and the accepted cooldown parks the third wake [17.98ms]
(pass) createKibitzerComposition > #given a running wake holding the machine slot #when the session shuts down (shutdown no recreation) #then the child is aborted and disposed, the lease is released, and a racing offer starts nothing [13.28ms]

packages/omo-senpi/src/components/memory/kibitzer/events.test.ts:
(pass) createKibitzerEventStream > #given a before_agent_start payload #when captured #then the last assistant text and the prompt carry the branch cursor [0.34ms]
(pass) createKibitzerEventStream > #given texts beyond every cap #when captured #then each body is exactly its cap and flagged truncated [0.36ms]
(pass) createKibitzerEventStream > #given configured caps #when captured #then the configured values win over the defaults [0.12ms]
(pass) createKibitzerEventStream > #given an eval call with a summary and 90KB of code #when captured #then the body is the summary and the code never appears [0.14ms]
(pass) createKibitzerEventStream > #given an eval call without a summary #when captured #then only a bounded head of the code is stored [0.72ms]
(pass) createKibitzerEventStream > #given two tool calls from one assistant message #when captured #then the assistant text is emitted once, before the first call [0.22ms]
(pass) createKibitzerEventStream > #given a new assistant message after the previous one #when captured #then the new text is emitted with its cursor [0.13ms]
(pass) createKibitzerEventStream > #given a memory-owned hidden assistant message #when captured #then it is not treated as assistant text [0.12ms]
(pass) createKibitzerEventStream > #given two events 50 ms apart #when captured #then both survive in arrival order with ascending seq and cursor [0.18ms]
(pass) createKibitzerEventStream > #given events with identical timestamps and cursors #when captured #then none are coalesced [0.14ms]
(pass) createKibitzerEventStream > #given more than 20 events #when captured #then the newest 20 stay and the older ones fold into a one-line digest with the cursor range [1.45ms]
(pass) createKibitzerEventStream > #given many folded events with cap-sized bodies #when the digest renders #then it stays within 1024 characters and keeps both cursors [5.97ms]
(pass) createKibitzerEventStream > #given a drained stream #when new events arrive #then the batch restarts while seq and the last cursor continue [0.22ms]
(pass) createKibitzerEventStream > #given an empty stream #when inspected #then there is no cursor, no digest and an empty render [0.11ms]
(pass) createKibitzerEventStream > #given a batch with a digest and events #when rendered #then boundaries are escaped and cursor order is kept [0.48ms]
(pass) createKibitzerEventStream > #given a truncated event #when rendered #then the element carries the truncated flag [0.14ms]
(pass) createKibitzerEventStream > #given a malformed payload (undefined prompt payload) #when captured #then nothing is recorded and nothing throws [0.11ms]
(pass) createKibitzerEventStream > #given a malformed payload (numeric prompt payload) #when captured #then nothing is recorded and nothing throws [0.09ms]
(pass) createKibitzerEventStream > #given a malformed payload (prompt payload without prompt text) #when captured #then nothing is recorded and nothing throws [0.10ms]
(pass) createKibitzerEventStream > #given a malformed payload (null tool call) #when captured #then nothing is recorded and nothing throws [0.09ms]
(pass) createKibitzerEventStream > #given a malformed payload (tool call without toolName) #when captured #then nothing is recorded and nothing throws [0.08ms]
(pass) createKibitzerEventStream > #given a malformed payload (tool call with numeric toolName) #when captured #then nothing is recorded and nothing throws [0.09ms]
(pass) createKibitzerEventStream > #given a malformed payload (tool call with array input) #when captured #then nothing is recorded and nothing throws [0.10ms]
(pass) createKibitzerEventStream > #given a malformed payload (string tool result) #when captured #then nothing is recorded and nothing throws [0.10ms]
(pass) createKibitzerEventStream > #given a malformed payload (tool result with array toolName) #when captured #then nothing is recorded and nothing throws [0.08ms]
(pass) createKibitzerEventStream > #given a payload whose getter throws #when captured #then the stream warns, returns false and stays empty [0.15ms]
(pass) createKibitzerEventStream > #given tool input that JSON cannot serialize #when captured #then the call is still recorded with a placeholder body [0.14ms]
(pass) createKibitzerEventStream > #given a branch that is not an array #when captured #then the event is kept with the last known cursor [2.44ms]
(pass) createKibitzerEventStream > #given a tool result with only an image #when captured #then the body names the image instead of dropping the event [0.17ms]
(pass) createKibitzerEventStream > #given a stream of mixed events #when serialized #then every event is plain JSON with the documented fields [0.19ms]

packages/omo-senpi/src/components/memory/kibitzer/judge-outcome.test.ts:
(pass) classifyJudgeTurn > #given a completed runner outcome #when classified #then the judge turn is completed [0.57ms]
(pass) classifyJudgeTurn > #given the engine's empty-response-twice error after an accepted nudge #when classified #then the judge turn is completed, not failed [0.33ms]
(pass) classifyJudgeTurn > #given the engine's empty-response-twice error with no accepted nudge #when classified #then the judge turn is empty, not failed [0.12ms]
(pass) classifyJudgeTurn > #given a different settled error after an accepted nudge #when classified #then the judge turn still fails [0.16ms]
(pass) classifyJudgeTurn > #given an error outcome with a multi-line provider message #when classified #then failed/child_failed carries the single-line normalized reason [2.01ms]
(pass) classifyJudgeTurn > #given an error outcome whose message is upstream-shaped #when classified #then failed/child_failed_upstream carries the sanitized reason [0.25ms]
(pass) classifyJudgeTurn > #given a cancelled outcome #when classified #then the judge turn is dropped as cancelled [0.64ms]
(pass) classifyJudgeTurn > #given a 500-character message #when normalized #then it is capped at 160 characters ending with an ellipsis [0.13ms]
(pass) classifyJudgeTurn > #given a message containing an Authorization bearer token #when normalized #then the reason is redacted [0.10ms]
(pass) classifyJudgeTurn > #given control characters and CRLF #when normalized #then they are removed [0.10ms]
(pass) classifyJudgeTurn > #given an empty or whitespace message #when normalized #then the reason is undefined [0.09ms]

packages/omo-senpi/src/components/memory/kibitzer/wake-slot.test.ts:
(pass) createKibitzerWakeSlot > #given the production defaults #when a slot is built from config #then the wait is bounded and the poll is a delay, never a spin [3.12ms]
(pass) createKibitzerWakeSlot > #given ten sessions contending for two slots #when leases are released one at a time #then admission is FIFO and never more than two wakes are live [191.97ms]
(pass) createKibitzerWakeSlot > #given both slots held #when a wake waits its whole budget #then it is reported busy with the time it waited, leaves no ticket, and a released slot admits it [318.98ms]
(pass) createKibitzerWakeSlot > #given a wake parked behind two live holders #when the session shuts down #then the wait ends as aborted without a ticket left behind [5.42ms]
(pass) createKibitzerWakeSlot > #given a dead owner on the lease #when a wake arrives #then the slot is reclaimed only on the pid/start proof, and a live owner is never stolen [635.38ms]
(pass) createKibitzerWakeSlot > #given a lease #when it is released twice #then the second release reports nothing to release [4.59ms]

packages/omo-senpi/src/components/memory/kibitzer/observe.test.ts:
(pass) kibitzer sidecar directory identity > #given parent session ids that differ only by characters base64url encodes differently (distinct session directory) #when their directories are derived #then every directory is distinct, path-safe and decodes back to its exact id [0.53ms]
(pass) kibitzer wake records > #given a resident child that nudges and reports provider usage #when its wake settles #then exactly one bounded ndjson record lands beside the child transcript, carrying cursors, model, status, tool calls, duration and usage [5.19ms]
(pass) kibitzer wake records > #given failure reasons carrying credentials, a stack frame and a local path #when the wakes are recorded #then the file holds one line per wake with every secret and frame redacted and every field bounded [4.57ms]
(pass) kibitzer diagnostic streak notice > #given three isolated failures each followed by a normal completion #when the wakes are observed #then no omo-kibitzer:gate notice is appended while every wake is still recorded [3.87ms]
(pass) kibitzer diagnostic streak notice > #given three consecutive diagnostic failures (three diagnostic) #when the third settles #then exactly one actionable gate notice is appended, a fourth failure adds nothing, and a normal completion or shutdown starts a fresh streak [7.38ms]
(pass) kibitzer sidecar retention > #given aged, live and fresh sidecar directories (live sidecar retention) #when the seven-day sweep runs #then only the idle unowned directory goes, a live child's directory and an active session's directory never do, and a leftover tombstone is cleared [24.82ms]
(pass) kibitzer sidecar retention > #given an identity with no sidecar directory yet #when a session is owned and shut down #then the sweep is a no-op and the wake record written under shutdown is durable before shutdown resolves [5.78ms]

packages/omo-senpi/src/components/memory/kibitzer/task-runtime.test.ts:
(pass) createTaskRuntimeLoader > #given a resolving import #when the loader is called twice #then the module is imported once and both calls share it [0.44ms]
(pass) createTaskRuntimeLoader > #given a rejecting import #when the loader is called again #then the failure is not cached and the import is retried [0.19ms]

packages/omo-senpi/src/components/memory/kibitzer/delivery-idle.test.ts:
(pass) kibitzer accept-time delivery > #given a running prompt session #when nudges are accepted #then one steer batches every nudge [4.56ms]
(pass) kibitzer accept-time delivery > #given a running session with a rejecting sender #when nudges are accepted #then it warns and preserves every fallback [11.20ms]
(pass) kibitzer accept-time delivery > #given a session without a prompt event #when nudges are accepted #then they stay queued without steering [12.12ms]
(pass) kibitzer accept-time delivery > #given a steer in flight #when another verdict is accepted #then the steering latch prevents a second send [6.60ms]
(pass) kibitzer accept-time delivery > #given a settled session after a prompt event #when a late verdict is accepted #then it stays queued [5.02ms]
(pass) kibitzer accept-time delivery > #given a compacted session after a prompt event #when a late verdict is accepted #then it stays queued [5.62ms]
(pass) kibitzer accept-time delivery > #given a shutdown session after a prompt event #when a late verdict is accepted #then it stays queued [3.92ms]
(pass) kibitzer delivery idle lifecycle > #given only a passive kibitzer entry #when idle flushes #then it does not deliver [38.00ms]
(pass) kibitzer delivery idle lifecycle > #given accepted nudges #when compaction is accepted #then state, coordinator, and pending file are cleared [25.69ms]
(pass) kibitzer delivery idle lifecycle > #given accepted nudges #when session shuts down #then only in-memory wake state is cleared [21.70ms]

packages/omo-senpi/src/components/memory/kibitzer/events-redaction.test.ts:
(pass) kibitzer event redaction > #given a 90KB eval and an API key in its result #when captured and folded #then it redacts 90KB eval and API key before storage [1.80ms]
(pass) kibitzer event redaction > #given a token that straddles the truncation boundary #when captured #then redaction happened before truncation [0.18ms]
(pass) kibitzer event redaction > #given a bare project key inside JSON tool input #when captured #then the memory-core mask removes it [0.21ms]
(pass) kibitzer event redaction > #given a prompt carrying a PEM block and an env-style key #when captured #then neither survives in the stored prompt [0.25ms]
(pass) kibitzer event redaction > #given the event redaction pipeline #when run over mixed material #then senpi and memory-core masks both apply [0.47ms]
(pass) kibitzer event redaction > #given the senpi core/sensitive-output module #when both redactors run over "OPENAI_API_KEY=sk-live-abc123 MY_SECRET=hunter2 SESSION_TOKEN=abc DB_PASSWORD=pw BASIC_AUTH=z" #then outputs are identical [0.14ms]
(pass) kibitzer event redaction > #given the senpi core/sensitive-output module #when both redactors run over "Authorization: Bearer eyJabc.def and authorization: bearer lower-case" #then outputs are identical [0.11ms]
(pass) kibitzer event redaction > #given the senpi core/sensitive-output module #when both redactors run over "Bearer sk-abcdef-ghi and Bearer notsk-abc" #then outputs are identical [0.15ms]
(pass) kibitzer event redaction > #given the senpi core/sensitive-output module #when both redactors run over "token ghp_ABCDEFGHIJKLMNOPQRSTUVWXYZ0123456789 pat github_pat_11ABCDEFG0123456789_abcdefghij short ghp_short" #then outputs are identical [0.25ms]
(pass) kibitzer event redaction > #given the senpi core/sensitive-output module #when both redactors run over "multi\nline OPENAI_API_KEY=first\nline two PASSWORD=second\n" #then outputs are identical [0.12ms]
(pass) kibitzer event redaction > #given the senpi core/sensitive-output module #when both redactors run over "" #then outputs are identical [0.23ms]
(pass) kibitzer event redaction > #given the senpi core/sensitive-output module #when both redactors run over "key=value lowercase_api_key=stays FOO_API_KEY=\"quoted\" FOO_API_KEY='single'" #then outputs are identical [0.12ms]
(pass) kibitzer event redaction > #given the senpi core/sensitive-output module #when both redactors run over "trailing punctuation ghp_ABCDEFGHIJKLMNOPQRSTUVWXYZ0123456789. and (github_pat_ABCDEFGHIJKLMNOPQRSTUV_x)" #then outputs are identical [0.10ms]

packages/omo-senpi/src/components/memory/kibitzer/hooks.test.ts:
(pass) registerKibitzerHooks > #given the four Kibitzer hooks #when a turn's events dispatch #then every capture runs synchronously on the live ctx, before delivery and before the host disposes it [0.42ms]
(pass) registerKibitzerHooks > #given a before_agent_start payload that is not a prompt #when dispatched #then nothing is captured or marked [0.15ms]
(pass) registerKibitzerHooks > #given a SENPI_MEMORY_REFLECTION child process #when hooks dispatch #then no event reaches the sidecar [0.20ms]
(pass) registerKibitzerHooks > #given a SENPI_MEMORY_FACTS child process #when hooks dispatch #then no event reaches the sidecar [0.11ms]
(pass) registerKibitzerHooks > #given a tool_result for an unbound session #when dispatched #then the event is still captured and delivery is skipped [0.12ms]
(pass) registerKibitzerHooks > #given a sink that throws on tool_call #when dispatched #then the handler resolves undefined and warns once [0.17ms]
(pass) registerKibitzerHooks > #given a delivery whose onToolResult rejects #when tool_result dispatches #then the capture still happened, the handler resolves undefined and a warning is logged [0.41ms]
(pass) registerKibitzerHooks > #given a stale session resolver #when before_agent_start dispatches #then it returns undefined and warns [0.17ms]

packages/omo-senpi/src/components/memory/kibitzer/nudge-tool.test.ts:
(pass) createKibitzerNudgeTool > #given a valid candidate and hint #when nudge is called #then the nudge is recorded and a short success text returns [0.52ms]
(pass) createKibitzerNudgeTool > #given a path outside the candidate set #when nudge is called #then an error result returns and nothing is recorded [0.13ms]
(pass) createKibitzerNudgeTool > #given a path already surfaced this session #when nudge is called #then an error result returns and nothing is recorded [0.11ms]
(pass) createKibitzerNudgeTool > #given a system path among the candidates #when nudge is called #then an error result returns and nothing is recorded [0.10ms]
(pass) createKibitzerNudgeTool > #given a blank hint #when nudge is called #then an error result returns and nothing is recorded [0.10ms]
(pass) createKibitzerNudgeTool > #given a hint over the character budget #when nudge is called #then an error result returns and nothing is recorded [0.13ms]
(pass) createKibitzerNudgeTool > #given a secret-bearing hint #when nudge is called #then an error result names the secret rule and nothing is recorded [0.11ms]
(pass) createKibitzerNudgeTool > #given a password assignment hint #when nudge is called #then an error result returns and nothing is recorded [0.10ms]
(pass) createKibitzerNudgeTool > #given a bearer authorization hint #when nudge is called #then an error result returns and nothing is recorded [0.26ms]
(pass) createKibitzerNudgeTool > #given a OpenAI key hint #when nudge is called #then an error result returns and nothing is recorded [0.10ms]
(pass) createKibitzerNudgeTool > #given a multiline hint #when nudge is called #then an error result returns and nothing is recorded [0.20ms]
(pass) createKibitzerNudgeTool > #given a meta hint No stored memory clears the bar for this planning step; the transcript already contains the full methodology, QA approach, and rollout. #when nudge is called #then it is rejected and a factual correction can still use the cap [0.14ms]
(pass) createKibitzerNudgeTool > #given a meta hint This memory covers OAuth login prompts and remote-test helpers, not the goal continuation timer delay. #when nudge is called #then it is rejected and a factual correction can still use the cap [0.13ms]
(pass) createKibitzerNudgeTool > #given the agent-addressing hint Verify these before continuing. #when nudge is called #then the rejection names the rule and one correction still lands [0.38ms]
(pass) createKibitzerNudgeTool > #given the agent-addressing hint Do not rebase the worktree while a child task writes in it. #when nudge is called #then the rejection names the rule and one correction still lands [0.12ms]
(pass) createKibitzerNudgeTool > #given the agent-addressing hint You must keep the guard green before publishing. #when nudge is called #then the rejection names the rule and one correction still lands [0.12ms]
(pass) createKibitzerNudgeTool > #given the agent-addressing hint 머지 전에 그린 메인 가드를 확인하십시오. #when nudge is called #then the rejection names the rule and one correction still lands [0.65ms]
(pass) createKibitzerNudgeTool > #given a factual hint The fix is on senpi main, not the extension. #when nudge is called #then it is accepted unchanged [0.30ms]
(pass) createKibitzerNudgeTool > #given a factual hint senpi monitors have a verified two-flag desync where registry.paused can remain set. #when nudge is called #then it is accepted unchanged [0.13ms]
(pass) createKibitzerNudgeTool > #given a factual hint The regression test does not cover Windows process cleanup. #when nudge is called #then it is accepted unchanged [0.20ms]
(pass) createKibitzerNudgeTool > #given a factual hint The outage is unrelated to the database migration. #when nudge is called #then it is accepted unchanged [0.21ms]
(pass) createKibitzerNudgeTool > #given the maxItems budget already spent #when nudge is called again #then an error result returns and the accepted set is unchanged [1.80ms]
(pass) createKibitzerNudgeTool > #given maxItems 2 #when the first nudge is accepted #then the result leaves the tool loop open for a second call [0.19ms]
(pass) createKibitzerNudgeTool > #given maxItems 1 #when the accepting nudge reaches the cap #then the result terminates the tool loop so the judge never has to answer with nothing [0.20ms]
(pass) createKibitzerNudgeTool > #given the cap already reached #when a further nudge is rejected #then the rejection also terminates the tool loop [0.15ms]
(pass) createKibitzerNudgeTool > #given a rejected nudge below the cap #when inspected #then the loop stays open so the judge can correct the call [0.15ms]
(pass) createKibitzerNudgeTool > #given the tool definition #when inspected #then it keeps the subprocess extension's name and contract [0.13ms]

packages/omo-senpi/src/components/memory/kibitzer/sidecar-prompt.test.ts:
(pass) resident kibitzer prompt envelopes > #given a seed input #when the seed envelope is rendered #then it carries the session, cursor range, candidates and the five read-only tool contracts [0.75ms]
(pass) resident kibitzer prompt envelopes > #given events that arrive out of order #when the wake envelope is rendered #then cursors are ascending and the digest range bounds the envelope [0.32ms]
(pass) resident kibitzer prompt envelopes > #given hostile transcript fields #when an envelope is rendered #then it escapes redacts and caps XML [1.26ms]
(pass) resident kibitzer prompt envelopes > #given configured event caps #when an envelope is rendered #then the configured cap replaces the default [0.33ms]
(pass) resident kibitzer prompt envelopes > #given more events than the window #when an envelope is rendered #then only the newest events are embedded and the dropped cursors stay in the range [0.99ms]
(pass) resident kibitzer prompt envelopes > #given reseed state #when the reseed envelope is rendered #then it carries rejected paths, delivered paths, a one-line summary and the last cursor [1.09ms]
(pass) resident kibitzer prompt envelopes > #given more reseed paths than the bound allows #when the reseed envelope is rendered #then the output stays within the configured bound and reports the omitted counts [0.37ms]
(pass) resident kibitzer prompt envelopes > #given any envelope #when it is rendered #then no write-capable tool and no memory-write instruction is offered [0.88ms]
(pass) resident kibitzer prompt envelopes > #given the packaged persona #when it is loaded #then the kibitzer asset filename and loader contract are unchanged [0.13ms]

packages/omo-senpi/src/components/memory/kibitzer/sidecar.test.ts:
(pass) KibitzerSidecar lifecycle > #given a bound session #when fresh candidates arrive while the seed turn runs #then exactly one child exists and the running turn is steered [0.81ms]
(pass) KibitzerSidecar lifecycle > #given an idle resident child #when a fresh candidate arrives #then the child is revived through followUp and never recreated [0.41ms]
(pass) KibitzerSidecar lifecycle > #given events without a new candidate #when offered #then no model turn happens and the events keep buffering [0.37ms]
(pass) KibitzerSidecar lifecycle > #given steers the turn never consumed #when the turn settles (settlement race) #then the late batches replay by cursor through one followUp [0.99ms]
(pass) KibitzerSidecar lifecycle > #given a provider 429 #when the turn fails #then the sidecar backs off with jitter, disposes the child, and the buffered events survive into the next seed [0.69ms]
(pass) KibitzerSidecar lifecycle > #given a nudge accepted mid-turn #when the wake deadline fires (accepted nudge deadline) #then the turn is aborted, the nudge is still delivered, and the child stays resident [0.58ms]
(pass) KibitzerSidecar lifecycle > #given a running turn #when the session shuts down (shutdown during turn) #then the child is aborted, disposed, and never recreated [0.28ms]
(pass) KibitzerSidecar lifecycle > #given the per-wake tool budget #when the eighth tool call ends #then the wake is aborted as tool_budget_exceeded, never as a failure [1.01ms]
(pass) KibitzerSidecar lifecycle > #given the accepted-nudge cooldown #when two wakes deliver inside ten minutes #then a third fresh candidate buffers until the window slides, and empty wakes are never charged [0.96ms]
(pass) KibitzerSidecar lifecycle > #given the context estimate crosses the reseed threshold #when the turn settles #then the child is disposed for reseed and the replacement seed carries delivered, rejected paths, and the last cursor [1.53ms]
(pass) KibitzerSidecar lifecycle > #given a child whose start is still in flight #when a hook event is captured before startChild resolves #then the event is not drained unread: it rides the next wake [0.97ms]
(pass) KibitzerSidecar lifecycle > #given a child that cannot be started #when offered #then the start failure enters backoff without a child, the offer is buffered, and the retry seed carries every event and candidate [1.39ms]
(pass) KibitzerSidecar wake governance > #given every machine slot held for five minutes (five minute slot outage) #when hooks keep arriving #then every offer buffers as slot_busy without a child, a timer, or a background retry, and the first admitted wake carries every event [3.26ms]
(pass) KibitzerSidecar wake governance > #given a wake parked on the machine-wide lease #when the session shuts down #then the wait is abandoned, no child is started and nothing is held [1.00ms]
(pass) KibitzerSidecar wake governance > #given a lease that cannot be taken at all #when a wake is attempted #then it is a start failure with bounded backoff, never a spin [0.35ms]
(pass) KibitzerSidecar wake governance > #given a child start that never resolves #when the wake deadline fires #then the wake ends as deadline, the lease is handed back, and the late handle is aborted and disposed without a turn [0.64ms]
(pass) KibitzerSidecar wake governance > #given a steer storm inside the quiet period #when the wake reaches the total cap #then the re-armed deadline is clamped and the wake is aborted at the cap [1.23ms]
(pass) KibitzerSidecar wake governance > #given the configured recall settings #when the sidecar is built from them #then tool_budget, event_caps and sidecar_max_tokens govern the wake instead of the defaults [3.30ms]
(pass) KibitzerSidecar wake governance > #given provider usage climbing toward the context window #when it reaches 60% #then the child is reseeded at the threshold and not one token earlier [1.12ms]

packages/omo-senpi/src/components/memory/kibitzer/sidecar-model.test.ts:
(pass) resolveKibitzerSidecarModel > #given the quick category pinned to a registered model #when resolved #then the sidecar model and its chain are returned [0.45ms]
(pass) resolveKibitzerSidecarModel > #given no registry snapshot or a dead category #when resolved #then the sidecar refuses instead of drifting to another model [0.41ms]
(pass) buildKibitzerSidecarSpec > #given the sidecar tools #when the spec is built #then exactly the five read-only names are visible, the seed is bare, and completion is per turn [0.17ms]
(pass) createKibitzerSidecarChildStarter > #given a runner seam #when the starter runs #then one child starts from the persona and the seed and the handle is returned [0.28ms]
(pass) createKibitzerSidecarChildStarter > #given an unreadable persona or an unresolvable category #when the starter runs #then it fails typed with the cause and starts nothing [0.30ms]

packages/omo-senpi/src/components/memory/kibitzer/notice.test.ts:
(pass) kibitzer gate notice > #given a dropped deadline gate record #when rendered #then nothing is drawn [0.23ms]
(pass) kibitzer gate notice > #given a skipped gate record #when rendered #then the why line names recalled memory candidates [1.12ms]
(pass) kibitzer gate notice > #given a failed gate record #when rendered #then the why line names recalled memory candidates [0.74ms]
(pass) kibitzer gate notice > #given a persistent failed gate record #when rendered #then the notice gives an actionable settings hint [0.19ms]
(pass) kibitzer gate notice > #given a resident sidecar gate record (wake number, no runId) #when rendered #then it draws the actionable notice without a run line [0.43ms]
(pass) kibitzer gate notice > #given a stored one-shot gate record carrying a runId #when rendered by the resident renderer #then the run line still shows [0.52ms]
(pass) kibitzer gate notice > #given a failed record below the notice threshold (an isolated failure) #when rendered #then nothing is drawn [0.17ms]
(pass) kibitzer nudged recollection > #given a nudged record #when rendered #then the title is the single Kibitzer [0.55ms]
(pass) kibitzer nudged recollection > #given a nudged record from an opener-era producer #when rendered #then the stored opener is ignored for the unified title [0.14ms]
(pass) kibitzer nudged recollection > #given an invalid stored opener #when rendered #then the notice still draws the unified title [1.84ms]
(pass) kibitzer nudged recollection > #given a second nudge #when rendered #then the extra hint continues the recollection [6.18ms]
(pass) kibitzer nudged recollection > #given any provenance #when rendered #then no provenance line is shown [8.40ms]
(pass) kibitzer nudged recollection > #given an expanded nudged record #when rendered #then the stored-memory caveat is available [2.55ms]

packages/omo-senpi/src/components/memory/kibitzer/wake-policy.test.ts:
(pass) decideWake > #given a batch with one path never offered #when decided #then it wakes with only the fresh eligible candidates [3.97ms]
(pass) decideWake > #given no candidates, a zero cap, or only already-offered paths #when decided #then each stays silent with its own reason [0.32ms]
(pass) decideWake > #given an exhausted cooldown #when decided #then a fresh candidate buffers as cooldown but nothing-new still reports nothing-new [0.29ms]
(pass) createAcceptedNudgeCooldown > #given the fixed advisory budget #when two accepted wakes are charged #then the window is exhausted until it slides past the first charge [0.18ms]
(pass) backoffDelayMs > #given consecutive child failures #when the delay is computed #then it doubles with jitter inside the 1s..5min band [0.58ms]
(pass) backoffDelayMs > #given a streak of consecutive failures #when each retry delay is computed #then the ladder climbs 1s, 2s, 4s ... and settles on the five-minute cap, every draw inside the band [0.60ms]

packages/omo-senpi/src/components/memory/kibitzer/delivery.test.ts:
(pass) createKibitzerDelivery > #given accepted nudges #when accepted #then ledger is surfaced and pending lists every path [7.70ms]
(pass) createKibitzerDelivery > #given a quiet tool boundary #when a nudge is pending #then one steer delivers and clears all mirrors [5.29ms]
(pass) createKibitzerDelivery > #given pending host messages #when tool_result fires #then it stays silent and intact [4.78ms]
(pass) createKibitzerDelivery > #given an idle host #when tool_result fires #then it stays silent [11.44ms]
(pass) createKibitzerDelivery > #given an already delivered set #when tool_result fires twice #then one steer is sent [4.41ms]
(pass) createKibitzerDelivery > #given a rejecting pending writer #when accepted #then delivery still works and warning is logged [3.76ms]
(pass) createKibitzerDelivery > #given no coordinator #when accepted and steered #then no exception occurs [3.86ms]
(pass) createKibitzerDelivery > #given a rejecting ledger #when accepted #then it queues and warns [4.58ms]
(pass) createKibitzerDelivery > #given nudges #when drained for prompt #then they are returned once and coordinator keys removed [3.33ms]

packages/omo-senpi/src/components/memory/kibitzer/compat.test.ts:
(pass) Kibitzer session compatibility (#7993) > emits the Kibitzer channels while registering both generations for replay [0.27ms]
(pass) Kibitzer session compatibility (#7993) > excludes omo-kibitzer:recall from both transcript windows without excluding conversation [0.45ms]
(pass) Kibitzer session compatibility (#7993) > excludes omo-memorian:recall from both transcript windows without excluding conversation [0.16ms]

packages/omo-senpi/src/components/memory/commands/memfs.test.ts:
(pass) /memfs status > #given a clean repo #when status runs #then HEAD and a clean tree are reported at info level [1265.16ms]
(pass) /memfs status > #given uncommitted changes #when status runs #then the dirty state is reported as a warning [913.79ms]
(pass) /memfs status > #given no repository #when status runs #then an actionable error is returned [2.39ms]
(pass) /memfs init > #given no repository #when init runs #then the repository is created [601.23ms]
(pass) /memfs init > #given an existing repository #when init runs #then it reports idempotently without error [782.49ms]
(pass) /memfs init > #given an unbound session with a config-resolved identity #when init runs #then it still initializes [599.49ms]
(pass) /memfs sync > #given no configured mirror #when sync runs #then an actionable error names /memory-repository [667.73ms]
(pass) /memfs sync > #given a reachable mirror #when sync runs #then the push is reported as successful [816.09ms]
(pass) /memfs repair > #given a skill missing name frontmatter #when repair runs #then hooks are reinstalled and the skill is repaired [557.25ms]
(pass) /memfs reset > #given interactive confirmation #when reset runs #then a backup is taken first and the repo is re-initialized [1033.68ms]
(pass) /memfs reset > #given a declined confirmation #when reset runs #then nothing is destroyed and no backup is written [655.63ms]
(pass) /memfs reset > #given a noninteractive session without --force #when reset runs #then it refuses and preserves the repo [662.23ms]
(pass) /memfs reset > #given a noninteractive session with --force #when reset runs #then the repo is backed up and reset [1026.59ms]
(pass) /memfs dispatch > #given no subcommand #when invoked #then usage lists every subcommand [638.32ms]
(pass) /memfs dispatch > #given an unknown subcommand #when invoked #then an actionable error is returned [697.06ms]

packages/omo-senpi/src/components/memory/commands/sleeptime.test.ts:
(pass) /sleeptime > #given default settings #when resolved and invoked #then machine values use their defaults without override flags [0.77ms]
(pass) /sleeptime > #given per-agent overrides #when resolved and invoked #then override values and flags win field by field [0.51ms]
(pass) /sleeptime > #given an unbound session #when invoked #then the command surfaces a structured error notification [0.14ms]

packages/omo-senpi/src/components/memory/commands/people.test.ts:
(pass) people graph derivation > #given three cards with four RELATIONSHIP lines #when the graph is derived #then nodes and edges match those lines exactly [1082.28ms]
(pass) people graph derivation > #given a repository without any card #when the graph is derived #then it holds no node and no edge [847.56ms]
(pass) person query resolution > #given an alias #when the query resolves #then it hits the owning slug [1025.61ms]
(pass) person query resolution > #given an unknown name #when the query resolves #then it misses with close slugs [1087.94ms]
(pass) /people command > #given a fixture repository #when /people runs #then the derived roster and edge sets are surfaced through one notification [1179.23ms]
(pass) /people command > #given an unknown name #when /people runs #then the structural query miss and error notification preserve close slugs [1245.81ms]

packages/omo-senpi/src/components/memory/commands/doctor-reservation.test.ts:
(pass) checkGhostReservation > #given no active.lock #then the check is ok [1.57ms]
(pass) checkGhostReservation > #given an old reservation with a dead launcher #then it warns with remediation [1.83ms]
(pass) checkGhostReservation > #given an old reservation with a live launcher #then the check is ok [1.56ms]
(pass) checkGhostReservation > #given a reservation owned by another host #then the check is ok [1.30ms]
(pass) checkGhostReservation > #given a reservation missing launcher identity #then it warns about the legacy ghost [1.39ms]
(pass) checkGhostReservation > #given an unreadable active.lock #then it warns about invalid JSON [1.33ms]

packages/omo-senpi/src/components/memory/commands/skill-frontmatter.test.ts:
(pass) repairSkillNameFrontmatterContent > #given frontmatter without a name key #when repaired #then the directory name is inserted first [0.25ms]
(pass) repairSkillNameFrontmatterContent > #given an existing non-empty name #when repaired #then the content is untouched [0.25ms]
(pass) repairSkillNameFrontmatterContent > #given an empty name value #when repaired #then the line is replaced in place [0.11ms]
(pass) repairSkillNameFrontmatterContent > #given no frontmatter at all #when repaired #then the file is skipped with a reason [0.09ms]
(pass) repairSkillNameFrontmatterContent > #given a name needing quoting #when repaired #then the scalar is quoted [0.10ms]
(pass) repairMissingSkillNameFrontmatter > #given no skills directory #when repaired #then nothing is scanned [0.65ms]
(pass) repairMissingSkillNameFrontmatter > #given skill files in nested directories #when repaired #then only name-less files change [2.54ms]
(pass) repairMissingSkillNameFrontmatter > #given a repaired file and a skipped file #when the report is formatted #then both sections render [2.36ms]
(pass) setSkillFrontmatterField > #given a skill with a body #when the description is rewritten #then the body bytes are identical [0.31ms]
(pass) setSkillFrontmatterField > #given a body containing a --- horizontal rule #when rewritten #then nothing after the frontmatter is lost [0.13ms]
(pass) setSkillFrontmatterField > #given a multi-line folded description #when rewritten #then continuation lines are replaced and the body survives [0.12ms]
(pass) setSkillFrontmatterField > #given CRLF frontmatter #when rewritten #then the body keeps its bytes and CRLF endings [0.10ms]
(pass) setSkillFrontmatterField > #given no frontmatter #when rewritten #then the content is refused untouched [0.09ms]
(pass) setSkillFrontmatterField > #given the same value already quoted #when rewritten #then it reports no change [0.10ms]
(pass) setSkillFrontmatterField > #given a missing field #when set #then it is appended to the frontmatter and the body survives [0.09ms]
(pass) setSkillFrontmatterField > #given the exact regex that caused the 2026-09-04 wipe #when compared #then the helper keeps what it destroyed [0.13ms]

packages/omo-senpi/src/components/memory/commands/init.test.ts:
(pass) /init > #given no repository #when invoked #then the repo is initialized and a standardized instruction turn follows waitForIdle [406.19ms]
(pass) /init > #given an existing repository #when invoked #then it refuses without overwriting and sends nothing [588.34ms]
(pass) /init > #given an unbound session #when invoked #then an actionable error is returned [0.64ms]

packages/omo-senpi/src/components/memory/commands/register.test.ts:
(pass) registerMemoryCommands > #given a fresh extension api #when the suite registers #then exactly the documented commands appear [3.95ms]
(pass) registerMemoryCommands > #given the registered suite #when each registration is inspected #then description, argumentHint, and handler are present [2.10ms]
(pass) registerMemoryCommands > #given a bound identity with a repository #when a registered handler runs #then it renders through the shared seams [687.06ms]

packages/omo-senpi/src/components/memory/commands/facts-status.test.ts:
(pass) facts status rendering > #given parked and backoff records #when rendering the advisory #then one bounded line names both counts [0.24ms]
(pass) facts status rendering > #given no failure records #when rendering the advisory #then nothing is shown [0.23ms]
(pass) facts status rendering > #given a corrupt ledger #when rendering the advisory #then it says corrupt instead of zeros [0.18ms]
(pass) facts status rendering > #given a corrupt ledger #when rendering the status view #then it reports corruption and no counts [0.16ms]
(pass) facts status rendering > #given failing conversations #when rendering the status view #then counts and bounded per-conversation reasons appear [0.27ms]
(pass) facts status rendering > #given a healthy queue #when rendering the status view #then no failure section is shown [0.10ms]
(pass) facts remediation hint > #given parked records #when asking for the hint #then it names /facts retry and the parked count [0.12ms]
(pass) facts remediation hint > #given only backoff records #when asking for the hint #then it reports the wait instead of a remedy [0.11ms]
(pass) facts remediation hint > #given a clean ledger #when asking for the hint #then there is no hint [0.11ms]

packages/omo-senpi/src/components/memory/commands/reflect.test.ts:
(pass) /reflect > #given free-text focus #when invoked #then a manual request is reserved and reported with its run id [0.62ms]
(pass) /reflect > #given --recent N #when invoked #then the journal filter carries the count [0.45ms]
(pass) /reflect > #given --conversation with ids #when invoked #then the ids are split into the request [0.59ms]
(pass) /reflect > #given an active run #when the sink queues the request #then the pending disposition is reported [0.43ms]
(pass) /reflect > #given a non-numeric --recent #when invoked #then a usage error is returned and no request is made [0.38ms]
(pass) /reflect > #given no reflection sink #when invoked #then an actionable error is returned [0.46ms]
(pass) /reflect > #given an unbound session #when invoked #then an actionable error is returned [0.11ms]
(pass) /reflect > #given reflection.enabled false #when invoked #then an error is returned and no request is submitted [0.61ms]
(pass) /reflect > #given reflection enabled in base but disabled by per-agent override #when invoked #then an error is returned and no request is submitted [0.51ms]

packages/omo-senpi/src/components/memory/commands/dream.test.ts:
(pass) /dream scoring and selection > #given the fixed letta-parity scoring vector #when scored #then the exact operands and total are reproduced [0.25ms]
(pass) /dream scoring and selection > #given --auto and focus #when invoked #then manual dream selection is delegated without explicit ids [0.78ms]
(pass) /dream scoring and selection > #given three conversations #when --recent 2 is invoked #then two conversations are chosen by last activity [6.68ms]
(pass) /dream scoring and selection > #given explicit conversation ids #when invoked #then their parsed selection is submitted unchanged [0.50ms]
(pass) /dream external transcript staging and target validation > #given a senpi JSONL transcript with a malformed line #when imported twice #then message ids are staged once [6.20ms]
(pass) /dream external transcript staging and target validation > #given non-session JSONL #when imported #then it is rejected without submitting a dream [1.26ms]
(pass) /dream external transcript staging and target validation > #given valid and escaping --to paths #when invoked #then only the memory-relative document is accepted [551.06ms]

packages/omo-senpi/src/components/memory/commands/search.test.ts:
(pass) /search > #given sessions on disk #when queried #then numbered results carry session id, date, role, snippet, and entry id [4.15ms]
(pass) /search > #given a hidden session #when queried with --include-hidden #then hidden results appear [3.35ms]
(pass) /search > #given no matching documents #when queried #then a no-results message is returned [2.50ms]
(pass) /search > #given an empty query #when invoked #then a usage error is returned [1.82ms]
(pass) /search > #given a missing sessions directory #when invoked #then an actionable error is returned [0.18ms]

packages/omo-senpi/src/components/memory/commands/args.test.ts:
(pass) parseCommandArgs > #given empty input #when parsed #then positionals and flags are empty [1.20ms]
(pass) parseCommandArgs > #given positionals and a valued flag #when parsed #then flag captures the next token [0.23ms]
(pass) parseCommandArgs > #given an equals-style flag #when parsed #then the inline value is used [0.15ms]
(pass) parseCommandArgs > #given a declared boolean flag before a positional #when parsed #then the positional is not swallowed [0.10ms]
(pass) parseCommandArgs > #given a flag at the end of input #when parsed #then it degrades to a boolean [0.18ms]

packages/omo-senpi/src/components/memory/commands/memory-repository.test.ts:
(pass) /memory-repository > #given a credentialed url #when set runs #then config is written and output is redacted [1012.75ms]
(pass) /memory-repository > #given a configured mirror #when status runs #then the redacted url and ahead count render [651.49ms]
(pass) /memory-repository > #given no configured mirror #when status runs #then it reports the unconfigured state [576.22ms]
(pass) /memory-repository > #given a configured mirror #when unset runs #then the config key is removed [641.99ms]
(pass) /memory-repository > #given no configured mirror #when push runs #then an actionable error is returned [580.60ms]
(pass) /memory-repository > #given an unreachable mirror #when push runs #then the failure is reported with a redacted detail [812.15ms]
(pass) /memory-repository > #given set without a url #when invoked #then a usage error is returned [558.37ms]
(pass) /memory-repository > #given an unknown subcommand #when invoked #then an actionable error is returned [590.23ms]
(pass) /memory-repository > #given an unbound session #when invoked #then an actionable error is returned [0.20ms]

packages/omo-senpi/src/components/memory/commands/people-gate.test.ts:
(pass) people command people.enabled gate > #given people.enabled false #when /people runs #then it refuses without reading any record [818.40ms]
(pass) people command people.enabled gate > #given people.enabled true #when the suite registers #then /people is present [765.14ms]

packages/omo-senpi/src/components/memory/commands/recompile.test.ts:
(pass) /recompile > #given a bound identity #when invoked #then the prompt cache is busted for the next run [0.78ms]
(pass) /recompile > #given an unbound session #when invoked #then nothing is busted and an error is returned [0.17ms]

packages/omo-senpi/src/components/memory/commands/memory.test.ts:
(pass) /memory > #given a clean committed repo #when invoked #then the viewer lists HEAD, system bodies, and external names [766.11ms]
(pass) /memory > #given a dirty working tree #when invoked #then uncommitted changes render in a separate section [673.86ms]
(pass) /memory > #given no repository #when invoked #then an actionable error is returned [1.05ms]
(pass) /memory > #given an unbound session #when invoked #then an actionable error is returned [0.28ms]

packages/omo-senpi/src/components/memory/commands/doctor.test.ts:
(pass) /doctor > #given a healthy repository #when doctor runs #then every deterministic check passes [517.37ms]
(pass) /doctor > #given a persona still equal to the v1 seed #when doctor runs #then a soul-seed advisory is reported [490.03ms]
(pass) /doctor > #given a persona that diverged from the v1 seed #when doctor runs #then no soul-seed advisory fires [560.34ms]
(pass) /doctor > #given no repository #when doctor runs #then the repository check fails with an actionable hint [0.74ms]
(pass) /doctor > #given a memory file with invalid frontmatter #when doctor runs #then the sweep fails and names the file [554.24ms]
(pass) /doctor > #given a missing persona file #when doctor runs #then a persona warning is reported [471.65ms]
(pass) /doctor > #given a lock owned by a dead pid #when doctor runs #then the stale lock is reported with its path [475.75ms]
(pass) /doctor > #given a lock owned by a live pid #when doctor runs #then no stale lock is reported [480.74ms]
(pass) /doctor > #given repeated model-not-found reflection failures #when doctor runs #then reflection health and remediation are reported [462.67ms]
(pass) /doctor > #given automatic reflection is parked #when doctor runs #then reflection health reports the pause and the manual retry [466.33ms]
(pass) /doctor > #given a failure streak one hour before the injected now #when doctor runs #then reflection health warns with the live streak [479.71ms]
(pass) /doctor > #given the same streak shifted past the seven-day stale window #when doctor runs #then reflection health reads ok with a retired streak [483.88ms]
(pass) /doctor > #given an abandoned reservation run #when doctor runs #then manual-disposal paths are reported [499.77ms]
(pass) /doctor > #given an unregistered worktree directory #when doctor runs #then the orphan is reported [474.07ms]
(pass) /doctor > #given a system estimate over the warn threshold #when doctor runs #then a token advisory is reported [497.42ms]
(pass) /doctor > #given a skill missing name frontmatter #when doctor runs #then the repair helper reports the fix [473.82ms]
(pass) /doctor > #given parked facts batches #when doctor runs #then one bounded advisory line names /facts retry [510.07ms]
(pass) /doctor > #given no facts failures #when doctor runs #then no facts advisory line is rendered [478.65ms]
(pass) /doctor > #given an unbound session #when doctor runs #then an actionable error is returned [0.22ms]

packages/omo-senpi/src/components/memory/commands/people-ask.test.ts:
(pass) /people --ask > #given no evidence for the person #when --ask runs #then it abstains without launching a child [864.95ms]
(pass) /people --ask > #given card and observation evidence #when --ask runs #then the quick child receives that evidence and its answer renders [886.24ms]
(pass) /people --ask > #given senpiCommand and senpiPrefixArgs #when the people-ask child runs #then the answer starts with the prefix marker [37.00ms]

packages/omo-senpi/src/components/memory/commands/remember.test.ts:
(pass) /remember > #given a bound identity #when invoked with text #then waitForIdle precedes a REMEMBER-style user turn [0.72ms]
(pass) /remember > #given empty text #when invoked #then a usage error is returned and nothing is sent [0.38ms]
(pass) /remember > #given an unbound session #when invoked #then an actionable error is returned and nothing is sent [0.11ms]

packages/omo-senpi/src/components/memory/commands/facts.test.ts:
(pass) /facts > #given parked and backoff records #when invoked #then the status view reports both plus queue depth [15.47ms]
(pass) /facts > #given a corrupt failures.json #when invoked #then the status view says corrupt rather than zeros [3.79ms]
(pass) /facts > #given records for two conversations #when retrying one #then only its records are cleared [15.73ms]
(pass) /facts > #given queue files and watermarks #when retrying #then every queue artifact is byte-identical [14.49ms]
(pass) /facts > #given parked records #when retrying without a filter #then all conversations are named and one launch is triggered [15.98ms]
(pass) /facts > #given no records for the requested conversation #when retrying #then it is a no-op with a clear message [12.80ms]
(pass) /facts > #given an unbound session #when invoked #then an actionable error is returned [0.16ms]

packages/omo-senpi/src/components/memory/commands/people-selection.test.ts:
(pass) observation selection > #given more observations than the per-level cap #when they are selected #then each level keeps the newest twenty, newest first [716.46ms]
(pass) observation selection > #given the all flag #when observations are selected #then every entry survives [690.78ms]
(pass) /people command > #given a person with observations #when /people <name> runs #then parsed card fields and capped observation selection are surfaced [847.97ms]

packages/omo-senpi/src/components/memory/commands/memfs-extra.test.ts:
(pass) /memfs backup > #given a repository #when backup runs #then a sibling memory-backup dir holds a copy [462.51ms]
(pass) /memfs backup > #given a backup already exists for the same clock #when backup runs again #then the existing backup is not clobbered [456.56ms]
(pass) /memfs restore > #given a named backup #when restore runs #then repo content is replaced and a safety backup is kept [489.36ms]
(pass) /memfs restore > #given no backups #when restore runs #then an actionable error is returned [446.99ms]
(pass) /memfs restore > #given backups and an interactive session #when restore runs without a name #then the user selects one [468.84ms]
(pass) /memfs restore > #given backups and a noninteractive session #when restore runs without a name #then available backups are listed [474.40ms]
(pass) /memfs restore > #given an unknown backup name #when restore runs #then an actionable error is returned [496.97ms]
(pass) /memfs diff > #given a clean tree #when diff runs #then no changes are reported at info level [593.46ms]
(pass) /memfs diff > #given tracked modifications #when diff runs #then the diff is returned as a warning [632.22ms]
(pass) /memfs tokens > #given system files #when tokens runs #then a bytes/4 estimate and per-file rows render [548.56ms]
(pass) /memfs tokens > #given no repository #when tokens runs #then an actionable error is returned [0.72ms]

packages/omo-senpi/src/components/memory/commands/tokens.test.ts:
(pass) estimateSystemTokens > #given no system directory #when estimated #then the total is zero [0.67ms]
(pass) estimateSystemTokens > #given system files including nested paths #when estimated #then tokens are bytes/4 per file sorted by size [1.73ms]
(pass) estimateSystemTokens > #given a file whose byte length is not divisible by four #when estimated #then the file rounds up [0.79ms]

packages/omo-senpi/src/components/memory/bindings/entry-renderer.test.ts:
(pass) renderMemoryBindingEntry > #given a persisted identity binding #when the TUI asks to render it #then it stays hidden and cannot produce model text [0.10ms]

packages/omo-senpi/src/components/memory/worker/launcher-identity.test.ts:
(pass) reflection launcher identity > #given a compiled runtime root and live session #when launcher identity is described #then the runtime root and process identity are preserved [0.20ms]

packages/omo-senpi/src/components/memory/worker/failure-policy.test.ts:
(pass) reflection failure classification for the park policy > #given a merged outcome #when classified #then there is no failure signal [0.17ms]
(pass) reflection failure classification for the park policy > #given a no_changes outcome #when classified #then there is no failure signal [0.11ms]
(pass) reflection failure classification for the park policy > #given timed_out/deadline_exceeded with detail undefined #when classified #then the failure is retryable [0.14ms]
(pass) reflection failure classification for the park policy > #given failed/child_exit with detail "OpenAI API error (429): {\"type\":\"usage_limit_reached\"}" #when classified #then the failure is retryable [0.33ms]
(pass) reflection failure classification for the park policy > #given failed/spawn_failed with detail "provider_unavailable:OpenAI API error (429): Too Many Requests" #when classified #then the failure is retryable [0.11ms]
(pass) reflection failure classification for the park policy > #given failed/child_exit with detail "503: {\"message\":\"All providers are temporarily cooling down\"}" #when classified #then the failure is retryable [0.09ms]
(pass) reflection failure classification for the park policy > #given failed/child_exit with detail "Error: EAGAIN: resource temporarily unavailable, posix_spawn" #when classified #then the failure is retryable [0.09ms]
(pass) reflection failure classification for the park policy > #given failed/child_exit with detail "Error: connect ECONNRESET" #when classified #then the failure is retryable [0.10ms]
(pass) reflection failure classification for the park policy > #given failed/child_exit with detail "Error: request to https://api.example failed, reason: ETIMEDOUT" #when classified #then the failure is retryable [0.10ms]
(pass) reflection failure classification for the park policy > #given failed/supervisor_failed with detail "reflection supervisor died before publishing an outcome; the child is dead too\nsupervisor pid 1, child pid 2" #when classified #then the failure is retryable [0.10ms]
(pass) reflection failure classification for the park policy > #given parent_dirty/%s with detail undefined #when classified #then the failure is retryable [0.09ms]
(pass) reflection failure classification for the park policy > #given merge_conflict/%s with detail "Recorded preimage for 'reference/lessons/operating-lessons.md'" #when classified #then the failure is retryable [0.09ms]
(pass) reflection failure classification for the park policy > #given failed/%s with detail undefined #when classified #then the failure is retryable [0.20ms]
(pass) reflection failure classification for the park policy > #given failed/spawn_failed with detail "Error: Model \"apitopia/kimi-for-coding-highspeed\" not found. Use --list-models to see available models." #when classified #then the failure is not retryable [0.16ms]
(pass) reflection failure classification for the park policy > #given failed/spawn_failed with detail "memory reflection exhausted every quick candidate" #when classified #then the failure is not retryable [0.10ms]
(pass) reflection failure classification for the park policy > #given failed/child_exit with detail "No API key found for zai.\n\nUse /login to log into a provider" #when classified #then the failure is not retryable [0.10ms]
(pass) reflection failure classification for the park policy > #given failed/child_exit with detail "ENOENT: no such file or directory, open '/home/u/.omo/binary-runtime/0.0.0-omob.x/dist/modes/interactive/theme/dark.json'" #when classified #then the failure is not retryable [0.10ms]
(pass) reflection failure classification for the park policy > #given failed/child_exit with detail "sandbox-exec: execvp() of 'senpi' failed: No such file or directory" #when classified #then the failure is not retryable [0.09ms]
(pass) reflection failure classification for the park policy > #given failed/supervisor_failed with detail "memory run supervisor exited with 0" #when classified #then the failure is not retryable [0.10ms]
(pass) reflection failure classification for the park policy > #given failed/invalid_target with detail "Dream changed paths outside targetDoc" #when classified #then the failure is not retryable [0.09ms]
(pass) reflection failure classification for the park policy > #given failed/completion_validation with detail "Git administration file was altered" #when classified #then the failure is not retryable [0.09ms]
(pass) reflection failure classification for the park policy > #given dirty_uncommitted/completion_validation with detail "worktree has uncommitted changes" #when classified #then the failure is not retryable [0.09ms]
(pass) reflection failure classification for the park policy > #given failed/missing_validated_tip with detail undefined #when classified #then the failure is not retryable [0.08ms]
(pass) reflection failure classification for the park policy > #given failed/missing_worktree with detail undefined #when classified #then the failure is not retryable [0.08ms]
(pass) reflection failure classification for the park policy > #given two failures whose stderr differs only in stack frames #when classified #then they share a fingerprint [0.11ms]
(pass) reflection failure classification for the park policy > #given a failure with a long detail #when classified #then the signal carries reason and a bounded detail [0.32ms]

packages/omo-senpi/src/components/memory/worker/runner-fork-route.test.ts:
(pass) reflection launch route > #given a short job on a cheap-cache session model > #when routed #then fork wins and carries the session model [0.13ms]
(pass) reflection launch route > #given a long job on an expensive session model > #when routed #then quick wins [0.09ms]
(pass) reflection launch route > #given a parent session near its compaction threshold > #when the runner assembles route inputs #then the near-full parent routes quick with window_unfit [0.14ms]
(pass) reflectionPayloadTokens > #given captured snapshots #when sized #then it is the serialized entry bytes over four [0.13ms]

packages/omo-senpi/src/components/memory/worker/run-reconciliation.test.ts:
(pass) reflection and dream run reconciliation > #given the scheduler owner is unreadable on Windows #when reconciliation defers #then reservation state is not mutated [755.97ms]
(pass) reflection and dream run reconciliation > #given the scheduler lock is held by a sibling bind #when reconciliation starts #then it defers without surfacing contention [717.85ms]
(pass) reflection and dream run reconciliation > #given an orphaned successful dream worktree #when session-start reconciliation runs #then it merges clears the reservation records completion and publishes final [1473.34ms]
(pass) reflection and dream run reconciliation > #given attempt two is live with a stale attempt-one outcome #when reconciled #then the retry remains active and its worktree stays intact [636.53ms]
(pass) reflection and dream run reconciliation > #given attempt two is being launched with a stale attempt-one outcome #when reconciled before the shared deadline #then the retry remains active [555.12ms]
(pass) reflection and dream run reconciliation > #given a failed child outcome with a valid commit #when reconciled #then output is never merged and the cursor remains retryable [683.29ms]
(pass) reflection and dream run reconciliation > #given genuinely gone processes with unknown liveness and no outcome #when the bounded watch expires #then the run is abandoned without cleanup or cursor advance [544.66ms]
(pass) reflection and dream run reconciliation > #given a dead identified supervisor and live identified child #when the shared deadline elapses #then reconciliation signals on the persisted timeline and cleans only after confirmed death [675.59ms]
(pass) reflection and dream run reconciliation > #given old pre-launch reservations with unverifiable or reused launcher pids #when reconciled #then only confirmed pid reuse releases the reservation [569.21ms]
(pass) reflection and dream run reconciliation > #given a retired final run dir with prelaunch=%s shadowing a newer dead-launcher reservation #when reconciled #then pending is promoted [542.97ms]
(pass) reflection and dream run reconciliation > #given a retired final run dir with prelaunch=%s shadowing a newer dead-launcher reservation #when reconciled #then pending is promoted [515.52ms]
(pass) reflection and dream run reconciliation > #given a retired abandoned run dir with prelaunch=%s shadowing a newer dead-launcher reservation #when reconciled #then pending is promoted [495.53ms]
(pass) reflection and dream run reconciliation > #given a retired abandoned run dir with prelaunch=%s shadowing a newer dead-launcher reservation #when reconciled #then pending is promoted [504.40ms]
(pass) reflection and dream run reconciliation > #given a final run dir terminated at 2026-08-10T00:00:00.000Z in its own generation #when reconciled #then it is left untouched [486.05ms]
(pass) reflection and dream run reconciliation > #given a final run dir terminated at 2026-08-10T00:00:30.000Z in its own generation #when reconciled #then it is left untouched [533.34ms]
(pass) reflection and dream run reconciliation > #given a abandoned run dir terminated at 2026-08-10T00:00:00.000Z in its own generation #when reconciled #then it is left untouched [496.38ms]
(pass) reflection and dream run reconciliation > #given a abandoned run dir terminated at 2026-08-10T00:00:30.000Z in its own generation #when reconciled #then it is left untouched [521.98ms]
(pass) reflection and dream run reconciliation > #given final has invalid terminal timestamp %s #when reconciled #then corruption is reported without mutating state [445.63ms]
(pass) reflection and dream run reconciliation > #given final has invalid terminal timestamp invalid #when reconciled #then corruption is reported without mutating state [446.78ms]
(pass) reflection and dream run reconciliation > #given final has invalid terminal timestamp %s #when reconciled #then corruption is reported without mutating state [466.72ms]
(pass) reflection and dream run reconciliation > #given final has invalid terminal timestamp %s #when reconciled #then corruption is reported without mutating state [449.74ms]
(pass) reflection and dream run reconciliation > #given abandoned has invalid terminal timestamp %s #when reconciled #then corruption is reported without mutating state [486.90ms]
(pass) reflection and dream run reconciliation > #given abandoned has invalid terminal timestamp invalid #when reconciled #then corruption is reported without mutating state [513.61ms]
(pass) reflection and dream run reconciliation > #given abandoned has invalid terminal timestamp %s #when reconciled #then corruption is reported without mutating state [624.62ms]
(pass) reflection and dream run reconciliation > #given abandoned has invalid terminal timestamp %s #when reconciled #then corruption is reported without mutating state [496.86ms]
(pass) reflection and dream run reconciliation > #given an old prelaunch worktree without a ledger and a confirmed-dead launcher #when reconciled #then resources and reservation are released [647.78ms]

packages/omo-senpi/src/components/memory/worker/run-reconciliation-liveness.test.ts:
(pass) reconciliation against a live run whose ledger uses another start-identity scheme > #given a live supervisor recorded with ps-lstart while this process reads another scheme #when reconciled within the deadline #then the run stays active and its worktree is untouched [498.79ms]

packages/omo-senpi/src/components/memory/worker/completion-delivery.test.ts:
(pass) deliverReflectionCompletion > #given a proven merge #when delivered #then only the transcript is enriched [4.40ms]
(pass) deliverReflectionCompletion > #given no_changes #when delivered #then no recap is appended [1.15ms]
(pass) deliverReflectionCompletion > #given failed #when delivered #then no recap is appended [1.24ms]
(pass) deliverReflectionCompletion > #given timed_out #when delivered #then no recap is appended [1.02ms]
(pass) deliverReflectionCompletion > #given merge_conflict #when delivered #then no recap is appended [0.93ms]
(pass) deliverReflectionCompletion > #given a failed record with reason spawn_failed and detail #when delivered live #then the notification includes both [0.89ms]
(pass) deliverReflectionCompletion > #given a failed record with a long detail #when delivered live #then the notification bounds detail the same way the transcript does [1.04ms]
(pass) deliverReflectionCompletion > #given a failed record with neither reason nor detail #when delivered live #then the generic wording is unchanged [0.81ms]

packages/omo-senpi/src/components/memory/worker/run-terminal-claim.test.ts:
(pass) run terminal claim > #given a claim file left empty by a crash #when arbitration retries #then it recovers with one valid claim [3.24ms]
(pass) run terminal claim > #given a live publish claim #when abandonment claims #then the publisher keeps the claim [2.01ms]
(pass) run terminal claim > #given two claimants inspected the same malformed claim #when recovery races #then only one replacement wins [5.76ms]
(pass) run terminal claim > #given two claimants inspected the same confirmed-dead publish claim #when recovery races #then only one replacement wins [5.15ms]

packages/omo-senpi/src/components/memory/worker/failure-detail.test.ts:
(pass) childFailureCause > #given a Bun crash tail #when the cause is distilled #then only the message line survives [0.19ms]
(pass) childFailureCause > #given a detail that is already one sentence #when it is distilled #then it survives unchanged [0.11ms]
(pass) childFailureCause > #given a named error below a truncation marker #when it is distilled #then the marker is dropped [0.11ms]
(pass) childFailureCause > #given prose above a named error #when it is distilled #then the named error wins over line order [0.13ms]
(pass) childFailureCause > #given only machinery #when it is distilled #then there is no cause to show [0.13ms]
(pass) childFailureCause > #given an empty or absent detail #when it is distilled #then nothing is invented [0.13ms]
(pass) childFailureCause > #given a pathological single line #when it is distilled #then it is bounded [0.14ms]
(pass) failureFingerprint > #given a crash tail #when the fingerprint is built #then it keys on the cause, not the code frame [0.20ms]
(pass) failureFingerprint > #given the same crash one source line later #when both are fingerprinted #then the streak stays one failure [0.12ms]
(pass) failureFingerprint > #given no reason and no detail #when the fingerprint is built #then it degrades to the failed key [0.11ms]

packages/omo-senpi/src/components/memory/worker/spawn-supervisor.test.ts:
(pass) supervised child outcome authority > #given a matching durable outcome and a later supervisor failure #when the parent completes #then the outcome remains authoritative [26.45ms]
(pass) supervised child outcome authority > #given an outcome before launch cleanup and a supervisor failure #when the parent completes #then the incomplete outcome is rejected [23.23ms]
(pass) supervised child outcome authority > #given a matching durable outcome while the supervisor stays alive #when the parent completes #then the outcome wins without waiting for close [58.83ms]
(pass) supervised child outcome authority > #given a supervisor that never publishes #when the parent deadline expires #then publication timeout is reported [5012.14ms]

packages/omo-senpi/src/components/memory/worker/run-artifacts-temp-hygiene.test.ts:
(pass) run artifact temporary hygiene > #given the rename fails #when an atomic run write aborts #then its temporary is unlinked [1.49ms]
(pass) run artifact temporary hygiene > #given serialization fails after opening the temporary #when a run write aborts #then the temporary is unlinked [0.70ms]
(pass) run artifact temporary hygiene > #given the completion destination blocks rename #when publication fails #then its temporary is unlinked [1.24ms]
(pass) run artifact temporary hygiene > #given stranded temporaries and an alive owner in terminal run and completion directories #when startup reconciles #then only abandoned old siblings are removed [6.08ms]
(pass) run artifact temporary hygiene > #given stranded temporaries and an unknown owner in terminal run and completion directories #when startup reconciles #then only abandoned old siblings are removed [6.50ms]
(pass) run artifact temporary hygiene > #given an old durable completion with a temporary-like run id #when startup sweeps both temporary grammars #then the durable record survives [3.36ms]
(pass) run artifact temporary hygiene > #given no reflection directories #when startup reconciles #then maintenance remains a no-op [1.11ms]

packages/omo-senpi/src/components/memory/worker/memory-model-attempts.test.ts:
(pass) runMemoryModelAttempts > #given an exact model-not-found startup error #when a fallback exists #then it retries the fallback [0.28ms]
(pass) runMemoryModelAttempts > #given a missing API key startup error #when a fallback exists #then it retries the fallback [0.18ms]
(pass) runMemoryModelAttempts > #given a context overflow #when a fallback exists #then it retries the fallback instead of failing the run [0.25ms]
(pass) runMemoryModelAttempts > #given a provider cooldown 503 #when a fallback exists #then it retries the fallback instead of failing the run [0.48ms]
(pass) runMemoryModelAttempts > #given a billing exhaustion failure #when a fallback exists #then it does not burn the chain [0.22ms]
(pass) runMemoryModelAttempts > #given every candidate overflows #when the chain is exhausted #then context_overflow is carried by a typed signal and message [0.25ms]
(pass) runMemoryModelAttempts > #given every candidate has a retryable model or auth miss #when the chain is exhausted #then every candidate and cause are carried by a typed signal [0.19ms]
(pass) runMemoryModelAttempts > #given a generic child failure #when a fallback exists #then it does not retry [0.31ms]
(pass) runMemoryModelAttempts > #given a timed-out child #when a fallback exists #then it does not retry [0.15ms]

packages/omo-senpi/src/components/memory/worker/memory-launch-preflight.test.ts:
(pass) resolveAndPreflightMemoryLaunch > #given a catalog whose model id contains a slash > #when the reflection surface launches #then the slashed candidate reaches the child [36.87ms]
(pass) resolveAndPreflightMemoryLaunch > #given a catalog whose model id contains a slash > #when the facts surface launches #then the slashed candidate reaches the child [37.74ms]
(pass) resolveAndPreflightMemoryLaunch > #given a freshly probed catalog that omits the only candidate > #when the reflection surface launches #then the candidate still reaches the child instead of failing closed [32.10ms]
(pass) resolveAndPreflightMemoryLaunch > #given a model the child genuinely cannot see > #when the only candidate is launched #then the exhausted chain is rejected with a remediation that names the config [31.81ms]

packages/omo-senpi/src/components/memory/worker/fork-cost.test.ts:
(pass) estimateForkCost > #given a cached prefix that is re-billed every turn > #when turn count rises #then cost rises roughly linearly [0.14ms]
(pass) estimateForkCost > #given a cached prefix that is re-billed every turn > #when the cache misses #then the first turn pays full input price and costs more [0.10ms]
(pass) estimateForkCost > #given a cached prefix that is re-billed every turn > #when the parent context grows #then fork gets more expensive [0.09ms]
(pass) chooseMemoryLaunchRoute > #given a session model with cheap cache reads > #when the job is short #then fork wins [0.11ms]
(pass) chooseMemoryLaunchRoute > #given an expensive session model > #when opus-class cache reads apply #then quick wins even at one turn [0.09ms]
(pass) chooseMemoryLaunchRoute > #given an expensive session model > #when the job runs long #then quick wins despite a cheap-ish session model [0.09ms]
(pass) chooseMemoryLaunchRoute > #given a session model whose context window cannot hold the fork > #when fork is cheaper but the inherited context does not fit #then quick wins with window_unfit [0.10ms]
(pass) chooseMemoryLaunchRoute > #given a session model whose context window cannot hold the fork > #when the payload plus parent fits inside the fit ratio #then the cost comparison still decides [0.09ms]
(pass) chooseMemoryLaunchRoute > #given a session model whose context window cannot hold the fork > #when the session context window is unknown #then routing is unchanged [0.09ms]
(pass) chooseMemoryLaunchRoute > #given a session model whose context window cannot hold the fork > #when only the fork candidate exists #then it stays the only candidate regardless of fit [0.09ms]
(pass) chooseMemoryLaunchRoute > #given a session model whose context window cannot hold the fork > #given the exported fit ratio #then it leaves headroom below the full window [0.09ms]
(pass) chooseMemoryLaunchRoute > #given the facts surface > #when pricing would favor fork #then facts still routes to quick [0.11ms]
(pass) chooseMemoryLaunchRoute > #given incomplete inputs > #when the session model has no pricing #then it falls back to quick deterministically [0.10ms]
(pass) chooseMemoryLaunchRoute > #given incomplete inputs > #when there is no session model at all #then it routes to quick [0.09ms]
(pass) chooseMemoryLaunchRoute > #given incomplete inputs > #when the parent context is unknown #then it routes to quick rather than guessing [0.09ms]
(pass) estimateQuickCost > #given the measured reflection profile #when estimated #then it lands near the measured $0.26/run [0.09ms]
(pass) estimateQuickCost > #given the facts profile #when estimated #then it is far cheaper than reflection [0.10ms]

packages/omo-senpi/src/components/memory/worker/run-reconciliation-failure-detail.test.ts:
(pass) failure detail of a run reconciled after its supervisor died > #given a dead supervisor and child that left a stderr tail #when reconciled #then the completion detail carries that tail [705.32ms]
(pass) failure detail of a run reconciled after its supervisor died > #given a dead supervisor and child that wrote nothing #when reconciled #then the completion detail still names the dead processes [662.97ms]

packages/omo-senpi/src/components/memory/worker/run-finalization-settlement.test.ts:
(pass) run finalization settlement > #given settlement already cleared the active run #when retried #then completion and final are repaired without completing twice [4.46ms]
(pass) run finalization settlement > #given a durable completion that no longer rebuilds byte-identically #when the run dir is settled #then the durable record is adopted and the dir turns terminal (#8437) [5.23ms]
(pass) run finalization settlement > #given an active run #when settlement is retried after completion #then complete is called exactly once [5.25ms]
(pass) run finalization settlement > #given a legacy ledger without category after settlement #when completion identity cannot be reconstructed #then no falsified record is published [2.42ms]

packages/omo-senpi/src/components/memory/worker/health-alert.test.ts:
(pass) reflection health alert > #given three stable failures and a live UI #when health alerting repeats in one session #then one entry and one warning are emitted [1.59ms]
(pass) reflection health alert > #given the alert entry is appended #when the transcript is inspected #then it carries the streak fingerprint and remediation [1.14ms]
(pass) reflection health alert > #given a child that died inside a Bun code frame #when the alert fires #then neither the notice nor the entry carries source lines [1.17ms]
(pass) reflection health alert > #given only two consecutive failures #when alerting runs #then the streak threshold suppresses the alert [0.86ms]
(pass) reflection health alert > #given a long streak whose recent failures each differ #when alerting runs #then the unstable fingerprint suppresses the alert [1.07ms]
(pass) reflection health alert > #given a stable streak a week stale #when alerting runs #then recency suppresses the alert [1.08ms]
(pass) reflection health alert > #given a session without a UI #when alerting runs #then nothing is appended [0.96ms]
(pass) reflection health alert > #given the same fingerprint in a second session #when alerting runs #then the guard key admits the new session [1.31ms]
(pass) renderReflectionHealthEntry house notice contract > #given a fragment recommendation #when it renders collapsed #then the why line is a dimmable full sentence and detail is omitted [0.56ms]
(pass) renderReflectionHealthEntry house notice contract > #when it renders expanded #then the detail row carries reason since and identity [0.23ms]
(pass) renderReflectionHealthEntry house notice contract > #given failure launcher attribution #when it renders expanded #then the detail row identifies both runtimes [0.34ms]

packages/omo-senpi/src/components/memory/worker/completion.test.ts:
(pass) reflection completion flow > #given a reflection launch #when its entry renders #then run trigger and backlog are visible [0.14ms]
(pass) reflection completion flow > #given a legacy completion without enrichment fields #when it renders #then backward compatibility is preserved [0.12ms]
(pass) reflection completion flow > #given an existing consumed completion #when a retry ensures the same pending record #then consumed delivery is preserved [1.37ms]
(pass) reflection completion flow > #given an existing completion with a different outcome #when ensured #then corruption is rejected without overwrite [0.82ms]
(pass) reflection completion flow > #given no live source session #when completion is recorded #then it remains durable and pending [1.11ms]
(pass) reflection completion flow > #given a worker completion record #when the landed palace collector reads reflection outcomes #then runId outcome and finishedAt match its contract [1.52ms]
(pass) reflection completion flow > #given a pending offline completion #when its source session starts #then appendEntry notify and consumed state happen without a model message [1.36ms]
(pass) reflection completion flow > #given target foreign and missing-identity pending completions in one drained directory > #when the target identity drains the backlog > #then only target records are delivered counted and consumed [7.29ms]
(pass) reflection completion flow > #given a throwing reflection UI > #when a pending completion is delivered > #then the entry is consumed and the UI failure is logged [1.25ms]
(pass) reflection completion flow > #given eight pending completions for one identity including two older than seven days > #when a different session for that identity drains the backlog twice > #then five details one summary and one notify are emitted once while stale records are silently consumed [7.13ms]

packages/omo-senpi/src/components/memory/worker/run-terminal-gate.test.ts:
(pass) run terminalization gate > #given a live terminal claimant #when outcome publication waits #then lock contention has no elapsed-time cutoff [0.16ms]

packages/omo-senpi/src/components/memory/worker/reflection-recap.test.ts:
(pass) #given ineligible completion {"identity":"another-identity"} #when projected #then no recap exists [2.04ms]
(pass) #given ineligible completion {"mergedCommitSha":""} #when projected #then no recap exists [1.98ms]
(pass) #given ineligible completion {"runId":"../escape"} #when projected #then no recap exists [1.85ms]
(pass) #given ineligible completion {"outcome":"no_changes"} #when projected #then no recap exists [1.98ms]
(pass) #given ineligible completion {"outcome":"failed"} #when projected #then no recap exists [1.80ms]
(pass) #given ineligible completion {"outcome":"timed_out"} #when projected #then no recap exists [2.27ms]
(pass) #given ineligible completion {"outcome":"merge_conflict"} #when projected #then no recap exists [2.04ms]
(pass) #given contradictory ledger {"runId":"other"} #when projected #then the legacy notice is retained [2.30ms]
(pass) #given contradictory ledger {"startedAt":"2026-01-01T00:00:00.000Z"} #when projected #then the legacy notice is retained [2.47ms]
(pass) #given contradictory ledger {"finalizedAt":"2026-01-01T00:00:00.000Z"} #when projected #then the legacy notice is retained [2.49ms]
(pass) #given contradictory ledger {"finalizeOutcome":"failed"} #when projected #then the legacy notice is retained [2.46ms]
(pass) #given contradictory ledger {"integrationSha":"bbbbbbbbbbbbbbbbbbbbbbbbbbbbbbbbbbbbbbbb"} #when projected #then the legacy notice is retained [2.37ms]
(pass) #given contradictory ledger {"attempt":2} #when projected #then the legacy notice is retained [2.16ms]
(pass) #given contradictory ledger {"validatedChangedPaths":["../outside"]} #when projected #then the legacy notice is retained [2.59ms]
(pass) #given contradictory ledger {"validatedChangedPaths":["/absolute"]} #when projected #then the legacy notice is retained [2.61ms]
(pass) #given contradictory ledger {"validatedChangedPaths":["reference/\u001bfile"]} #when projected #then the legacy notice is retained [2.25ms]
(pass) #given unsuccessful or mismatched attempt {"runId":"other"} #when projected #then it is excluded [2.29ms]
(pass) #given unsuccessful or mismatched attempt {"attempt":2} #when projected #then it is excluded [2.30ms]
(pass) #given unsuccessful or mismatched attempt {"timedOut":true} #when projected #then it is excluded [2.58ms]
(pass) #given unsuccessful or mismatched attempt {"childExit":{"code":1,"signal":null}} #when projected #then it is excluded [2.19ms]
(pass) #given unsuccessful or mismatched attempt {"childExit":{"code":0,"signal":"SIGTERM"}} #when projected #then it is excluded [2.28ms]
(pass) #given contradictory final.json #when projected #then it is excluded [2.92ms]
(pass) #given contradictory abandoned.json #when projected #then it is excluded [2.56ms]
(pass) #given missing ledger attempt evidence #when projected #then no recap exists [2.39ms]
(pass) #given missing outcome attempt evidence #when projected #then no recap exists [2.35ms]
(pass) #given missing both attempt evidence #when projected #then no recap exists [2.53ms]
(pass) #given an integrated ledger without settled phase or final sentinel #when projected #then the live report is available [2.70ms]
(pass) #given empty stdout #when read #then it is explicitly unavailable [2.42ms]
(pass) #given unfinished stdout #when read #then it is explicitly unavailable [2.40ms]
(pass) #given invalid UTF-8 stdout #when read #then it is explicitly unavailable [2.63ms]
(pass) #given oversized line stdout #when read #then it is explicitly unavailable [2.43ms]
(pass) #given Markdown whitespace and terminal colors #when read #then only terminal controls are removed [2.47ms]
(pass) #given short file reads #when read #then every byte is collected from offset zero [2.71ms]
(pass) #given an interrupted positional read #when retried #then the same offset yields the recorded report [2.56ms]
(pass) #given a replacement during the read #when checked #then changing output is unavailable [2.25ms]
(pass) #given a size change during the read #when checked #then changing output is unavailable [2.30ms]
(pass) #given oversized stdout #when read #then only complete prefix lines survive [2.35ms]
(pass) #given terminal controls and Korean Markdown #when read #then newlines and readable content survive [2.39ms]
(pass) #given long Unicode lines #when previewed #then the limit counts code points [2.62ms]
(pass) #given an escaping stdout symlink #when projected #then the report is unavailable without borrowing data [2.56ms]
(pass) #given missing stdout and an attractive JSONL #when projected #then no alternate artifact is selected [2.60ms]
(pass) #given committed stdout #when projected at the existing delivery seam #then its stable key names the generation [3.22ms]

packages/omo-senpi/src/components/memory/worker/dream-dispatch.integration.test.ts:
(pass) dream worker dispatch > #given a dream with people disabled #when the worker launches #then it selects dream inputs and touches no people path [1079.30ms]
(pass) dream worker dispatch > #given absent dream ledgers #when the worker launches #then it supplies readable empty objects [1025.05ms]
(pass) dream worker dispatch > #given custom people limits #when the dream writes fixture entries #then it honors the resolved limits exactly [1036.62ms]
(pass) dream worker dispatch > #given a memory document target #when the dream completes #then only that document is merged [1067.53ms]

packages/omo-senpi/src/components/memory/worker/run-terminal-precedence.integration.test.ts:
(pass) run terminal precedence > #given abandonment owns the gate when the shipped supervisor child finishes successfully #when publication follows #then the matching outcome wins [731.68ms]

packages/omo-senpi/src/components/memory/worker/memory-run-supervisor.integration.test.ts:
(pass) memory run supervisor > #given an unrelated active handle #when the durable outcome is published #then the standalone supervisor exits [145.73ms]
(pass) memory run supervisor > #given a retryable model miss and a next attempt #when the supervisor publishes the outcome #then the ledger advances first [141.65ms]
(pass) memory run supervisor > #given a fixture launch manifest #when supervised #then identity is durable before the command starts and the outcome is published once [145.29ms]
(pass) memory run supervisor > #given a detached supervisor launched by a parent #when the parent is killed #then the supervisor still publishes the child outcome [167.77ms]
(pass) memory run supervisor > #given a bootstrap waiting for release #when its parent pipe closes #then it exits without starting the manifest command [52.69ms]
(pass) memory run supervisor > #given a released child #when the supervisor is killed abruptly #then the recorded live process group can be terminated [156.72ms]
(pass) memory run supervisor > #given a child that exits during termination grace #when the absolute deadline arrives #then timeout is recorded without escalation [175.11ms]
(pass) memory run supervisor > #given a child that ignores SIGTERM #when termination grace expires #then the process group is killed [176.79ms]

packages/omo-senpi/src/components/memory/worker/supervisor-runtime-env.test.ts:
(pass) #given no inherited runtime switch #when launching a supervisor #then the child enters script mode [16.68ms]

packages/omo-senpi/src/components/memory/worker/spawn-supervisor-env.test.ts:
(pass) supervisor spawn environment > #given a packaged omo binary as execPath #when the supervisor is spawned #then BUN_BE_BUN forces Bun runtime mode [14.90ms]

packages/omo-senpi/src/components/memory/worker/remediation.test.ts:
(pass) reflectionRemediation > #given a category_unavailable failure > #when remediated #then it names the config escape hatches instead of a nonexistent child log [0.15ms]
(pass) reflectionRemediation > #given the senpi child's verbatim model-not-found error > #when remediated #then it names the model the child could not see instead of the generic child log [0.10ms]
(pass) reflectionRemediation > #given a pressure dream budget warning > #when remediated #then it tells the next run to trim system memory below the supplied target [0.09ms]
(pass) reflectionRemediation > #given a bubblewrap sandbox setup failure > #when remediated #then the hint names the sandbox setting instead of the deleted child log [0.10ms]
(pass) reflectionRemediation > #given a bubblewrap sandbox setup failure > #when the uid-map denial arrives without the bwrap prefix #then the sandbox hint still fires [0.10ms]
(pass) reflectionRemediation > #given a bubblewrap sandbox setup failure > #when bwrap fails setting up the namespace itself #then the sandbox hint fires and offers the host fix [0.10ms]
(pass) reflectionRemediation > #given a model-admission exhaustion reported as spawn_failed > #when every candidate was rate limited #then the hint names the provider outage instead of SENPI_BIN [0.10ms]
(pass) reflectionRemediation > #given a model-admission exhaustion reported as spawn_failed > #when a candidate had no credentials #then the login hint fires instead of SENPI_BIN [0.09ms]
(pass) reflectionRemediation > #given a model-admission exhaustion reported as spawn_failed > #when the prompt overflowed every candidate #then the hint names the context escape hatches [0.10ms]
(pass) reflectionRemediation > #given a model-admission exhaustion reported as spawn_failed > #when the exhaustion kind is unrecognized #then it still avoids SENPI_BIN and the nonexistent child log [0.09ms]
(pass) reflectionRemediation > #given the pre-existing failure taxonomies > #when the child could not see the model #then the category/model hint is kept [0.10ms]
(pass) reflectionRemediation > #given the pre-existing failure taxonomies > #when spawn failed #then the SENPI_BIN hint is kept [0.10ms]
(pass) reflectionRemediation > #given the pre-existing failure taxonomies > #when no launcher could be resolved at all #then the SENPI_BIN hint is kept [0.09ms]
(pass) reflectionRemediation > #given the pre-existing failure taxonomies > #when a running child dies on a missing file #then the hint points at the child log, not SENPI_BIN [0.10ms]
(pass) reflectionRemediation > #given the pre-existing failure taxonomies > #when nothing matches #then the child log hint remains the default for post-spawn failures [0.09ms]

packages/omo-senpi/src/components/memory/worker/hold-lock-lifecycle.test.ts:
(pass) hold-lock fixture lifecycle > exits on the parent-owned stdin EOF event [51.03ms]
(pass) hold-lock fixture lifecycle > exits when ONLY the parent-owned control channel closes while stdin stays open [52.97ms]
(pass) hold-lock fixture lifecycle > an abruptly killed wrapper takes the ORIGINAL holder down with it [88.21ms]

packages/omo-senpi/src/components/memory/worker/runner.integration.test.ts:
(pass) SenpiSubprocessRunner integration > #given conflicting base and agent reflection settings #when launched #then execution uses the agent category merge and timeout [1026.67ms]
(pass) SenpiSubprocessRunner integration > #given a stub child that commits in its reflection worktree #when launched #then it merges records notifies and advances the cursor [1187.08ms]
(pass) SenpiSubprocessRunner integration > #given a child sleeping beyond an injected hard deadline #when launched #then the process group times out and cleanup leaves the cursor retryable [701.31ms]
(pass) SenpiSubprocessRunner integration > #given an extension-only primary and a child-visible fallback #when the primary is missing in the clean child #then reflection retries and records the fallback [1214.84ms]
(pass) SenpiSubprocessRunner integration > #given the primary model's providers are all cooling down #when the child dies with a 503 #then reflection relaunches on the next candidate and merges [1210.09ms]
(pass) SenpiSubprocessRunner integration > #given no candidate is visible #when a fresh probe and then its cached negative are used #then both runs proceed reactively [1804.05ms]
(pass) SenpiSubprocessRunner integration > #given every child-visible candidate misses its model or auth #when the chain is exhausted #then the failed outcome fingerprints every attempted cause [830.25ms]
(pass) SenpiSubprocessRunner integration > #given empty categories and no quick model #when launched twice in one session #then both fail without spawning and only one unsuppressed warning appears [348.28ms]
(pass) SenpiSubprocessRunner integration > #given a zero-exit child that modifies linked-worktree git administration #when completion validates #then it fails cleans up and leaves the cursor unmoved [698.00ms]

packages/omo-senpi/src/components/memory/worker/entry-renderers.test.ts:
(pass) memory reflection entry rendering > #given a persisted enriched entry #when expanded #then multiline report and historical attribution render within the terminal [0.83ms]
(pass) memory reflection entry rendering > #given every registered memory notice renderer #when rendered #then each emits a custom-message background block [0.58ms]
(pass) memory reflection entry rendering > #given a launched reflection > #when it renders collapsed #then a bold title leads a senpi notice with a visible context line [0.14ms]
(pass) memory reflection entry rendering > #given a launched reflection > #when a single backlog step is pending #then the step noun is singular [0.13ms]
(pass) memory reflection entry rendering > #given a launched reflection > #when triggered manually #then the why line reads as a manual trigger [0.14ms]
(pass) memory reflection entry rendering > #given a launched reflection > #when it renders expanded #then the detail row carries identity started and trigger [0.29ms]
(pass) memory reflection entry rendering > #given a launched reflection > #when in flight #then the title is accent toned and the secondary rows are dim [0.17ms]
(pass) memory reflection entry rendering > #given a completed reflection > #when the outcome merged #then it reads as success with a prose summary [0.15ms]
(pass) memory reflection entry rendering > #given a completed reflection > #when merge metadata is present #then the payoff line is visible in success tone [0.22ms]
(pass) memory reflection entry rendering > #given a completed reflection > #when merge metadata is present and expanded #then the detail row carries identity and trigger [0.23ms]
(pass) memory reflection entry rendering > #given a completed reflection > #when the outcome failed #then it reads as error with the cursor warning and a visible reason [0.15ms]
(pass) memory reflection entry rendering > #given a completed reflection > #when a failure carries a reason and detail #then both appear on the visible payoff line [0.21ms]
(pass) memory reflection entry rendering > #given a completed reflection > #when the child died inside a Bun code frame #then the payoff line carries the cause, not the source that raised it [0.24ms]
(pass) memory reflection entry rendering > #given a completed reflection > #when a failure carries a reason and detail and is expanded #then the detail row carries identity [0.15ms]
(pass) memory reflection entry rendering > #given a completed reflection > #when the outcome timed out #then it reads as warning [0.22ms]
(pass) memory reflection entry rendering > #given a completed reflection > #when the outcome is a clean no-op #then snake_case becomes readable prose [0.21ms]
(pass) memory reflection entry rendering > #given a completed reflection > #when colour is applied #then the emphasis wraps the text rather than replacing it [0.21ms]
(pass) memory reflection entry rendering > #given a collapsed backlog summary > #when failures are present #then it warns and surfaces the dominant fingerprint visibly [0.20ms]
(pass) memory reflection entry rendering > #given a collapsed backlog summary > #when nothing failed #then it stays muted and says so [0.17ms]
(pass) memory reflection entry rendering > #given a collapsed backlog summary > #when exactly one completion collapsed #then the noun is singular [0.11ms]
(pass) memory reflection entry rendering > #given a collapsed backlog summary > #when it renders collapsed #then the time range stays off the notice [0.11ms]
(pass) memory reflection entry rendering > #given a collapsed backlog summary > #when it renders expanded #then the detail row carries the time range [0.17ms]
(pass) memory reflection entry rendering > #given a reflection failure streak > #when the alert renders #then it is error toned with a bold title and leads with the remediation [0.13ms]
(pass) memory reflection entry rendering > #given a reflection failure streak > #when the alert renders collapsed #then the detail row is omitted [0.11ms]
(pass) memory reflection entry rendering > #given a reflection failure streak > #when the recommendation is a fragment #then the why line is a full sentence [0.10ms]
(pass) memory reflection entry rendering > #given a narrow terminal > #when a long summary must fit 60 columns #then it degrades with an ellipsis and no stray reset [0.24ms]
(pass) memory reflection entry rendering > #given a narrow terminal > #when a very long run id is rendered #then the identifier itself is excerpted [0.19ms]
(pass) memory reflection entry rendering > #given a narrow terminal > #when coloured output is truncated #then no terminal reset leaks into the middle of the why span [0.35ms]
(pass) memory reflection entry rendering > #given a narrow terminal > #when the title is bolded at a narrow width #then the bold escapes wrap the whole fitted title [0.13ms]
(pass) memory reflection entry rendering > #given a narrow terminal > #when rendered at hostile widths #then no line ever exceeds the terminal width [2.43ms]

packages/omo-senpi/src/components/memory/worker/supervisor-process-identity.test.ts:
(pass) supervisor start identity > #given one runtime records a pid as the supervisor and reads it back as the parent #when both identities are compared #then they share one scheme [0.16ms]

packages/omo-senpi/src/components/memory/worker/model-miss.test.ts:
(pass) classifyRetryableModelMiss > #given a model-not-found child failure #when classified #then it returns the missing model id [0.13ms]
(pass) classifyRetryableModelMiss > #given a missing API key child failure #when classified #then it returns the provider separately from model visibility [0.09ms]
(pass) classifyRetryableModelMiss > #given an OpenAI context overflow #when classified #then it returns context_overflow [0.11ms]
(pass) classifyRetryableModelMiss > #given an Anthropic context overflow #when classified #then it returns context_overflow [0.10ms]
(pass) classifyRetryableModelMiss > #given a provider cooldown 503 child failure #when classified #then it is retryable as a provider outage [0.16ms]
(pass) classifyRetryableModelMiss > #given an exhausted senpi fallback chain #when classified #then the provider outage is still retryable on the next candidate [0.12ms]
(pass) classifyRetryableModelMiss > #given a billing exhaustion child failure #when classified #then it is not retryable because another model cannot fix it [0.10ms]
(pass) classifyRetryableModelMiss > #given a prompt-shaped child failure #when classified #then it is a context overflow the next candidate may fit [0.10ms]
(pass) classifyRetryableModelMiss > #given a timeout or successful child #when classified #then it is not retryable [0.09ms]

packages/omo-senpi/src/components/memory/worker/runner-fork-spawn.test.ts:
(pass) reflection fork-mode spawn > #given a cheap-cache session model and a small parent context > #when launched #then the spawn forks the parent session and never breaks the prefix [993.82ms]
(pass) reflection fork-mode spawn > #given an expensive session model > #when launched #then the spawn keeps the sandboxed shape with --system-prompt [1085.91ms]
(pass) reflection fork-mode spawn > #given the parent cache cannot be proven reusable > #when the parent context is large enough that a miss costs more than quick #then it stays sandboxed [1103.95ms]
(pass) reflection fork-mode spawn > #given no parent session file > #when fork would otherwise win #then it stays sandboxed rather than crashing [1088.81ms]

packages/omo-senpi/src/components/memory/worker/run-finalization-cleanup.test.ts:
(pass) reflection finalization cleanup incompleteness > #given a landed merge whose branch cannot be deleted #when the outcome finalizes #then it settles merged and records the incomplete cleanup [1086.86ms]
(pass) reflection finalization cleanup incompleteness > #given a failed run whose branch cannot be deleted #when the supervisor failure settles #then the failure is published without throwing [800.33ms]

packages/omo-senpi/src/components/memory/worker/model-preflight.test.ts:
(pass) preflightMemoryModels > #given a clean child catalog #when candidates are preflighted #then only child-visible candidates remain in order [33.37ms]
(pass) preflightMemoryModels > #given the same launcher and config mtime #when preflight runs twice #then the child catalog is probed once [34.38ms]
(pass) preflightMemoryModels > #given a fresh catalog that omits every candidate #when candidates are preflighted #then it degrades to reactive attempts and warns instead of failing closed [35.36ms]
(pass) preflightMemoryModels > #given a catalog that omits every candidate #when preflight runs fresh and then cached #then both verdicts preserve reactive attempts [35.79ms]
(pass) preflightMemoryModels > #given a cached negative catalog #when its ttl expires #then preflight probes again and observes newly visible credentials [66.77ms]
(pass) preflightMemoryModels > #given a changed config mtime #when preflight runs again #then it refreshes the child catalog [68.69ms]
(pass) preflightMemoryModels > #given a launcher whose grandchild holds the output pipes #when the probe times out #then it degrades without waiting for the grandchild [1023.08ms]
(pass) preflightMemoryModels > #given a failed child catalog probe #when candidates are preflighted #then it warns and preserves reactive fallback behavior [38.29ms]
(pass) preflightMemoryModels > #given a table catalog whose model column contains a slash #when candidates are preflighted #then the slashed model id stays visible [37.22ms]
(pass) preflightMemoryModels > #given a table catalog row whose provider column contains a slash #when candidates are preflighted #then that malformed row is not treated as a visible model [34.98ms]
(pass) preflightMemoryModels > #given a headerless catalog listing a slashed model id #when candidates are preflighted #then the slashed model id stays visible [33.88ms]

packages/omo-senpi/src/components/memory/worker/health-edge.test.ts:
(pass) #given historical consumed failures #when bind observes no completion #then no health alert is emitted [1.87ms]
(pass) #given a consumed member of the active streak #when alerted #then launcher attribution survives into the entry [1.26ms]
(pass) #given an unrelated observed run #when another session has a current failure streak #then that history is not replayed [1.05ms]
(pass) #given recorded launcher identity #when health is derived #then failure metadata remains attributable [1.57ms]

packages/omo-senpi/src/components/memory/worker/run-reconciliation-sweep.test.ts:
(pass) reflection reconciliation orphan sweep > #given an aged orphan worktree beside a live run #when reconciliation finishes #then only the orphan is discarded [793.11ms]
(pass) reflection reconciliation orphan sweep > #given scheduler contention #when the pass defers #then no leftover is swept [555.50ms]

packages/omo-senpi/src/components/memory/worker/run-liveness.test.ts:
(pass) run process liveness across start-identity schemes > #given a live pid recorded with ps-lstart and read back as proc-start-epoch #when classified #then the mismatch is not pid reuse and the process is alive [0.22ms]
(pass) run process liveness across start-identity schemes > #given a live pid whose recorded and actual identities share a scheme but differ #when classified #then the pid was reused and the process is dead [0.12ms]
(pass) run process liveness across start-identity schemes > #given a live pid with a matching identity #when classified #then it is alive [0.11ms]
(pass) run process liveness across start-identity schemes > #given a pid the kernel no longer knows #when classified #then it is dead regardless of the recorded scheme [0.10ms]
(pass) run process liveness across start-identity schemes > #given scheme-less legacy identities that differ #when classified #then raw inequality still means pid reuse [0.10ms]
(pass) run process liveness across start-identity schemes > #given a live launcher recorded with ps-lstart and read back as proc-start-epoch #when probed #then the launcher is not dead [0.10ms]
(pass) run process liveness across start-identity schemes > #given a live launcher pid reused by another process in the same scheme #when probed #then the launcher is dead [0.11ms]

packages/omo-senpi/src/components/memory/worker/run-finalization-park.test.ts:
(pass) reflection settlement feeds the park policy > #given a run whose child died on a missing model #when reconciliation settles it #then the park streak records a non-retryable failure with the cause fingerprint [633.63ms]
(pass) reflection settlement feeds the park policy > #given a run whose child died on a rate limit #when reconciliation settles it #then the park streak records a retryable failure [619.93ms]

packages/omo-senpi/src/components/memory/worker/senpi-command.test.ts:
(pass) withoutForeignPackageDirEnv > #given a launcher outside the package root #when the child env is built #then the package-dir variables are dropped [60.98ms]
(pass) withoutForeignPackageDirEnv > #given the embedded engine as launcher #when the child env is built #then the package-dir variables survive [0.19ms]
(pass) withoutForeignPackageDirEnv > #given no package-dir variables #when the child env is built #then the environment is unchanged [0.14ms]
(pass) resolveSenpiLaunch > #given the running engine is a compiled omo binary and PATH carries a senpi #when resolved #then the child is that same binary [1.16ms]
(pass) resolveSenpiLaunch > #given a compiled omo binary with no senpi on PATH, no installed CLI and no entry script #when resolved #then it still launches itself [0.70ms]
(pass) resolveSenpiLaunch > #given a script-hosted engine and a senpi on PATH #when resolved #then the PATH senpi is still chosen [1.16ms]
(pass) resolveSenpiLaunch > #given a Windows npm shim #when resolved #then Node launches the adjacent Senpi CLI [1.74ms]
(pass) resolveSenpiLaunch > #given no executable but an installed CLI #when resolved #then the current interpreter launches the CLI [0.85ms]
(pass) resolveSenpiLaunch > #given package lookup fails in a script-hosted Senpi process #when resolved #then the current entry script is retained [0.67ms]
(pass) resolveSenpiLaunch > #given no executable installed CLI or current entry #when resolved #then it fails instead of launching a bare interpreter [0.12ms]
(pass) resolveSenpiLaunch > #given the real restricted PATH fallback #when launched #then Senpi prints its version [178.37ms]

packages/omo-senpi/src/components/memory/worker/run-sentinel.test.ts:
(pass) run completion sentinel > #given a missing watch directory #when the watcher cannot start #then the bounded fallback reaches timeout [1.50ms]
(pass) run completion sentinel > #given a stale prior-attempt outcome #when the current attempt publishes #then only the matching attempt completes [12.27ms]

packages/omo-senpi/src/components/memory/worker/runner-finalization.test.ts:
(pass) live reflection run finalization > #given a successful supervised run #when the parent finalizer completes #then final is published after integration and the merge carries its run receipt [1132.03ms]

packages/omo-senpi/src/components/memory/worker/model-cost.test.ts:
(pass) chooseReflectionLaunchModel > #given no cache reuse is possible > #when the fresh candidate is cheaper per token #then it launches fresh [0.15ms]
(pass) chooseReflectionLaunchModel > #given no cache reuse is possible > #when the session model is cheaper than the only registry candidate #then it inherits [0.11ms]
(pass) chooseReflectionLaunchModel > #given the launch can replay a cached prefix > #when the cached prefix dominates #then inheriting the pricier session model wins [0.10ms]
(pass) chooseReflectionLaunchModel > #given the launch can replay a cached prefix > #when the same inputs cannot reuse cache #then the cheap fresh model wins instead [0.10ms]
(pass) chooseReflectionLaunchModel > #given incomplete pricing data > #when the fresh candidate has no cost data #then it still launches fresh deterministically [0.09ms]
(pass) chooseReflectionLaunchModel > #given incomplete pricing data > #when only the session model exists #then it inherits [0.10ms]

packages/omo-senpi/src/components/memory/worker/run-reconciliation-handoff.test.ts:
(pass) retry handoff reconciliation > #given attempt one is being watched #when its outcome publishes after attempt two starts launching #then the retry remains active [4.63ms]

packages/omo-senpi/src/components/memory/worker/run-finalization-crash.test.ts:
(pass) reflection finalization crash recovery > #given integration landed before its checkpoint #when finalization retries #then receipt recovery settles exactly once [1133.54ms]
(pass) reflection finalization crash recovery > #given merge cleanup and settlement completed before final publication #when retried #then completion and final repair without duplicate settlement [1107.01ms]
(pass) reflection finalization crash recovery > #given a pressure dream merges above its token target #when finalization validates committed system memory #then the merge records a budget_not_met warning [1233.00ms]
(pass) reflection finalization crash recovery > #given parent_dirty was checkpointed before cleanup #when finalization retries #then the durable decision and user edit are preserved [892.96ms]

packages/omo-senpi/src/components/memory/worker/registry-fallback.test.ts:
(pass) selectRegistryFallbackModels > #given priced chat models > #when selected #then cheapest input price wins and at most three candidates are returned [0.19ms]
(pass) selectRegistryFallbackModels > #given priced chat models > #when two models share a price #then the larger context window breaks the tie [0.11ms]
(pass) selectRegistryFallbackModels > #given models reflection cannot use > #when the id names a non-chat modality #then it is excluded [0.11ms]
(pass) selectRegistryFallbackModels > #given models reflection cannot use > #when the context window is below the reflection floor #then it is excluded [0.10ms]
(pass) selectRegistryFallbackModels > #given models reflection cannot use > #when the registry is not an array #then nothing is selected [0.11ms]
(pass) selectRegistryFallbackModels > #given a registry without models.dev pricing > #when selected #then priced models outrank unpriced ones and fast-tier names lead the rest [0.16ms]
(pass) readModelContextWindow > #given registry entries #when read #then only a numeric context window survives [0.10ms]
(pass) readModelPricing > #given a registry entry #when read #then only numeric cost fields survive [0.10ms]

packages/omo-senpi/src/components/memory/worker/run-terminal-precedence.test.ts:
(pass) run abandonment precedence > #given a publisher that finishes during liveness classification #when precedence is checked #then abandonment is vetoed [1.60ms]
(pass) run abandonment precedence > #given a publish claimant whose pid is confirmed dead #when precedence is checked #then abandonment reclaims the terminal claim [5.09ms]
(pass) run abandonment precedence > #given a publish claimant whose pid liveness is unknown #when precedence is checked #then the run stays active [2.75ms]
(pass) run abandonment precedence > #given a genuinely dead run with unknown liveness #when precedence is checked #then it still abandons [1.96ms]

packages/omo-senpi/src/components/memory/worker/memory-run-supervisor.ic8.test.ts:
(pass) memory run supervisor IC-8 containment > #given a connected model child #when the supervisor is killed and test cleanup runs #then cleanup terminates the child group and releases the socket [185.55ms]
(pass) memory run supervisor IC-8 containment > #given an unconnected exit server #when test cleanup runs #then the listener and timeout are released [2.13ms]
(pass) memory run supervisor IC-8 containment > #given a missing run ledger #when cleanup reports the ledger error #then sockets and the run root are still removed [1.97ms]
(pass) memory run supervisor IC-8 containment > #given taskkill returns nonzero #when a Windows process group is terminated #then cleanup fails closed [0.15ms]
(pass) memory run supervisor IC-8 containment > #given injected Windows and a child that exits during grace #when the hard deadline arrives #then the supervisor cancels forced taskkill [177.59ms]
(pass) memory run supervisor IC-8 containment > #given the injected posix branch #when the absolute deadline instants are advanced #then graceful and hard tree termination use those instants [193.85ms]
(pass) memory run supervisor IC-8 containment > #given the injected posix branch and a released child #when the supervisor dies abruptly #then the bootstrap alone enforces the persisted deadline [190.99ms]
(pass) memory run supervisor IC-8 containment > #given the injected win32 branch #when the absolute deadline instants are advanced #then graceful and hard tree termination use those instants [208.89ms]
(pass) memory run supervisor IC-8 containment > #given the injected win32 branch and a released child #when the supervisor dies abruptly #then the bootstrap alone enforces the persisted deadline [186.41ms]

packages/omo-senpi/src/components/memory/worker/run-reconciliation-ghost.test.ts:
(pass) ghost active reservation reconciliation > #given a reservation without launcher identity #when reconciled #then it is reclaimed as failed and the run dir is left intact [498.45ms]
(pass) ghost active reservation reconciliation > #given a reservation missing only reservedAt #when its launcher is alive #then the probe defers the reclaim [477.19ms]
(pass) ghost active reservation reconciliation > #given a reservation missing only reservedAt #when its launcher is dead #then it is reclaimed [502.28ms]
(pass) ghost active reservation reconciliation > #given an older ledger with no terminal artifact #when the launcher is dead #then the shadowed reservation is reclaimed and the retired dir is left for a later pass [498.85ms]
(pass) ghost active reservation reconciliation > #given an older ledger with no terminal artifact #when the launcher is alive #then nothing is reclaimed and the retired dir is not settled against the live reservation [502.32ms]
(pass) ghost active reservation reconciliation > #given a ledger inside the generation slack #when the launcher is dead #then the reservation is not treated as a ghost [622.28ms]
(pass) ghost active reservation reconciliation > #given boundary inputs #when classifying #then only provable ghosts are flagged [449.15ms]

packages/omo-senpi/src/components/memory/worker/park-alert.test.ts:
(pass) reflection park alert > #given a parked identity and a live UI #when the alert is emitted twice in one session #then one entry and one warning appear [0.94ms]
(pass) reflection park alert > #given an identity that is not parked #when the alert is emitted #then nothing is appended [0.55ms]
(pass) reflection park alert > #given no park file #when the alert is emitted #then nothing is appended [0.35ms]
(pass) reflection park alert > #given a parked identity #when a second session binds #then it is told once as well [0.61ms]

packages/omo-senpi/src/components/memory/worker/health.test.ts:
(pass) reflection health > #given unordered completion files with a success followed by four failures and one corrupt record > #when health is derived > #then counts pending streak and the dominant recent fingerprint are returned without throwing [2.26ms]
(pass) reflection health > #given a failure streak that would trip alerting #when health is derived #then the completions directory is left byte-identical [1.50ms]
(pass) reflection health > #given the read-only health module #when its source is inspected #then it imports no writer and calls no appendEntry or notify [0.41ms]
(pass) reflection health > #given a success newer than every failure #when health is read #then the newest completion is reported as the last outcome [0.87ms]
(pass) reflection health > #given a missing directory #when health is read #then zeroed health is returned [0.17ms]
(pass) reflection health recency > #given a trailing failure streak whose newest failure is past the stale window #when health is derived #then the streak is zeroed and no fingerprint is reported [0.96ms]
(pass) reflection health recency > #given a streak whose newest failure sits exactly on the stale boundary #when health is derived #then the streak still counts [0.87ms]
(pass) reflection health recency > #given a streak spanning the stale window with a fresh newest failure #when health is derived #then the whole streak counts [1.56ms]

packages/omo-senpi/src/components/memory/worker/resolve-model.test.ts:
(pass) resolveReflectionModel > #given quick category model and reasoning #when resolved #then it returns the Senpi model selector and thinking level [0.27ms]
(pass) resolveReflectionModel > #given an empty model registry #when quick cannot resolve #then it fails closed as category_unavailable [0.15ms]
(pass) resolveReflectionModel > #given a pinned user model with a stale availability snapshot #when resolved #then find() wins over the gate [0.17ms]
(pass) resolveReflectionModel > #given a pinned model that find() cannot locate #when resolved #then it still fails closed [0.14ms]
(pass) resolveReflectionModel > #given canonical models and a stale availability snapshot #when find locates the chain #then reflection preserves every fallback [0.19ms]
(pass) resolveReflectionModel > #given the LAST canonical rung is selected #when earlier rungs are still findable #then they remain reflection fallbacks [0.36ms]
(pass) resolveReflectionModel > #given legacy fallback_models and a stale availability snapshot #when find locates the chain #then reflection preserves every fallback [0.20ms]
(pass) resolveReflectionModel > #given no category rung covers the connected providers > #when the live registry exposes priced chat models #then the cheapest one resolves as registry fallback [0.15ms]
(pass) resolveReflectionModel > #given no category rung covers the connected providers > #when a pricier session model is also present #then the registry candidate still wins the ladder [0.14ms]
(pass) resolveReflectionModel > #given no category rung covers the connected providers > #when the session model is cheaper than every registry candidate #then the cost chooser inherits it [0.14ms]
(pass) resolveReflectionModel > #given no category rung covers the connected providers > #when the registry scan finds nothing but a session model exists #then reflection inherits the session model [0.13ms]
(pass) resolveReflectionModel > #given no category rung covers the connected providers > #when even the registry object is missing #then the session model still resolves [0.09ms]
(pass) resolveReflectionModel > #given no category rung covers the connected providers > #when an explicitly pinned model is unresolvable but other models exist #then the fallback keeps reflection alive [0.14ms]
(pass) resolveReflectionModel > #given no category rung covers the connected providers > #when neither registry nor session model can help #then it still fails closed [0.12ms]
(pass) resolveReflectionModel > #given the task warning suppression convention #when evaluated #then global opt-out and per-category opt-in retain their precedence [0.20ms]
(pass) resolveReflectionModel > #given a pinned user model whose model id contains a slash #when the availability snapshot is stale #then the whole model id is looked up rather than its first segment [0.17ms]

packages/omo-senpi/src/components/memory/worker/spawn.test.ts:
(pass) worker payload mode relaxation > #given reflection payload mode relaxation fails unexpectedly #when preparation runs #then the chmod failure is surfaced [0.87ms]
(pass) dream token budget launch contract > #given a pressure dream fixture repo #when its spawn is prepared #then all three budget inputs carry the committed per-file estimate [3.19ms]
(pass) dream token budget launch contract > #given configured compile pressure #when the production candidate assembly prepares a dream #then budget and target reuse the shared soft ratio [3.40ms]
(pass) worker senpi prefix args > #given senpiCommand and senpiPrefixArgs #when a reflection spawn is prepared #then the command is preserved and args start with the prefix [3.56ms]
(pass) worker senpi prefix args > #given an inherited package root that does not own the launcher #when a reflection spawn is prepared #then the child env drops it and the launcher shape survives [7.25ms]
(pass) worker senpi prefix args > #given a package root that owns the launcher #when a reflection spawn is prepared #then the child keeps the override [5.70ms]
(pass) worker senpi prefix args > #given senpiCommand and senpiPrefixArgs #when a reflection fork spawn is prepared #then args start with the prefix before -p/--fork [1.69ms]
(pass) worker senpi prefix args > #given runner-style senpiPrefixArgs #when prepareReflectionCandidateSpawn builds the spawn #then the prefix is forwarded onto args [5.08ms]

packages/omo-senpi/src/components/memory/worker/run-finalization-claim.test.ts:
(pass) per-run finalization claim > #given concurrent finalizers #when the first publishes final #then the waiter observes terminal without executing [30.63ms]

packages/omo-senpi/src/components/memory/worker/run-finalization-race.test.ts:
(pass) run finalization publication races > #given outcome publishes during abandonment state read #when terminalized #then matching outcome wins and abandoned is never published [483.61ms]
(pass) run finalization publication races > #given publication is scheduled after every unknown-liveness read #when abandonment writes #then the matching publisher wins atomically [333.31ms]
(pass) run finalization publication races > #given attempt two and a stale attempt-one outcome #when current attempt is confirmed dead #then stale outcome is ignored [441.08ms]

packages/omo-senpi/src/components/ulw-loop/sdk/worker-thread.test.ts:
(pass) #given an isolated built SDK and session=worker-session #when a worker imports and calls it #then only session cwd is used [29.33ms]
(pass) #given an isolated built SDK and session=undefined #when a worker imports and calls it #then only session cwd is used [19.66ms]

packages/omo-senpi/src/components/ulw-loop/sdk/session-toolkit.test.ts:
(pass) #given no session #when status runs #then it resolves a failure without writes [0.53ms]
(pass) #given changing env #when calls overlap #then binding is synchronous and never cached [6.57ms]
(pass) #given a driver store #when checkpoint explicit=false #then the chosen snapshot reaches the ledger [24.68ms]
(pass) #given a driver store #when checkpoint explicit=true #then the chosen snapshot reaches the ledger [23.17ms]
(pass) #given PI_SESSION_CWD unset #when status runs #then it binds a fallback cwd and the envelope carries the remediation warning on success and failure [4.37ms]
(pass) #given a driver store #when status runs #then result.driver reports the relation read-only and a differing objective is warned once by checkpoint [45.82ms]
(pass) #given documented env #when status runs #then binding reports PI_SESSION_CWD with no warnings [3.54ms]
(pass) #given no snapshot #when review blockers are recorded #then missing argument is an envelope [0.34ms]

packages/omo-senpi/src/components/ulw-loop/sdk/driver-goal.test.ts:
(pass) #given missing and invalid stores #when read #then first valid snapshot wins with warnings and no writes [0.94ms]
(pass) #given authoritative goal null #when a fallback contains a stale goal #then reading stops [0.53ms]

packages/omo-senpi/src/components/ulw-loop/sdk/session-binding.test.ts:
(pass) #given documented env #when bound #then context and ordered candidates are explicit [0.19ms]
(pass) #given missing or invalid session ids #when bound #then domain codes fail closed [0.15ms]
(pass) #given PI_SESSION_CWD unset #when the session file header records a cwd #then that cwd binds with one remediation warning [0.81ms]
(pass) #given PI_SESSION_CWD and a usable session file both unavailable #when bound #then process.cwd() binds with a warning naming the remediation [0.81ms]
(pass) #given every cwd source fails #when bound #then the error names the remediation [0.15ms]
(pass) #given a relative goal-store override #when bound #then it is ignored with a warning and the derived candidates still apply [0.46ms]

packages/omo-senpi/src/components/memory/kibitzer/tools/index.test.ts:
(pass) createKibitzerSidecarTools registry > #given the sidecar tool set #when created #then exactly the five read-only names are registered with no aliases [322.57ms]
(pass) createKibitzerSidecarTools registry > #given the memory tool #when its schema is inspected #then only search and read operations exist [318.33ms]
(pass) createKibitzerSidecarTools registry > #given a per-wake budget #when each tool executes #then every call charges the budget once [534.06ms]
(pass) createKibitzerSidecarTools registry > #given an exhausted budget #when any tool is called #then it returns a structured tool_budget_exceeded rejection [308.83ms]
(pass) createKibitzerSidecarTools registry > #given a read cap #when a file exceeds it #then the output is truncated with a marker and secrets are redacted [315.40ms]
(pass) createKibitzerSidecarTools registry > #given a grep cap #when matches exceed it #then at most the cap is returned and the result says so [320.88ms]

packages/omo-senpi/src/components/memory/kibitzer/tools/session-read.test.ts:
(pass) createSessionBranchSnapshot > #given a hook ctx #when refreshed #then the snapshot is a plain copy of getBranch() read synchronously [0.17ms]
(pass) createSessionBranchSnapshot > #given a ctx without a session manager #when refreshed #then the previous snapshot is kept [0.10ms]
(pass) sessionEntriesSince > #given hidden memory channels #when listing #then every hidden type is omitted and counted [0.20ms]
(pass) sessionEntriesSince > #given a since cursor #when listing #then only entries after the cursor are returned [0.11ms]
(pass) sessionEntriesSince > #given more entries than the page cap #when listing #then the page is bounded and reports the continuation cursor [0.14ms]
(pass) sessionEntriesSince > #given a long entry with a secret #when listing #then the text is redacted before it is capped [0.14ms]
(pass) sessionEntriesSince > #given assistant tool calls and tool results #when listing #then they are summarized as bounded text [0.14ms]
(pass) session_entries tool > #given a refreshed snapshot #when the tool is called #then it pages the snapshot from since [300.62ms]

packages/omo-senpi/src/components/memory/kibitzer/tools/path-safety.test.ts:
(pass) normalizeMemoryPath > #given traversal absolute system and backslash paths #when normalized #then each is rejected with a code [0.19ms]
(pass) normalizeMemoryPath > #given ordinary relative paths #when normalized #then ./ prefixes collapse and nested system/ segments stay allowed [0.10ms]
(pass) resolveWorkspacePath > #given a symlink escaping the workspace #when resolved #then it is rejected [1.38ms]
(pass) sidecar tool path safety > rejects traversal uncommitted and hidden entries [497.11ms]
(pass) sidecar tool path safety > #given memory traversal system and symlink paths #when read #then each is rejected structurally [609.77ms]
(pass) sidecar tool path safety > #given grep on an escaping path #when called #then it is rejected and symlinked files are not followed [321.62ms]

packages/omo-senpi/src/components/memory/kibitzer/tools/grep.test.ts:
(pass) kibitzer grep budgets > #given a tree inside every budget #when grep runs #then the result is byte-identical to the pre-change output [19.11ms]
(pass) kibitzer grep budgets > #given a git workspace with nothing ignored #when grep runs #then the result is byte-identical to the walk output [64.61ms]
(pass) kibitzer grep budgets > #given more files than the file budget #when grep runs #then it stops at files and keeps the matches scanned so far [19.93ms]
(pass) kibitzer grep budgets > #given a byte budget smaller than the tree #when grep runs #then it stops at bytes after the file it already read [21.09ms]
(pass) kibitzer grep budgets > #given a clock past the time budget #when grep runs #then it stops at time with the matches found so far [20.19ms]
(pass) kibitzer grep budgets > #given an already aborted turn #when grep runs #then it stops at aborted without reading a file [1.14ms]
(pass) kibitzer grep budgets > #given a turn aborted mid-scan #when grep runs #then it stops at aborted and keeps the matches found so far [19.89ms]
(pass) kibitzer grep budgets > #given more matches than the match cap #when grep runs #then it stops at matches [24.97ms]
(pass) kibitzer grep gitignore > #given a git workspace #when a file is gitignored #then grep never reports a match inside it [58.93ms]
(pass) kibitzer grep gitignore > #given git failing on the workspace #when grep runs #then it falls back to the plain walk [28.75ms]

packages/omo-senpi/src/components/memory/kibitzer/tools/memory.test.ts:
(pass) memory tool (read-only) > #given committed memories #when search runs #then only corpus-verified paths are returned and recorded for nudging [646.22ms]
(pass) memory tool (read-only) > #given a search cap #when many memories match #then the result is bounded [1072.92ms]
(pass) memory tool (read-only) > #given a committed memory #when read #then the committed body is returned redacted and capped [508.18ms]
(pass) memory tool (read-only) > #given a searched path that was never offered #when nudged #then the nudge is accepted from the lifetime union [484.22ms]
(pass) memory tool (read-only) > #given a surfaced path #when nudged #then it is rejected even though it was offered [290.19ms]
(pass) memory tool (read-only) > #given an unknown operation #when called #then a structured rejection names the allowed operations [293.53ms]

32 tests skipped:
(skip) #given a native Linux runtime #when directory identity is checked #then secure traversal support is active
(skip) #given bounded observation root enumeration fails #when snapshotDirectory runs #then inaccessible IO is structured and incomplete while absence is empty-complete
(skip) #given persistent entries exceed maxEntries #when the directory is enumerated #then readSync stops after bounded lookahead
(skip) #given a persistent file appears after enumeration #when final directory metadata is checked #then the snapshot fails closed
(skip) #given root ENOENT hides a regular parent #when snapshotDirectory diagnoses the boundary #then it remains incomplete
(skip) #given pre-open metadata changed and current-path diagnostic stat fails #when public readers report the race #then the established replacement error wins
(skip) #given a primary read error and failing shrink diagnostic #when an observed file is hashed #then the primary read error is preserved
(skip) #given a primary read error and a successful shrink diagnostic #when an observed file is hashed #then the primary read error is preserved
(skip) #given directory traversal and close both fail #when the tree is snapshotted #then the traversal error remains primary
(skip) #given post-open directory replacement and failing closes #when setup aborts #then both handles close and replacement remains primary
(skip) #given successful raw directory traversal and descriptor close failure #when the tree is snapshotted #then the close error surfaces
(skip) #given successful directory traversal and close failure #when the tree is snapshotted #then the close error surfaces
(skip) #given a regular file uses a volatile directory name #when the tree is snapshotted #then it remains observable and persistent
(skip) #given a regular file becomes a symlink after reading #when final identity is checked #then the symlink target is never dereferenced
(skip) #given a regular file is replaced by a symlink before hashing #when the tree is snapshotted #then the symlink target is never dereferenced
(skip) task 13 senpi QA scripts > #given settings.json changes only its interactive stamps #when the complete-tree snapshot is compared #then the home is untouched
(skip) #given nested nonvolatile files within bounds #when scanned #then the relevant observation domain is complete
(skip) #given volatile root entries precede one persistent file #when scanned at exact budgets #then volatility consumes no budget
(skip) #given a volatile log precedes one persistent file #when scanned at the entry limit #then the log consumes no entry budget
(skip) #given a missing root and empty directories #when snapshots are compared #then persistent directory creation and deletion are observed
(skip) #given a tree beyond the file bound #when observed #then truncation is explicit and never complete
(skip) #given files exceed the byte budget #when observed #then descriptor reads never exceed maxBytes
(skip) #given a file shrinks after traversal #when observed #then short read is explicit and incomplete
(skip) #given a file grows while hashing #when observed #then growth is explicit and incomplete
(skip) #given a path is replaced after open #when observed #then replacement is explicit and incomplete
(skip) #given one file exceeds the byte budget #when observed #then truncation occurs without reading or BYTE_LIMIT errors
(skip) #given the production task driver #when process mode runs on Windows #then it reaches a real RPC child
(skip) #given a persistent symlink is created and retargeted #when snapshots are compared #then both changes are observed without following targets
(skip) #given a symlink escapes the observation root #when its target contents change #then the link digest stays stable
(skip) #given an enumerated directory is replaced by an external symlink before recursive open #when observed #then traversal fails closed without dereferencing
(skip) #given an incomplete broad real-home observation and complete controlled roots #when verdicts are built #then broad certification fails closed while the scoped lane certifies
(skip) #given a persistent write in one controlled root #when the scoped verdict is built #then the lane reports the qualified path and fails closed

 3738 pass
 32 skip
 0 fail
 13944 expect() calls
Ran 3770 tests across 451 files. [349.31s]
bun test v1.4.2 (744846f84)

.agents/skills/senpi-qa/scripts/resolve-evidence-dir.test.mjs:
(pass) resolveEvidenceDir > #given a git worktree and a safe slug #when resolved #then it returns the canonical adapter evidence directory [1.67ms]
(pass) resolveEvidenceDir > #given a relative git worktree path #when resolved #then it still returns an absolute evidence directory [0.59ms]
(pass) resolveEvidenceDir > #given a resolved evidence path #when the resolver returns #then it has created no directory [0.51ms]
(pass) resolveEvidenceDir > #given the adapter evidence root #when it is the declared relative root #then it stays under .omo/evidence [0.13ms]
(pass) resolveEvidenceDir > #given an unsafe slug #when resolved #then it is rejected before any path is produced [4.34ms]
(pass) resolveEvidenceDir > #given a directory that is not a git worktree #when resolved #then it is rejected [0.45ms]
(pass) resolveEvidenceDir > #given a rejected slug #when the error surfaces #then it names the offending slug for the operator [0.54ms]
(pass) resolveEvidenceDir > #given the documented Node CLI #when valid and invalid slugs run #then stdout and exit codes enforce the contract [86.54ms]
(pass) resolveEvidenceDir > #given a symlink to the documented Node CLI #when invoked #then the entrypoint still enforces the contract [45.15ms]
(pass) resolveEvidenceDir > #given an embedding runner with a missing argv path #when the module is imported #then exports still load [44.43ms]

 10 pass
 0 fail
 31 expect() calls
Ran 10 tests across 1 file. [1.78s]
